[21:32:09.784][I][app:151]: ESPHome version 2026.8.2 compiled on 2026-09-16 14:32:15 +0300
[21:32:09.793][I][app:158]: ESP32 Chip: ESP32-S3 rev0.2, 2 core(s)
[21:32:09.801][C][logger:223]: Logger:
[21:32:09.801][C][logger:223]:   Max Level: DEBUG
[21:32:09.801][C][logger:223]:   Initial Level: DEBUG
[21:32:09.833][C][logger:230]:   Log Baud Rate: 0
[21:32:09.833][C][logger:230]:   Hardware UART: USB_SERIAL_JTAG
[21:32:09.850][C][logger:239]:   Task Log Buffer Size: 768 bytes
[21:32:09.857][C][uart.idf:254]: UART Bus 0:
[21:32:09.865][C][uart.idf:131]:   RX Pin: GPIO4
[21:32:09.872][C][uart.idf:259]:   RX Buffer Size: 1024
[21:32:09.872][C][uart.idf:259]:   RX Full Threshold: 8
[21:32:09.872][C][uart.idf:259]:   RX Timeout: 2
[21:32:09.897][C][uart.idf:268]:   Baud Rate: 9600 baud
[21:32:09.897][C][uart.idf:268]:   Data Bits: 8
[21:32:09.897][C][uart.idf:268]:   Parity: NONE
[21:32:09.897][C][uart.idf:268]:   Stop bits: 1
[21:32:09.897][C][uart.idf:268]:   Wake on data RX: ENABLED
[21:32:09.941][C][template.binary_sensor:016]: Template Binary Sensor 'Washer Powered'
[21:32:10.008][C][template.binary_sensor:196]:   Device Class: 'power'
[21:32:10.014][C][template.binary_sensor:016]: Template Binary Sensor 'Program Running (Derived)'
[21:32:10.019][C][template.binary_sensor:196]:   Device Class: 'running'
[21:32:10.025][C][uptime.sensor:017]: Uptime Sensor 'Uptime s'
[21:32:10.025][C][uptime.sensor:017]:   State Class: 'total_increasing'
[21:32:10.025][C][uptime.sensor:017]:   Unit of Measurement: 's'
[21:32:10.025][C][uptime.sensor:017]:   Accuracy Decimals: 0
[21:32:10.066][C][uptime.sensor:196]:   Device Class: 'duration'
[21:32:10.141][C][uptime.sensor:187]:   Icon: 'mdi:timer-outline'
[21:32:10.147][C][uptime.sensor:019]:   Type: Seconds
[21:32:10.156][C][template.text_sensor:016]: Template Sensor 'Uptime'
[21:32:10.162][C][template.text_sensor:187]:   Icon: 'mdi:clock-start'
[21:32:10.172][C][bshdbus:052]: BSH D-Bus:
[21:32:10.177][C][status:016]: Status Binary Sensor 'Status'
[21:32:10.192][C][status:196]:   Device Class: 'connectivity'
[21:32:10.198][C][bshdbus.binary_sensor:011]: BSH D-Bus Binary Sensor:
[21:32:10.205][C][bshdbus.binary_sensor:015]:   Dest node: 0x14
[21:32:10.212][C][bshdbus.binary_sensor:020]:   Command: 0x1007
[21:32:10.218][C][bshdbus.binary_sensor:022]:   Binary Sensors:
[21:32:10.229][C][bshdbus.binary_sensor:016]:   - 'Water Plus'
[21:32:10.239][C][bshdbus.binary_sensor:016]:   - 'Speed Perfect'
[21:32:10.245][C][bshdbus.binary_sensor:016]:   - 'Stain Selection'
[21:32:10.252][C][bshdbus.binary_sensor:016]:   - 'Pre-wash'
[21:32:10.259][C][bshdbus.binary_sensor:016]:   - 'Anti-crease'
[21:32:10.265][C][bshdbus.binary_sensor:011]: BSH D-Bus Binary Sensor:
[21:32:10.289][C][bshdbus.binary_sensor:015]:   Dest node: 0x14
[21:32:10.298][C][bshdbus.binary_sensor:020]:   Command: 0x1008
[21:32:10.304][C][bshdbus.binary_sensor:022]:   Binary Sensors:
[21:32:10.315][C][bshdbus.binary_sensor:016]:   - 'No Spin'
[21:32:10.321][C][bshdbus.binary_sensor:011]: BSH D-Bus Binary Sensor:
[21:32:10.328][C][bshdbus.binary_sensor:015]:   Dest node: 0x15
[21:32:10.334][C][bshdbus.binary_sensor:020]:   Command: 0x1100
[21:32:10.342][C][bshdbus.binary_sensor:022]:   Binary Sensors:
[21:32:10.348][C][bshdbus.binary_sensor:016]:   - 'Start Button'
[21:32:10.354][C][bshdbus.binary_sensor:011]: BSH D-Bus Binary Sensor:
[21:32:10.360][C][bshdbus.binary_sensor:015]:   Dest node: 0x26
[21:32:10.368][C][bshdbus.binary_sensor:020]:   Command: 0x1701
[21:32:10.379][C][bshdbus.binary_sensor:022]:   Binary Sensors:
[21:32:10.385][C][bshdbus.binary_sensor:016]:   - 'Wash Program Started'
[21:32:10.391][C][bshdbus.binary_sensor:011]: BSH D-Bus Binary Sensor:
[21:32:10.402][C][bshdbus.binary_sensor:015]:   Dest node: 0x26
[21:32:10.408][C][bshdbus.binary_sensor:020]:   Command: 0x1200
[21:32:10.414][C][bshdbus.binary_sensor:022]:   Binary Sensors:
[21:32:10.424][C][bshdbus.binary_sensor:016]:   - 'Door Open'
[21:32:10.430][C][bshdbus.binary_sensor:196]:     Device Class: 'door'
[21:32:10.443][C][bshdbus.binary_sensor:016]:   - 'Door Lock'
[21:32:10.451][C][bshdbus.binary_sensor:196]:     Device Class: 'lock'
[21:32:10.462][C][bshdbus.binary_sensor:011]: BSH D-Bus Binary Sensor:
[21:32:10.468][C][bshdbus.binary_sensor:015]:   Dest node: 0x26
[21:32:10.476][C][bshdbus.binary_sensor:020]:   Command: 0x1101
[21:32:10.482][C][bshdbus.binary_sensor:022]:   Binary Sensors:
[21:32:10.488][C][bshdbus.binary_sensor:016]:   - 'Program Running'
[21:32:10.494][C][bshdbus.binary_sensor:196]:     Device Class: 'running'
[21:32:10.502][C][internal_temperature:017]: Internal Temperature Sensor 'ESP Internal Temperature'
[21:32:10.502][C][internal_temperature:017]:   State Class: 'measurement'
[21:32:10.502][C][internal_temperature:017]:   Unit of Measurement: '°C'
[21:32:10.502][C][internal_temperature:017]:   Accuracy Decimals: 1
[21:32:10.526][C][internal_temperature:196]:   Device Class: 'temperature'
[21:32:10.536][C][bshdbus.sensor:011]: BSH D-Bus Sensor:
[21:32:10.547][C][bshdbus.sensor:015]:   Dest node: 0x14
[21:32:10.556][C][bshdbus.sensor:020]:   Command: 0x1006
[21:32:10.563][C][bshdbus.sensor:022]:   Sensors:
[21:32:10.573][C][bshdbus.sensor:017]:   - 'Spin Speed'
[21:32:10.573][C][bshdbus.sensor:017]:     State Class: 'measurement'
[21:32:10.573][C][bshdbus.sensor:017]:     Unit of Measurement: 'rpm'
[21:32:10.573][C][bshdbus.sensor:017]:     Accuracy Decimals: 0
[21:32:10.597][C][bshdbus.sensor:196]:     Device Class: 'speed'
[21:32:10.604][C][bshdbus.sensor:011]: BSH D-Bus Sensor:
[21:32:10.612][C][bshdbus.sensor:015]:   Dest node: 0x16
[21:32:10.619][C][bshdbus.sensor:020]:   Command: 0x3015
[21:32:10.625][C][bshdbus.sensor:022]:   Sensors:
[21:32:10.631][C][bshdbus.sensor:017]:   - 'Drum Speed (current)'
[21:32:10.631][C][bshdbus.sensor:017]:     State Class: ''
[21:32:10.631][C][bshdbus.sensor:017]:     Unit of Measurement: 'rpm'
[21:32:10.631][C][bshdbus.sensor:017]:     Accuracy Decimals: 0
[21:32:10.693][C][bshdbus.sensor:196]:     Device Class: 'speed'
[21:32:10.714][C][bshdbus.sensor:011]: BSH D-Bus Sensor:
[21:32:10.745][C][bshdbus.sensor:015]:   Dest node: 0x17
[21:32:10.768][C][bshdbus.sensor:020]:   Command: 0x4010
[21:32:10.800][C][bshdbus.sensor:022]:   Sensors:
[21:32:10.835][C][bshdbus.sensor:017]:   - 'Imbalance X'
[21:32:10.835][C][bshdbus.sensor:017]:     State Class: ''
[21:32:10.835][C][bshdbus.sensor:017]:     Unit of Measurement: ''
[21:32:10.835][C][bshdbus.sensor:017]:     Accuracy Decimals: 0
[21:32:10.886][C][bshdbus.sensor:187]:     Icon: 'mdi:axis-x-rotate-clockwise'
[21:32:10.893][C][bshdbus.sensor:017]:   - 'Imbalance Z'
[21:32:10.893][C][bshdbus.sensor:017]:     State Class: ''
[21:32:10.893][C][bshdbus.sensor:017]:     Unit of Measurement: ''
[21:32:10.893][C][bshdbus.sensor:017]:     Accuracy Decimals: 0
[21:32:10.924][C][bshdbus.sensor:187]:     Icon: 'mdi:axis-z-rotate-clockwise'
[21:32:10.930][C][bshdbus.sensor:017]:   - 'Imbalance Y'
[21:32:10.930][C][bshdbus.sensor:017]:     State Class: ''
[21:32:10.930][C][bshdbus.sensor:017]:     Unit of Measurement: ''
[21:32:10.930][C][bshdbus.sensor:017]:     Accuracy Decimals: 0
[21:32:10.974][C][bshdbus.sensor:187]:     Icon: 'mdi:axis-y-rotate-clockwise'
[21:32:10.980][C][bshdbus.sensor:011]: BSH D-Bus Sensor:
[21:32:10.987][C][bshdbus.sensor:015]:   Dest node: 0x2a
[21:32:10.994][C][bshdbus.sensor:020]:   Command: 0x1600
[21:32:11.003][C][bshdbus.sensor:022]:   Sensors:
[21:32:11.009][C][bshdbus.sensor:017]:   - 'Remaining Time'
[21:32:11.009][C][bshdbus.sensor:017]:     State Class: 'measurement'
[21:32:11.009][C][bshdbus.sensor:017]:     Unit of Measurement: 'min'
[21:32:11.009][C][bshdbus.sensor:017]:     Accuracy Decimals: 0
[21:32:11.034][C][bshdbus.sensor:196]:     Device Class: 'duration'
[21:32:11.040][C][bshdbus.sensor:011]: BSH D-Bus Sensor:
[21:32:11.046][C][bshdbus.sensor:015]:   Dest node: 0x14
[21:32:11.055][C][bshdbus.sensor:020]:   Command: 0x1004
[21:32:11.060][C][bshdbus.sensor:022]:   Sensors:
[21:32:11.067][C][bshdbus.sensor:017]:   - 'Temperature'
[21:32:11.067][C][bshdbus.sensor:017]:     State Class: 'measurement'
[21:32:11.067][C][bshdbus.sensor:017]:     Unit of Measurement: '°C'
[21:32:11.067][C][bshdbus.sensor:017]:     Accuracy Decimals: 0
[21:32:11.106][C][bshdbus.sensor:196]:     Device Class: 'temperature'
[21:32:11.111][C][bshdbus.sensor:187]:     Icon: 'mdi:thermometer'
[21:32:11.122][C][bshdbus.sensor:011]: BSH D-Bus Sensor:
[21:32:11.140][C][bshdbus.sensor:015]:   Dest node: 0x14
[21:32:11.165][C][bshdbus.sensor:020]:   Command: 0x1007
[21:32:11.173][C][bshdbus.sensor:022]:   Sensors:
[21:32:11.189][C][bshdbus.sensor:017]:   - 'Extra Rinse'
[21:32:11.189][C][bshdbus.sensor:017]:     State Class: ''
[21:32:11.189][C][bshdbus.sensor:017]:     Unit of Measurement: ''
[21:32:11.189][C][bshdbus.sensor:017]:     Accuracy Decimals: 0
[21:32:11.228][C][bshdbus.sensor:187]:     Icon: 'mdi:water-plus-outline'
[21:32:11.232][C][bshdbus.text_sensor:011]: BSH D-Bus Text Sensor:
[21:32:11.238][C][bshdbus.text_sensor:015]:   Dest node: 0x14
[21:32:11.243][C][bshdbus.text_sensor:020]:   Command: 0x1005
[21:32:11.250][C][bshdbus.text_sensor:022]:   Text Sensors:
[21:32:11.260][C][bshdbus.text_sensor:016]:   - 'Wash Program'
[21:32:11.268][C][bshdbus.text_sensor:187]:     Icon: 'mdi:numeric'
[21:32:11.275][C][bshdbus.text_sensor:011]: BSH D-Bus Text Sensor:
[21:32:11.283][C][bshdbus.text_sensor:015]:   Dest node: 0x14
[21:32:11.290][C][bshdbus.text_sensor:020]:   Command: 0x1007
[21:32:11.299][C][bshdbus.text_sensor:022]:   Text Sensors:
[21:32:11.306][C][bshdbus.text_sensor:016]:   - 'Wash Mode'
[21:32:11.317][C][bshdbus.text_sensor:187]:     Icon: 'mdi:tune-variant'
[21:32:11.325][C][bshdbus.text_sensor:011]: BSH D-Bus Text Sensor:
[21:32:11.330][C][bshdbus.text_sensor:015]:   Dest node: 0x16
[21:32:11.337][C][bshdbus.text_sensor:020]:   Command: 0x3015
[21:32:11.344][C][bshdbus.text_sensor:022]:   Text Sensors:
[21:32:11.352][C][bshdbus.text_sensor:016]:   - 'Current Rotation Direction'
[21:32:11.362][C][bshdbus.text_sensor:187]:     Icon: 'mdi:crop-rotate'
[21:32:11.368][C][bshdbus.text_sensor:011]: BSH D-Bus Text Sensor:
[21:32:11.374][C][bshdbus.text_sensor:015]:   Dest node: 0x26
[21:32:11.381][C][bshdbus.text_sensor:020]:   Command: 0x1200
[21:32:11.388][C][bshdbus.text_sensor:022]:   Text Sensors:
[21:32:11.395][C][bshdbus.text_sensor:016]:   - 'Door'
[21:32:11.402][C][bshdbus.text_sensor:187]:     Icon: 'mdi:door'
[21:32:11.411][C][bshdbus.text_sensor:011]: BSH D-Bus Text Sensor:
[21:32:11.418][C][bshdbus.text_sensor:015]:   Dest node: 0x26
[21:32:11.426][C][bshdbus.text_sensor:020]:   Command: 0x1020
[21:32:11.432][C][bshdbus.text_sensor:022]:   Text Sensors:
[21:32:11.440][C][bshdbus.text_sensor:016]:   - 'Program Step'
[21:32:11.452][C][bshdbus.text_sensor:187]:     Icon: 'mdi:map-marker-path'
[21:32:11.515][C][bshdbus.text_sensor:011]: BSH D-Bus Text Sensor:
[21:32:11.520][C][bshdbus.text_sensor:015]:   Dest node: 0x26
[21:32:11.526][C][bshdbus.text_sensor:020]:   Command: 0x1101
[21:32:11.533][C][bshdbus.text_sensor:022]:   Text Sensors:
[21:32:11.552][C][bshdbus.text_sensor:016]:   - 'Status'
[21:32:11.560][C][bshdbus.text_sensor:187]:     Icon: 'mdi:state-machine'
[21:32:11.581][C][wifi_info:016]: SSID 'SSID'
[21:32:11.587][C][wifi_info:016]: BSSID 'BSSID'
[21:32:11.594][C][wifi_info:016]: MAC Address 'MAC'
[21:32:11.600][C][wifi_info:016]: IP Address 'IP'
[21:32:11.606][C][version.text_sensor:016]: Version Text Sensor 'ESPHome Version'
[21:32:11.612][C][version.text_sensor:187]:   Icon: 'mdi:new-box'
[21:32:11.617][C][restart.button:014]: Restart Button 'Restart'
[21:32:11.623][C][restart.button:187]:   Icon: 'mdi:restart'
[21:32:11.628][C][esp32_ble:791]: Bluetooth stack is not enabled
[21:32:11.635][C][wifi:1565]: WiFi:
[21:32:11.635][C][wifi:1565]:   Local MAC: 28:84:85:6B:3D:AC
[21:32:11.635][C][wifi:1565]:   Connected: YES
[21:32:11.653][C][wifi:1268]:   IP Address: 192.168.200.100
[21:32:11.658][C][wifi:1279]:   SSID: '888_Network_IOT'
[21:32:11.658][C][wifi:1279]:   BSSID: 8E:78:48:12:EC:F5
[21:32:11.658][C][wifi:1279]:   Hostname: 'esp32-bsh-washer'
[21:32:11.658][C][wifi:1279]:   Signal strength: -72 dB ▂▄▆█
[21:32:11.658][C][wifi:1279]:   Channel: 6
[21:32:11.658][C][wifi:1279]:   Subnet: 255.255.255.0
[21:32:11.658][C][wifi:1279]:   Gateway: 192.168.200.1
[21:32:11.658][C][wifi:1279]:   DNS1: 192.168.1.1
[21:32:11.658][C][wifi:1279]:   DNS2: 0.0.0.0
[21:32:11.742][C][sntp:058]: SNTP Time:
[21:32:11.747][C][sntp:061]:   Server 0: '0.pool.ntp.org'
[21:32:11.753][C][sntp:061]:   Server 1: '1.pool.ntp.org'
[21:32:11.759][C][sntp:061]:   Server 2: '2.pool.ntp.org'
[21:32:11.764][C][time:051]: Timezone: UTC+3:00
[21:32:11.773][C][time:055]: Current time: 2026-09-16 21:32:34
[21:32:11.778][C][esphome.ota:098]: Over-The-Air updates:
[21:32:11.778][C][esphome.ota:098]:   Address: esp32-bsh-washer.iot.home.to4ko.ru:3232
[21:32:11.778][C][esphome.ota:098]:   Version: 2
[21:32:11.799][C][safe_mode:058]: Safe Mode:
[21:32:11.799][C][safe_mode:058]:   Successful after: 60s
[21:32:11.799][C][safe_mode:058]:   Invoke after: 5 attempts
[21:32:11.799][C][safe_mode:058]:   Duration: 900s
[21:32:11.826][C][safe_mode:079]:   Bootloader rollback: support unknown
[21:32:11.836][C][api:271]: Server:
[21:32:11.836][C][api:271]:   Address: esp32-bsh-washer.iot.home.to4ko.ru:6053
[21:32:11.836][C][api:271]:   Listen backlog: 4
[21:32:11.836][C][api:271]:   Max connections: 5
[21:32:11.864][C][api:283]:   Noise encryption: NO
[21:32:11.870][C][wifi_signal.sensor:017]: WiFi Signal 'WiFi RSSI'
[21:32:11.870][C][wifi_signal.sensor:017]:   State Class: 'measurement'
[21:32:11.870][C][wifi_signal.sensor:017]:   Unit of Measurement: 'dBm'
[21:32:11.870][C][wifi_signal.sensor:017]:   Accuracy Decimals: 0
[21:32:11.900][C][wifi_signal.sensor:196]:   Device Class: 'signal_strength'
[21:32:11.913][C][mdns:259]: mDNS:
[21:32:11.913][C][mdns:259]:   Hostname: esp32-bsh-washer
[21:32:11.925][D][main:664]: Received frame dest 0x0f cmd 0xe000: 0x05
[21:32:11.931][D][bshdbus:090]: Missed ACK for dest 0x0f of preceding frame
[21:32:11.945][D][bshdbus:061]: Discarding 1 bytes of unparsed data after timeout of 24 ms: 0x0a
[21:32:11.952][D][main:664]: Received frame dest 0x1f cmd 0xe001: 0x0502
[21:32:13.336][D][main:664]: Received frame dest 0x0f cmd 0xe000: 0x05
[21:32:13.355][D][bshdbus:090]: Missed ACK for dest 0x0f of preceding frame
[21:32:13.362][D][bshdbus:061]: Discarding 1 bytes of unparsed data after timeout of 24 ms: 0x0a
[21:32:13.371][D][main:664]: Received frame dest 0x1f cmd 0xe001: 0x0502
[21:32:15.322][D][main:664]: Received frame dest 0x0f cmd 0xe000: 0x05
[21:32:15.330][D][bshdbus:090]: Missed ACK for dest 0x0f of preceding frame
[21:32:15.378][D][bshdbus:061]: Discarding 10 bytes of unparsed data after timeout of 32 ms: 0x0a041fe00105020b6f1a
[21:32:17.334][D][main:664]: Received frame dest 0x0f cmd 0xe000: 0x05
[21:32:17.342][D][bshdbus:090]: Missed ACK for dest 0x0f of preceding frame
[21:32:17.358][D][bshdbus:061]: Discarding 1 bytes of unparsed data after timeout of 25 ms: 0x0a
[21:32:17.364][D][main:664]: Received frame dest 0x1f cmd 0xe001: 0x0502
[21:32:19.321][D][main:664]: Received frame dest 0x0f cmd 0xe000: 0x05
[21:32:19.329][D][bshdbus:090]: Missed ACK for dest 0x0f of preceding frame
[21:32:19.389][D][bshdbus:061]: Discarding 10 bytes of unparsed data after timeout of 32 ms: 0x0a041fe00105020b6f1a
[21:32:19.531][S][sensor]: 'ESP Internal Temperature' >> 54.3 °C
[21:32:19.886][S][sensor]: 'Uptime s' >> 362 s
[21:32:20.241][S][sensor]: 'WiFi RSSI' >> -73 dBm
[21:32:21.330][D][main:664]: Received frame dest 0x0f cmd 0xe000: 0x05
[21:32:21.336][D][bshdbus:090]: Missed ACK for dest 0x0f of preceding frame
[21:32:21.354][D][bshdbus:061]: Discarding 1 bytes of unparsed data after timeout of 24 ms: 0x0a
[21:32:21.361][D][main:664]: Received frame dest 0x1f cmd 0xe001: 0x0502
[21:32:21.744][S][text_sensor]: 'Uptime' >> '00d 00h 6m 2s'
[21:32:23.339][D][main:664]: Received frame dest 0x0f cmd 0xe000: 0x05
[21:32:23.374][D][bshdbus:090]: Missed ACK for dest 0x0f of preceding frame
[21:32:23.388][D][bshdbus:061]: Discarding 10 bytes of unparsed data after timeout of 32 ms: 0x0a041fe00105020b6f1a
[21:32:25.348][D][main:664]: Received frame dest 0x0f cmd 0xe000: 0x05
[21:32:25.355][D][bshdbus:090]: Missed ACK for dest 0x0f of preceding frame
[21:32:25.374][D][bshdbus:061]: Discarding 1 bytes of unparsed data after timeout of 27 ms: 0x0a
[21:32:25.380][D][main:664]: Received frame dest 0x1f cmd 0xe001: 0x0502
[21:32:27.427][D][main:664]: Received frame dest 0x0f cmd 0xe000: 0x05
[21:32:27.441][D][bshdbus:090]: Missed ACK for dest 0x0f of preceding frame
[21:32:27.448][D][bshdbus:061]: Discarding 10 bytes of unparsed data after timeout of 32 ms: 0x0a041fe00105020b6f1a
[21:32:29.365][D][main:664]: Received frame dest 0x0f cmd 0xe000: 0x05
[21:32:29.377][D][bshdbus:090]: Missed ACK for dest 0x0f of preceding frame
[21:32:29.438][D][bshdbus:061]: Discarding 10 bytes of unparsed data after timeout of 32 ms: 0x0a041fe00105020b6f1a
[21:32:31.356][D][main:664]: Received frame dest 0x0f cmd 0xe000: 0x05
[21:32:31.371][D][bshdbus:090]: Missed ACK for dest 0x0f of preceding frame
[21:32:31.384][D][bshdbus:061]: Discarding 1 bytes of unparsed data after timeout of 26 ms: 0x0a
[21:32:31.401][D][main:664]: Received frame dest 0x1f cmd 0xe001: 0x0502
[21:32:33.366][D][main:664]: Received frame dest 0x0f cmd 0xe000: 0x05
[21:32:33.384][D][bshdbus:090]: Missed ACK for dest 0x0f of preceding frame
[21:32:33.393][D][bshdbus:061]: Discarding 1 bytes of unparsed data after timeout of 22 ms: 0x0a
[21:32:33.403][D][main:664]: Received frame dest 0x1f cmd 0xe001: 0x0502
[21:32:35.357][D][main:664]: Received frame dest 0x0f cmd 0xe000: 0x05
[21:32:35.366][D][bshdbus:090]: Missed ACK for dest 0x0f of preceding frame
[21:32:35.381][D][bshdbus:061]: Discarding 1 bytes of unparsed data after timeout of 24 ms: 0x0a
[21:32:35.395][D][main:664]: Received frame dest 0x1f cmd 0xe001: 0x0502
[21:32:37.365][D][main:664]: Received frame dest 0x0f cmd 0xe000: 0x05
[21:32:37.396][D][bshdbus:090]: Missed ACK for dest 0x0f of preceding frame
[21:32:37.402][D][bshdbus:061]: Discarding 1 bytes of unparsed data after timeout of 25 ms: 0x0a
[21:32:37.409][D][main:664]: Received frame dest 0x1f cmd 0xe001: 0x0502
[21:32:39.374][D][main:664]: Received frame dest 0x0f cmd 0xe000: 0x05
[21:32:39.381][D][bshdbus:090]: Missed ACK for dest 0x0f of preceding frame
[21:32:39.403][D][bshdbus:061]: Discarding 1 bytes of unparsed data after timeout of 29 ms: 0x0a
[21:32:39.409][D][main:664]: Received frame dest 0x1f cmd 0xe001: 0x0502
[21:32:41.366][D][main:664]: Received frame dest 0x0f cmd 0xe000: 0x05
[21:32:41.394][D][bshdbus:090]: Missed ACK for dest 0x0f of preceding frame
[21:32:41.399][D][bshdbus:061]: Discarding 1 bytes of unparsed data after timeout of 23 ms: 0x0a
[21:32:41.409][D][main:664]: Received frame dest 0x1f cmd 0xe001: 0x0502
[21:32:43.374][D][main:664]: Received frame dest 0x0f cmd 0xe000: 0x05
[21:32:43.382][D][bshdbus:090]: Missed ACK for dest 0x0f of preceding frame
[21:32:43.401][D][bshdbus:061]: Discarding 1 bytes of unparsed data after timeout of 27 ms: 0x0a
[21:32:43.413][D][main:664]: Received frame dest 0x1f cmd 0xe001: 0x0502
[21:32:45.383][D][main:664]: Received frame dest 0x0f cmd 0xe000: 0x05
[21:32:45.390][D][bshdbus:090]: Missed ACK for dest 0x0f of preceding frame
[21:32:45.431][D][bshdbus:061]: Discarding 10 bytes of unparsed data after timeout of 32 ms: 0x0a041fe00105020b6f1a
[21:32:47.394][D][main:664]: Received frame dest 0x0f cmd 0xe000: 0x05
[21:32:47.401][D][bshdbus:090]: Missed ACK for dest 0x0f of preceding frame
[21:32:47.421][D][bshdbus:061]: Discarding 1 bytes of unparsed data after timeout of 22 ms: 0x0a
[21:32:47.428][D][main:664]: Received frame dest 0x1f cmd 0xe001: 0x0502
[21:32:49.392][D][main:664]: Received frame dest 0x0f cmd 0xe000: 0x05
[21:32:49.399][D][bshdbus:090]: Missed ACK for dest 0x0f of preceding frame
[21:32:49.437][D][bshdbus:061]: Discarding 10 bytes of unparsed data after timeout of 32 ms: 0x0a041fe00105020b6f1a
[21:32:51.391][D][main:664]: Received frame dest 0x0f cmd 0xe000: 0x05
[21:32:51.402][D][bshdbus:090]: Missed ACK for dest 0x0f of preceding frame
[21:32:51.442][D][bshdbus:061]: Discarding 1 bytes of unparsed data after timeout of 24 ms: 0x0a
[21:32:51.448][D][main:664]: Received frame dest 0x1f cmd 0xe001: 0x0502
[21:32:53.400][D][main:664]: Received frame dest 0x0f cmd 0xe000: 0x05
[21:32:53.420][D][bshdbus:090]: Missed ACK for dest 0x0f of preceding frame
[21:32:53.428][D][bshdbus:061]: Discarding 1 bytes of unparsed data after timeout of 22 ms: 0x0a
[21:32:53.434][D][main:664]: Received frame dest 0x1f cmd 0xe001: 0x0502
[21:32:55.390][D][main:664]: Received frame dest 0x0f cmd 0xe000: 0x05
[21:32:55.436][D][bshdbus:090]: Missed ACK for dest 0x0f of preceding frame
[21:32:55.447][D][bshdbus:061]: Discarding 1 bytes of unparsed data after timeout of 26 ms: 0x0a
[21:32:55.453][D][main:664]: Received frame dest 0x1f cmd 0xe001: 0x0502
[21:32:57.400][D][main:664]: Received frame dest 0x0f cmd 0xe000: 0x05
[21:32:57.411][D][bshdbus:090]: Missed ACK for dest 0x0f of preceding frame
[21:32:57.455][D][bshdbus:061]: Discarding 10 bytes of unparsed data after timeout of 32 ms: 0x0a041fe00105020b6f1a
[21:32:59.439][D][main:664]: Received frame dest 0x0f cmd 0xe000: 0x05
[21:32:59.445][D][bshdbus:090]: Missed ACK for dest 0x0f of preceding frame
[21:32:59.450][D][bshdbus:061]: Discarding 1 bytes of unparsed data after timeout of 29 ms: 0x0a
[21:32:59.455][D][main:664]: Received frame dest 0x1f cmd 0xe001: 0x0502
[21:33:01.400][D][main:664]: Received frame dest 0x0f cmd 0xe000: 0x05
[21:33:01.406][D][bshdbus:090]: Missed ACK for dest 0x0f of preceding frame
[21:33:01.420][D][bshdbus:061]: Discarding 1 bytes of unparsed data after timeout of 21 ms: 0x0a
[21:33:01.426][D][main:664]: Received frame dest 0x1f cmd 0xe001: 0x0502
[21:33:03.434][D][main:664]: Received frame dest 0x0f cmd 0xe000: 0x05
[21:33:03.442][D][bshdbus:090]: Missed ACK for dest 0x0f of preceding frame
[21:33:03.467][D][bshdbus:061]: Discarding 10 bytes of unparsed data after timeout of 32 ms: 0x0a041fe00105020b6f1a
[21:33:05.417][D][main:664]: Received frame dest 0x0f cmd 0xe000: 0x05
[21:33:05.448][D][bshdbus:090]: Missed ACK for dest 0x0f of preceding frame
[21:33:05.467][D][bshdbus:061]: Discarding 10 bytes of unparsed data after timeout of 32 ms: 0x0a041fe00105020b6f1a
[21:33:07.427][D][main:664]: Received frame dest 0x0f cmd 0xe000: 0x05
[21:33:07.436][D][bshdbus:090]: Missed ACK for dest 0x0f of preceding frame
[21:33:07.495][D][bshdbus:061]: Discarding 10 bytes of unparsed data after timeout of 32 ms: 0x0a041fe00105020b6f1a
[21:33:09.418][D][main:664]: Received frame dest 0x0f cmd 0xe000: 0x05
[21:33:09.442][D][bshdbus:090]: Missed ACK for dest 0x0f of preceding frame
[21:33:09.472][D][bshdbus:061]: Discarding 10 bytes of unparsed data after timeout of 32 ms: 0x0a041fe00105020b6f1a
[21:33:11.426][D][main:664]: Received frame dest 0x0f cmd 0xe000: 0x05
[21:33:11.434][D][bshdbus:090]: Missed ACK for dest 0x0f of preceding frame
[21:33:11.447][D][bshdbus:061]: Discarding 1 bytes of unparsed data after timeout of 22 ms: 0x0a
[21:33:11.456][D][main:664]: Received frame dest 0x1f cmd 0xe001: 0x0502
[21:33:13.437][D][main:664]: Received frame dest 0x0f cmd 0xe000: 0x05
[21:33:13.467][D][bshdbus:090]: Missed ACK for dest 0x0f of preceding frame
[21:33:13.481][D][bshdbus:061]: Discarding 1 bytes of unparsed data after timeout of 23 ms: 0x0a
[21:33:13.494][D][main:664]: Received frame dest 0x1f cmd 0xe001: 0x0502
[21:33:15.426][D][main:664]: Received frame dest 0x0f cmd 0xe000: 0x05
[21:33:15.468][D][bshdbus:090]: Missed ACK for dest 0x0f of preceding frame
[21:33:15.477][D][bshdbus:061]: Discarding 1 bytes of unparsed data after timeout of 24 ms: 0x0a
[21:33:15.483][D][main:664]: Received frame dest 0x1f cmd 0xe001: 0x0502
[21:33:17.434][D][main:664]: Received frame dest 0x0f cmd 0xe000: 0x05
[21:33:17.442][D][bshdbus:090]: Missed ACK for dest 0x0f of preceding frame
[21:33:17.459][D][bshdbus:061]: Discarding 1 bytes of unparsed data after timeout of 24 ms: 0x0a
[21:33:17.465][D][main:664]: Received frame dest 0x1f cmd 0xe001: 0x0502
[21:33:19.461][D][main:664]: Received frame dest 0x0f cmd 0xe000: 0x05
[21:33:19.483][D][bshdbus:090]: Missed ACK for dest 0x0f of preceding frame
[21:33:19.489][D][bshdbus:061]: Discarding 1 bytes of unparsed data after timeout of 25 ms: 0x0a
[21:33:19.497][D][main:664]: Received frame dest 0x1f cmd 0xe001: 0x0502
[21:33:19.558][S][sensor]: 'ESP Internal Temperature' >> 54.3 °C
[21:33:19.884][S][sensor]: 'Uptime s' >> 422 s
[21:33:20.245][S][sensor]: 'WiFi RSSI' >> -72 dBm
[21:33:21.453][D][main:664]: Received frame dest 0x0f cmd 0xe000: 0x05
[21:33:21.461][D][bshdbus:090]: Missed ACK for dest 0x0f of preceding frame
[21:33:21.501][D][bshdbus:061]: Discarding 10 bytes of unparsed data after timeout of 32 ms: 0x0a041fe00105020b6f1a
[21:33:21.743][S][text_sensor]: 'Uptime' >> '00d 00h 7m 2s'
[21:33:23.443][D][main:664]: Received frame dest 0x0f cmd 0xe000: 0x05
[21:33:23.475][D][bshdbus:090]: Missed ACK for dest 0x0f of preceding frame
[21:33:23.486][D][bshdbus:061]: Discarding 1 bytes of unparsed data after timeout of 29 ms: 0x0a
[21:33:23.491][D][main:664]: Received frame dest 0x1f cmd 0xe001: 0x0502
[21:33:25.454][D][main:664]: Received frame dest 0x0f cmd 0xe000: 0x05
[21:33:25.460][D][bshdbus:090]: Missed ACK for dest 0x0f of preceding frame
[21:33:25.513][D][bshdbus:061]: Discarding 10 bytes of unparsed data after timeout of 32 ms: 0x0a041fe00105020b6f1a
[21:33:27.468][D][main:664]: Received frame dest 0x0f cmd 0xe000: 0x05
[21:33:27.479][D][bshdbus:090]: Missed ACK for dest 0x0f of preceding frame
[21:33:27.515][D][bshdbus:061]: Discarding 10 bytes of unparsed data after timeout of 33 ms: 0x0a041fe00105020b6f1a
[21:33:29.454][D][main:664]: Received frame dest 0x0f cmd 0xe000: 0x05
[21:33:29.495][D][bshdbus:090]: Missed ACK for dest 0x0f of preceding frame
[21:33:29.552][D][bshdbus:061]: Discarding 1 bytes of unparsed data after timeout of 23 ms: 0x0a
[21:33:29.567][D][main:664]: Received frame dest 0x1f cmd 0xe001: 0x0502
[21:33:31.461][D][main:664]: Received frame dest 0x0f cmd 0xe000: 0x05
[21:33:31.470][D][bshdbus:090]: Missed ACK for dest 0x0f of preceding frame
[21:33:31.487][D][bshdbus:061]: Discarding 1 bytes of unparsed data after timeout of 26 ms: 0x0a
[21:33:31.495][D][main:664]: Received frame dest 0x1f cmd 0xe001: 0x0502
[21:33:33.471][D][main:664]: Received frame dest 0x0f cmd 0xe000: 0x05
[21:33:33.477][D][bshdbus:090]: Missed ACK for dest 0x0f of preceding frame
[21:33:33.516][D][bshdbus:061]: Discarding 10 bytes of unparsed data after timeout of 32 ms: 0x0a041fe00105020b6f1a
[21:33:35.480][D][main:664]: Received frame dest 0x0f cmd 0xe000: 0x05
[21:33:35.488][D][bshdbus:090]: Missed ACK for dest 0x0f of preceding frame
[21:33:35.502][D][bshdbus:061]: Discarding 1 bytes of unparsed data after timeout of 24 ms: 0x0a
[21:33:35.509][D][main:664]: Received frame dest 0x1f cmd 0xe001: 0x0502
[21:33:37.469][D][main:664]: Received frame dest 0x0f cmd 0xe000: 0x05
[21:33:37.485][D][bshdbus:090]: Missed ACK for dest 0x0f of preceding frame
[21:33:37.515][D][bshdbus:061]: Discarding 10 bytes of unparsed data after timeout of 32 ms: 0x0a041fe00105020b6f1a
[21:33:39.519][D][main:664]: Received frame dest 0x0f cmd 0xe000: 0x05
[21:33:39.666][D][bshdbus:090]: Missed ACK for dest 0x0f of preceding frame
[21:33:39.675][D][bshdbus:061]: Discarding 10 bytes of unparsed data after timeout of 32 ms: 0x0a041fe00105020b6f1a
[21:33:41.489][D][main:664]: Received frame dest 0x0f cmd 0xe000: 0x05
[21:33:41.496][D][bshdbus:090]: Missed ACK for dest 0x0f of preceding frame
[21:33:41.512][D][bshdbus:061]: Discarding 1 bytes of unparsed data after timeout of 24 ms: 0x0a
[21:33:41.521][D][main:664]: Received frame dest 0x1f cmd 0xe001: 0x0502
[21:33:43.478][D][main:664]: Received frame dest 0x0f cmd 0xe000: 0x05
[21:33:43.494][D][bshdbus:090]: Missed ACK for dest 0x0f of preceding frame
[21:33:43.536][D][bshdbus:061]: Discarding 10 bytes of unparsed data after timeout of 32 ms: 0x0a041fe00105020b6f1a
[21:33:45.490][D][main:664]: Received frame dest 0x0f cmd 0xe000: 0x05
[21:33:45.497][D][bshdbus:090]: Missed ACK for dest 0x0f of preceding frame
[21:33:45.539][D][bshdbus:061]: Discarding 10 bytes of unparsed data after timeout of 32 ms: 0x0a041fe00105020b6f1a
[21:33:47.496][D][main:664]: Received frame dest 0x0f cmd 0xe000: 0x05
[21:33:47.504][D][bshdbus:090]: Missed ACK for dest 0x0f of preceding frame
[21:33:47.549][D][bshdbus:061]: Discarding 10 bytes of unparsed data after timeout of 32 ms: 0x0a041fe00105020b6f1a
[21:33:49.506][D][main:664]: Received frame dest 0x0f cmd 0xe000: 0x05
[21:33:49.516][D][bshdbus:090]: Missed ACK for dest 0x0f of preceding frame
[21:33:49.543][D][bshdbus:061]: Discarding 1 bytes of unparsed data after timeout of 23 ms: 0x0a
[21:33:49.549][D][main:664]: Received frame dest 0x1f cmd 0xe001: 0x0502
[21:33:51.497][D][main:664]: Received frame dest 0x0f cmd 0xe000: 0x05
[21:33:51.507][D][bshdbus:090]: Missed ACK for dest 0x0f of preceding frame
[21:33:51.524][D][bshdbus:061]: Discarding 1 bytes of unparsed data after timeout of 24 ms: 0x0a
[21:33:51.537][D][main:664]: Received frame dest 0x1f cmd 0xe001: 0x0502
[21:33:53.510][D][main:664]: Received frame dest 0x0f cmd 0xe000: 0x05
[21:33:53.518][D][bshdbus:090]: Missed ACK for dest 0x0f of preceding frame
[21:33:53.532][D][bshdbus:061]: Discarding 1 bytes of unparsed data after timeout of 28 ms: 0x0a
[21:33:53.539][D][main:664]: Received frame dest 0x1f cmd 0xe001: 0x0502
[21:33:55.518][D][main:664]: Received frame dest 0x0f cmd 0xe000: 0x05
[21:33:55.530][D][bshdbus:090]: Missed ACK for dest 0x0f of preceding frame
[21:33:55.608][D][bshdbus:061]: Discarding 10 bytes of unparsed data after timeout of 32 ms: 0x0a041fe00105020b6f1a
[21:33:57.505][D][main:664]: Received frame dest 0x0f cmd 0xe000: 0x05
[21:33:57.513][D][bshdbus:090]: Missed ACK for dest 0x0f of preceding frame
[21:33:57.567][D][bshdbus:061]: Discarding 10 bytes of unparsed data after timeout of 32 ms: 0x0a041fe00105020b6f1a
[21:33:59.514][D][main:664]: Received frame dest 0x0f cmd 0xe000: 0x05
[21:33:59.545][D][bshdbus:090]: Missed ACK for dest 0x0f of preceding frame
[21:33:59.567][D][bshdbus:061]: Discarding 10 bytes of unparsed data after timeout of 32 ms: 0x0a041fe00105020b6f1a
[21:34:01.527][D][main:664]: Received frame dest 0x0f cmd 0xe000: 0x05
[21:34:01.574][D][bshdbus:090]: Missed ACK for dest 0x0f of preceding frame
[21:34:01.586][D][bshdbus:061]: Discarding 10 bytes of unparsed data after timeout of 32 ms: 0x0a041fe00105020b6f1a
[21:34:03.514][D][main:664]: Received frame dest 0x0f cmd 0xe000: 0x05
[21:34:03.526][D][bshdbus:090]: Missed ACK for dest 0x0f of preceding frame
[21:34:03.537][D][bshdbus:061]: Discarding 1 bytes of unparsed data after timeout of 23 ms: 0x0a
[21:34:03.545][D][main:664]: Received frame dest 0x1f cmd 0xe001: 0x0502
[21:34:05.522][D][main:664]: Received frame dest 0x0f cmd 0xe000: 0x05
[21:34:05.536][D][bshdbus:090]: Missed ACK for dest 0x0f of preceding frame
[21:34:05.553][D][bshdbus:061]: Discarding 1 bytes of unparsed data after timeout of 22 ms: 0x0a
[21:34:05.563][D][main:664]: Received frame dest 0x1f cmd 0xe001: 0x0502
[21:34:07.592][D][main:664]: Received frame dest 0x0f cmd 0xe000: 0x05
[21:34:07.708][D][bshdbus:090]: Missed ACK for dest 0x0f of preceding frame
[21:34:07.716][D][bshdbus:061]: Discarding 10 bytes of unparsed data after timeout of 32 ms: 0x0a041fe00105020b6f1a
[21:34:09.546][D][main:664]: Received frame dest 0x0f cmd 0xe000: 0x05
[21:34:09.556][D][bshdbus:090]: Missed ACK for dest 0x0f of preceding frame
[21:34:09.572][D][bshdbus:061]: Discarding 1 bytes of unparsed data after timeout of 27 ms: 0x0a
[21:34:09.595][D][main:664]: Received frame dest 0x1f cmd 0xe001: 0x0502
[21:34:11.551][D][main:664]: Received frame dest 0x0f cmd 0xe000: 0x05
[21:34:11.621][D][bshdbus:090]: Missed ACK for dest 0x0f of preceding frame
[21:34:11.713][D][bshdbus:061]: Discarding 10 bytes of unparsed data after timeout of 32 ms: 0x0a041fe00105020b6f1a
[21:34:12.472][D][main:664]: Received frame dest 0x26 cmd 0x1200: 0x02028000
[21:34:12.588][S][binary_sensor]: 'Door Open' >> ON
[21:34:12.607][S][text_sensor]: 'Door' >> 'Open'
[21:34:13.540][D][main:664]: Received frame dest 0x0f cmd 0xe000: 0x05
[21:34:13.552][D][bshdbus:090]: Missed ACK for dest 0x0f of preceding frame
[21:34:13.587][D][bshdbus:061]: Discarding 10 bytes of unparsed data after timeout of 32 ms: 0x0a041fe00105020b6f1a
[21:34:15.541][D][main:664]: Received frame dest 0x0f cmd 0xe000: 0x05
[21:34:15.549][D][bshdbus:090]: Missed ACK for dest 0x0f of preceding frame
[21:34:15.592][D][bshdbus:061]: Discarding 10 bytes of unparsed data after timeout of 32 ms: 0x0a041fe00105020b6f1a
[21:34:17.545][D][main:664]: Received frame dest 0x0f cmd 0xe000: 0x05
[21:34:17.552][D][bshdbus:090]: Missed ACK for dest 0x0f of preceding frame
[21:34:17.566][D][bshdbus:061]: Discarding 1 bytes of unparsed data after timeout of 22 ms: 0x0a
[21:34:17.574][D][main:664]: Received frame dest 0x1f cmd 0xe001: 0x0502
[21:34:19.631][S][sensor]: 'ESP Internal Temperature' >> 53.3 °C
[21:34:19.693][D][main:664]: Received frame dest 0x0f cmd 0xe000: 0x05
[21:34:19.705][D][bshdbus:090]: Missed ACK for dest 0x0f of preceding frame
[21:34:19.711][D][bshdbus:061]: Discarding 10 bytes of unparsed data after timeout of 32 ms: 0x0a041fe00105020b6f1a
[21:34:19.878][S][sensor]: 'Uptime s' >> 482 s
[21:34:20.245][S][sensor]: 'WiFi RSSI' >> -78 dBm
[21:34:21.555][D][main:664]: Received frame dest 0x0f cmd 0xe000: 0x05
[21:34:21.587][D][bshdbus:090]: Missed ACK for dest 0x0f of preceding frame
[21:34:21.599][D][bshdbus:061]: Discarding 10 bytes of unparsed data after timeout of 32 ms: 0x0a041fe00105020b6f1a
[21:34:21.752][S][text_sensor]: 'Uptime' >> '00d 00h 8m 2s'
[21:34:23.557][D][main:664]: Received frame dest 0x0f cmd 0xe000: 0x05
[21:34:23.578][D][bshdbus:090]: Missed ACK for dest 0x0f of preceding frame
[21:34:23.648][D][bshdbus:061]: Discarding 10 bytes of unparsed data after timeout of 32 ms: 0x0a041fe00105020b6f1a
[21:34:25.559][D][main:664]: Received frame dest 0x0f cmd 0xe000: 0x05
[21:34:25.565][D][bshdbus:090]: Missed ACK for dest 0x0f of preceding frame
[21:34:25.581][D][bshdbus:061]: Discarding 1 bytes of unparsed data after timeout of 23 ms: 0x0a
[21:34:25.598][D][main:664]: Received frame dest 0x1f cmd 0xe001: 0x0502
[21:34:27.570][D][main:664]: Received frame dest 0x0f cmd 0xe000: 0x05
[21:34:27.577][D][bshdbus:090]: Missed ACK for dest 0x0f of preceding frame
[21:34:27.612][D][bshdbus:061]: Discarding 10 bytes of unparsed data after timeout of 32 ms: 0x0a041fe00105020b6f1a
[21:34:29.566][D][main:664]: Received frame dest 0x0f cmd 0xe000: 0x05
[21:34:29.625][D][bshdbus:090]: Missed ACK for dest 0x0f of preceding frame
[21:34:29.734][D][bshdbus:061]: Discarding 10 bytes of unparsed data after timeout of 32 ms: 0x0a041fe00105020b6f1a
[21:34:31.569][D][main:664]: Received frame dest 0x0f cmd 0xe000: 0x05
[21:34:31.577][D][bshdbus:090]: Missed ACK for dest 0x0f of preceding frame
[21:34:31.591][D][bshdbus:061]: Discarding 1 bytes of unparsed data after timeout of 23 ms: 0x0a
[21:34:31.605][D][main:664]: Received frame dest 0x1f cmd 0xe001: 0x0502
[21:34:33.573][D][main:664]: Received frame dest 0x0f cmd 0xe000: 0x05
[21:34:33.580][D][bshdbus:090]: Missed ACK for dest 0x0f of preceding frame
[21:34:33.625][D][bshdbus:061]: Discarding 10 bytes of unparsed data after timeout of 32 ms: 0x0a041fe00105020b6f1a
[21:34:35.575][D][main:664]: Received frame dest 0x0f cmd 0xe000: 0x05
[21:34:35.613][D][bshdbus:090]: Missed ACK for dest 0x0f of preceding frame
[21:34:35.632][D][bshdbus:061]: Discarding 10 bytes of unparsed data after timeout of 32 ms: 0x0a041fe00105020b6f1a
[21:34:37.580][D][main:664]: Received frame dest 0x0f cmd 0xe000: 0x05
[21:34:37.588][D][bshdbus:090]: Missed ACK for dest 0x0f of preceding frame
[21:34:37.612][D][bshdbus:061]: Discarding 1 bytes of unparsed data after timeout of 24 ms: 0x0a
[21:34:37.620][D][main:664]: Received frame dest 0x1f cmd 0xe001: 0x0502
[21:34:39.584][D][main:664]: Received frame dest 0x0f cmd 0xe000: 0x05
[21:34:39.591][D][bshdbus:090]: Missed ACK for dest 0x0f of preceding frame
[21:34:39.605][D][bshdbus:061]: Discarding 1 bytes of unparsed data after timeout of 22 ms: 0x0a
[21:34:39.612][D][main:664]: Received frame dest 0x1f cmd 0xe001: 0x0502
[21:34:41.625][D][main:664]: Received frame dest 0x0f cmd 0xe000: 0x05
[21:34:41.632][D][bshdbus:090]: Missed ACK for dest 0x0f of preceding frame
[21:34:41.641][D][bshdbus:061]: Discarding 10 bytes of unparsed data after timeout of 32 ms: 0x0a041fe00105020b6f1a
[21:34:43.631][D][main:664]: Received frame dest 0x0f cmd 0xe000: 0x05
[21:34:43.646][D][bshdbus:090]: Missed ACK for dest 0x0f of preceding frame
[21:34:43.759][D][bshdbus:061]: Discarding 10 bytes of unparsed data after timeout of 32 ms: 0x0a041fe00105020b6f1a
[21:34:45.595][D][main:664]: Received frame dest 0x0f cmd 0xe000: 0x05
[21:34:45.614][D][bshdbus:090]: Missed ACK for dest 0x0f of preceding frame
[21:34:45.642][D][bshdbus:061]: Discarding 10 bytes of unparsed data after timeout of 32 ms: 0x0a041fe00105020b6f1a
[21:34:47.602][D][main:664]: Received frame dest 0x0f cmd 0xe000: 0x05
[21:34:47.615][D][bshdbus:090]: Missed ACK for dest 0x0f of preceding frame
[21:34:47.650][D][bshdbus:061]: Discarding 10 bytes of unparsed data after timeout of 32 ms: 0x0a041fe00105020b6f1a
[21:34:49.623][D][main:664]: Received frame dest 0x0f cmd 0xe000: 0x05
[21:34:49.636][D][bshdbus:090]: Missed ACK for dest 0x0f of preceding frame
[21:34:49.642][D][bshdbus:061]: Discarding 1 bytes of unparsed data after timeout of 24 ms: 0x0a
[21:34:49.648][D][main:664]: Received frame dest 0x1f cmd 0xe001: 0x0502
[21:34:51.605][D][main:664]: Received frame dest 0x0f cmd 0xe000: 0x05
[21:34:51.637][D][bshdbus:090]: Missed ACK for dest 0x0f of preceding frame
[21:34:51.651][D][bshdbus:061]: Discarding 1 bytes of unparsed data after timeout of 27 ms: 0x0a
[21:34:51.719][D][main:664]: Received frame dest 0x1f cmd 0xe001: 0x0502
[21:34:53.608][D][main:664]: Received frame dest 0x0f cmd 0xe000: 0x05
[21:34:53.622][D][bshdbus:090]: Missed ACK for dest 0x0f of preceding frame
[21:34:53.659][D][bshdbus:061]: Discarding 10 bytes of unparsed data after timeout of 32 ms: 0x0a041fe00105020b6f1a
[21:34:55.616][D][main:664]: Received frame dest 0x0f cmd 0xe000: 0x05
[21:34:55.628][D][bshdbus:090]: Missed ACK for dest 0x0f of preceding frame
[21:34:55.636][D][bshdbus:061]: Discarding 1 bytes of unparsed data after timeout of 21 ms: 0x0a
[21:34:55.649][D][main:664]: Received frame dest 0x1f cmd 0xe001: 0x0502
[21:34:57.617][D][main:664]: Received frame dest 0x0f cmd 0xe000: 0x05
[21:34:57.624][D][bshdbus:090]: Missed ACK for dest 0x0f of preceding frame
[21:34:57.690][D][bshdbus:061]: Discarding 10 bytes of unparsed data after timeout of 32 ms: 0x0a041fe00105020b6f1a
[21:34:59.634][D][main:664]: Received frame dest 0x0f cmd 0xe000: 0x05
[21:34:59.642][D][bshdbus:090]: Missed ACK for dest 0x0f of preceding frame
[21:34:59.674][D][bshdbus:061]: Discarding 10 bytes of unparsed data after timeout of 32 ms: 0x0a041fe00105020b6f1a
[21:35:01.670][D][main:664]: Received frame dest 0x0f cmd 0xe000: 0x05
[21:35:01.685][D][bshdbus:090]: Missed ACK for dest 0x0f of preceding frame
[21:35:01.691][D][bshdbus:061]: Discarding 1 bytes of unparsed data after timeout of 26 ms: 0x0a
[21:35:01.697][D][main:664]: Received frame dest 0x1f cmd 0xe001: 0x0502
[21:35:03.626][D][main:664]: Received frame dest 0x0f cmd 0xe000: 0x05
[21:35:03.635][D][bshdbus:090]: Missed ACK for dest 0x0f of preceding frame
[21:35:03.678][D][bshdbus:061]: Discarding 10 bytes of unparsed data after timeout of 32 ms: 0x0a041fe00105020b6f1a
[21:35:05.631][D][main:664]: Received frame dest 0x0f cmd 0xe000: 0x05
[21:35:05.641][D][bshdbus:090]: Missed ACK for dest 0x0f of preceding frame
[21:35:05.680][D][bshdbus:061]: Discarding 10 bytes of unparsed data after timeout of 32 ms: 0x0a041fe00105020b6f1a
[21:35:07.646][D][main:664]: Received frame dest 0x0f cmd 0xe000: 0x05
[21:35:07.655][D][bshdbus:090]: Missed ACK for dest 0x0f of preceding frame
[21:35:07.793][D][bshdbus:061]: Discarding 1 bytes of unparsed data after timeout of 23 ms: 0x0a
[21:35:07.802][D][main:664]: Received frame dest 0x1f cmd 0xe001: 0x0502
[21:35:09.637][D][main:664]: Received frame dest 0x0f cmd 0xe000: 0x05
[21:35:09.658][D][bshdbus:090]: Missed ACK for dest 0x0f of preceding frame
[21:35:09.690][D][bshdbus:061]: Discarding 10 bytes of unparsed data after timeout of 32 ms: 0x0a041fe00105020b6f1a
[21:35:11.640][D][main:664]: Received frame dest 0x0f cmd 0xe000: 0x05
[21:35:11.649][D][bshdbus:090]: Missed ACK for dest 0x0f of preceding frame
[21:35:11.714][D][bshdbus:061]: Discarding 10 bytes of unparsed data after timeout of 32 ms: 0x0a041fe00105020b6f1a
[21:35:13.651][D][main:664]: Received frame dest 0x0f cmd 0xe000: 0x05
[21:35:13.658][D][bshdbus:090]: Missed ACK for dest 0x0f of preceding frame
[21:35:13.668][D][bshdbus:061]: Discarding 1 bytes of unparsed data after timeout of 26 ms: 0x0a
[21:35:13.730][D][main:664]: Received frame dest 0x1f cmd 0xe001: 0x0502
[21:35:15.647][D][main:664]: Received frame dest 0x0f cmd 0xe000: 0x05
[21:35:15.655][D][bshdbus:090]: Missed ACK for dest 0x0f of preceding frame
[21:35:15.671][D][bshdbus:061]: Discarding 1 bytes of unparsed data after timeout of 24 ms: 0x0a
[21:35:15.682][D][main:664]: Received frame dest 0x1f cmd 0xe001: 0x0502
[21:35:17.658][D][main:664]: Received frame dest 0x0f cmd 0xe000: 0x05
[21:35:17.667][D][bshdbus:090]: Missed ACK for dest 0x0f of preceding frame
[21:35:17.679][D][bshdbus:061]: Discarding 1 bytes of unparsed data after timeout of 29 ms: 0x0a
[21:35:17.689][D][main:664]: Received frame dest 0x1f cmd 0xe001: 0x0502
[21:35:19.523][S][sensor]: 'ESP Internal Temperature' >> 53.3 °C
[21:35:19.655][D][main:664]: Received frame dest 0x0f cmd 0xe000: 0x05
[21:35:19.667][D][bshdbus:090]: Missed ACK for dest 0x0f of preceding frame
[21:35:19.692][D][bshdbus:061]: Discarding 1 bytes of unparsed data after timeout of 28 ms: 0x0a
[21:35:19.709][D][main:664]: Received frame dest 0x1f cmd 0xe001: 0x0502
[21:35:19.879][S][sensor]: 'Uptime s' >> 542 s
[21:35:20.249][S][sensor]: 'WiFi RSSI' >> -78 dBm
[21:35:21.657][D][main:664]: Received frame dest 0x0f cmd 0xe000: 0x05
[21:35:21.664][D][bshdbus:090]: Missed ACK for dest 0x0f of preceding frame
[21:35:21.678][D][bshdbus:061]: Discarding 1 bytes of unparsed data after timeout of 22 ms: 0x0a
[21:35:21.690][D][main:664]: Received frame dest 0x1f cmd 0xe001: 0x0502
[21:35:21.747][S][text_sensor]: 'Uptime' >> '00d 00h 9m 2s'
[21:35:23.662][D][main:664]: Received frame dest 0x0f cmd 0xe000: 0x05
[21:35:23.669][D][bshdbus:090]: Missed ACK for dest 0x0f of preceding frame
[21:35:23.688][D][bshdbus:061]: Discarding 1 bytes of unparsed data after timeout of 27 ms: 0x0a
[21:35:23.696][D][main:664]: Received frame dest 0x1f cmd 0xe001: 0x0502
[21:35:25.665][D][main:664]: Received frame dest 0x0f cmd 0xe000: 0x05
[21:35:25.676][D][bshdbus:090]: Missed ACK for dest 0x0f of preceding frame
[21:35:25.716][D][bshdbus:061]: Discarding 10 bytes of unparsed data after timeout of 32 ms: 0x0a041fe00105020b6f1a
[21:35:27.681][D][main:664]: Received frame dest 0x0f cmd 0xe000: 0x05
[21:35:27.701][D][bshdbus:090]: Missed ACK for dest 0x0f of preceding frame
[21:35:27.722][D][bshdbus:061]: Discarding 10 bytes of unparsed data after timeout of 32 ms: 0x0a041fe00105020b6f1a
[21:35:29.675][D][main:664]: Received frame dest 0x0f cmd 0xe000: 0x05
[21:35:29.686][D][bshdbus:090]: Missed ACK for dest 0x0f of preceding frame
[21:35:29.700][D][bshdbus:061]: Discarding 1 bytes of unparsed data after timeout of 29 ms: 0x0a
[21:35:29.730][D][main:664]: Received frame dest 0x1f cmd 0xe001: 0x0502
[21:35:31.676][D][main:664]: Received frame dest 0x0f cmd 0xe000: 0x05
[21:35:31.692][D][bshdbus:090]: Missed ACK for dest 0x0f of preceding frame
[21:35:31.728][D][bshdbus:061]: Discarding 10 bytes of unparsed data after timeout of 33 ms: 0x0a041fe00105020b6f1a
[21:35:33.679][D][main:664]: Received frame dest 0x0f cmd 0xe000: 0x05
[21:35:33.687][D][bshdbus:090]: Missed ACK for dest 0x0f of preceding frame
[21:35:33.702][D][bshdbus:061]: Discarding 1 bytes of unparsed data after timeout of 23 ms: 0x0a
[21:35:33.712][D][main:664]: Received frame dest 0x1f cmd 0xe001: 0x0502
[21:35:35.685][D][main:664]: Received frame dest 0x0f cmd 0xe000: 0x05
[21:35:35.692][D][bshdbus:090]: Missed ACK for dest 0x0f of preceding frame
[21:35:35.732][D][bshdbus:061]: Discarding 10 bytes of unparsed data after timeout of 32 ms: 0x0a041fe00105020b6f1a
[21:35:37.697][D][main:664]: Received frame dest 0x0f cmd 0xe000: 0x05
[21:35:37.715][D][bshdbus:090]: Missed ACK for dest 0x0f of preceding frame
[21:35:37.727][D][bshdbus:061]: Discarding 1 bytes of unparsed data after timeout of 28 ms: 0x0a
[21:35:37.733][D][main:664]: Received frame dest 0x1f cmd 0xe001: 0x0502
[21:35:39.691][D][main:664]: Received frame dest 0x0f cmd 0xe000: 0x05
[21:35:39.703][D][bshdbus:090]: Missed ACK for dest 0x0f of preceding frame
[21:35:39.716][D][bshdbus:061]: Discarding 1 bytes of unparsed data after timeout of 27 ms: 0x0a
[21:35:39.722][D][main:664]: Received frame dest 0x1f cmd 0xe001: 0x0502
[21:35:41.693][D][main:664]: Received frame dest 0x0f cmd 0xe000: 0x05
[21:35:41.713][D][bshdbus:090]: Missed ACK for dest 0x0f of preceding frame
[21:35:41.742][D][bshdbus:061]: Discarding 10 bytes of unparsed data after timeout of 32 ms: 0x0a041fe00105020b6f1a
[21:35:43.698][D][main:664]: Received frame dest 0x0f cmd 0xe000: 0x05
[21:35:43.706][D][bshdbus:090]: Missed ACK for dest 0x0f of preceding frame
[21:35:43.719][D][bshdbus:061]: Discarding 1 bytes of unparsed data after timeout of 23 ms: 0x0a
[21:35:43.727][D][main:664]: Received frame dest 0x1f cmd 0xe001: 0x0502
[21:35:45.704][D][main:664]: Received frame dest 0x0f cmd 0xe000: 0x05
[21:35:45.712][D][bshdbus:090]: Missed ACK for dest 0x0f of preceding frame
[21:35:45.751][D][bshdbus:061]: Discarding 10 bytes of unparsed data after timeout of 32 ms: 0x0a041fe00105020b6f1a
[21:35:47.707][D][main:664]: Received frame dest 0x0f cmd 0xe000: 0x05
[21:35:47.734][D][bshdbus:090]: Missed ACK for dest 0x0f of preceding frame
[21:35:47.789][D][bshdbus:061]: Discarding 10 bytes of unparsed data after timeout of 32 ms: 0x0a041fe00105020b6f1a
[21:35:49.709][D][main:664]: Received frame dest 0x0f cmd 0xe000: 0x05
[21:35:49.717][D][bshdbus:090]: Missed ACK for dest 0x0f of preceding frame
[21:35:49.732][D][bshdbus:061]: Discarding 1 bytes of unparsed data after timeout of 25 ms: 0x0a
[21:35:49.743][D][main:664]: Received frame dest 0x1f cmd 0xe001: 0x0502
[21:35:51.753][D][main:664]: Received frame dest 0x0f cmd 0xe000: 0x05
[21:35:51.844][D][bshdbus:090]: Missed ACK for dest 0x0f of preceding frame
[21:35:51.858][D][bshdbus:061]: Discarding 10 bytes of unparsed data after timeout of 32 ms: 0x0a041fe00105020b6f1a
[21:35:53.716][D][main:664]: Received frame dest 0x0f cmd 0xe000: 0x05
[21:35:53.725][D][bshdbus:090]: Missed ACK for dest 0x0f of preceding frame
[21:35:53.769][D][bshdbus:061]: Discarding 10 bytes of unparsed data after timeout of 32 ms: 0x0a041fe00105020b6f1a
[21:35:55.719][D][main:664]: Received frame dest 0x0f cmd 0xe000: 0x05
[21:35:55.750][D][bshdbus:090]: Missed ACK for dest 0x0f of preceding frame
[21:35:55.759][D][bshdbus:061]: Discarding 1 bytes of unparsed data after timeout of 22 ms: 0x0a
[21:35:55.768][D][main:664]: Received frame dest 0x1f cmd 0xe001: 0x0502
[21:35:57.723][D][main:664]: Received frame dest 0x0f cmd 0xe000: 0x05
[21:35:57.734][D][bshdbus:090]: Missed ACK for dest 0x0f of preceding frame
[21:35:57.796][D][bshdbus:061]: Discarding 10 bytes of unparsed data after timeout of 32 ms: 0x0a041fe00105020b6f1a
[21:35:59.733][D][main:664]: Received frame dest 0x0f cmd 0xe000: 0x05
[21:35:59.741][D][bshdbus:090]: Missed ACK for dest 0x0f of preceding frame
[21:35:59.777][D][bshdbus:061]: Discarding 10 bytes of unparsed data after timeout of 32 ms: 0x0a041fe00105020b6f1a
[21:36:01.730][D][main:664]: Received frame dest 0x0f cmd 0xe000: 0x05
[21:36:01.740][D][bshdbus:090]: Missed ACK for dest 0x0f of preceding frame
[21:36:01.784][D][bshdbus:061]: Discarding 10 bytes of unparsed data after timeout of 32 ms: 0x0a041fe00105020b6f1a
[21:36:03.759][D][main:664]: Received frame dest 0x0f cmd 0xe000: 0x05
[21:36:03.769][D][bshdbus:090]: Missed ACK for dest 0x0f of preceding frame
[21:36:03.774][D][bshdbus:061]: Discarding 1 bytes of unparsed data after timeout of 22 ms: 0x0a
[21:36:03.779][D][main:664]: Received frame dest 0x1f cmd 0xe001: 0x0502
[21:36:05.739][D][main:664]: Received frame dest 0x0f cmd 0xe000: 0x05
[21:36:05.762][D][bshdbus:090]: Missed ACK for dest 0x0f of preceding frame
[21:36:05.770][D][bshdbus:061]: Discarding 1 bytes of unparsed data after timeout of 21 ms: 0x0a
[21:36:05.780][D][main:664]: Received frame dest 0x1f cmd 0xe001: 0x0502
[21:36:07.742][D][main:664]: Received frame dest 0x0f cmd 0xe000: 0x05
[21:36:07.751][D][bshdbus:090]: Missed ACK for dest 0x0f of preceding frame
[21:36:07.792][D][bshdbus:061]: Discarding 10 bytes of unparsed data after timeout of 32 ms: 0x0a041fe00105020b6f1a
[21:36:09.744][D][main:664]: Received frame dest 0x0f cmd 0xe000: 0x05
[21:36:09.755][D][bshdbus:090]: Missed ACK for dest 0x0f of preceding frame
[21:36:09.777][D][bshdbus:061]: Discarding 1 bytes of unparsed data after timeout of 26 ms: 0x0a
[21:36:09.788][D][main:664]: Received frame dest 0x1f cmd 0xe001: 0x0502
[21:36:11.749][D][main:664]: Received frame dest 0x0f cmd 0xe000: 0x05
[21:36:11.758][D][bshdbus:090]: Missed ACK for dest 0x0f of preceding frame
[21:36:11.769][D][bshdbus:061]: Discarding 1 bytes of unparsed data after timeout of 22 ms: 0x0a
[21:36:11.775][D][main:664]: Received frame dest 0x1f cmd 0xe001: 0x0502
[21:36:13.760][D][main:664]: Received frame dest 0x0f cmd 0xe000: 0x05
[21:36:13.772][D][bshdbus:090]: Missed ACK for dest 0x0f of preceding frame
[21:36:13.802][D][bshdbus:061]: Discarding 10 bytes of unparsed data after timeout of 32 ms: 0x0a041fe00105020b6f1a
[21:36:15.755][D][main:664]: Received frame dest 0x0f cmd 0xe000: 0x05
[21:36:15.767][D][bshdbus:090]: Missed ACK for dest 0x0f of preceding frame
[21:36:15.784][D][bshdbus:061]: Discarding 1 bytes of unparsed data after timeout of 29 ms: 0x0a
[21:36:15.792][D][main:664]: Received frame dest 0x1f cmd 0xe001: 0x0502
[21:36:17.759][D][main:664]: Received frame dest 0x0f cmd 0xe000: 0x05
[21:36:17.767][D][bshdbus:090]: Missed ACK for dest 0x0f of preceding frame
[21:36:17.781][D][bshdbus:061]: Discarding 1 bytes of unparsed data after timeout of 23 ms: 0x0a
[21:36:17.792][D][main:664]: Received frame dest 0x1f cmd 0xe001: 0x0502
[21:36:19.529][S][sensor]: 'ESP Internal Temperature' >> 53.3 °C
[21:36:19.762][D][main:664]: Received frame dest 0x0f cmd 0xe000: 0x05
[21:36:19.769][D][bshdbus:090]: Missed ACK for dest 0x0f of preceding frame
[21:36:19.784][D][bshdbus:061]: Discarding 1 bytes of unparsed data after timeout of 22 ms: 0x0a
[21:36:19.794][D][main:664]: Received frame dest 0x1f cmd 0xe001: 0x0502
[21:36:19.887][S][sensor]: 'Uptime s' >> 602 s
[21:36:20.255][S][sensor]: 'WiFi RSSI' >> -75 dBm
[21:36:21.596][D][preferences:254]: Writing 1 items: 0 cached, 1 written, 0 failed
[21:36:21.748][S][text_sensor]: 'Uptime' >> '00d 00h 10m 2s'
[21:36:21.765][D][main:664]: Received frame dest 0x0f cmd 0xe000: 0x05
[21:36:21.770][D][bshdbus:090]: Missed ACK for dest 0x0f of preceding frame
[21:36:21.816][D][bshdbus:061]: Discarding 10 bytes of unparsed data after timeout of 32 ms: 0x0a041fe00105020b6f1a
[21:36:22.744][D][wifi:2506]: Roam scan (-75 dBm, attempt 2/3)
[21:36:23.769][D][main:664]: Received frame dest 0x0f cmd 0xe000: 0x05
[21:36:23.779][D][bshdbus:090]: Missed ACK for dest 0x0f of preceding frame
[21:36:23.903][D][bshdbus:061]: Discarding 10 bytes of unparsed data after timeout of 32 ms: 0x0a041fe00105020b6f1a
[21:36:25.882][D][main:664]: Received frame dest 0x0f cmd 0xe000: 0x05
[21:36:25.900][D][bshdbus:090]: Missed ACK for dest 0x0f of preceding frame
[21:36:25.906][D][bshdbus:061]: Discarding 1 bytes of unparsed data after timeout of 27 ms: 0x0a
[21:36:25.914][D][main:664]: Received frame dest 0x1f cmd 0xe001: 0x0502
[21:36:27.778][D][main:664]: Received frame dest 0x0f cmd 0xe000: 0x05
[21:36:27.793][D][bshdbus:090]: Missed ACK for dest 0x0f of preceding frame
[21:36:27.801][D][bshdbus:061]: Discarding 1 bytes of unparsed data after timeout of 22 ms: 0x0a
[21:36:27.807][D][main:664]: Received frame dest 0x1f cmd 0xe001: 0x0502
[21:36:29.780][D][main:664]: Received frame dest 0x0f cmd 0xe000: 0x05
[21:36:29.793][D][bshdbus:090]: Missed ACK for dest 0x0f of preceding frame
[21:36:29.802][D][bshdbus:061]: Discarding 1 bytes of unparsed data after timeout of 22 ms: 0x0a
[21:36:29.811][D][main:664]: Received frame dest 0x1f cmd 0xe001: 0x0502
[21:36:31.784][D][main:664]: Received frame dest 0x0f cmd 0xe000: 0x05
[21:36:31.803][D][bshdbus:090]: Missed ACK for dest 0x0f of preceding frame
[21:36:31.838][D][bshdbus:061]: Discarding 10 bytes of unparsed data after timeout of 33 ms: 0x0a041fe00105020b6f1a
[21:36:33.786][D][main:664]: Received frame dest 0x0f cmd 0xe000: 0x05
[21:36:33.800][D][bshdbus:090]: Missed ACK for dest 0x0f of preceding frame
[21:36:33.836][D][bshdbus:061]: Discarding 10 bytes of unparsed data after timeout of 32 ms: 0x0a041fe00105020b6f1a
[21:36:35.790][D][main:664]: Received frame dest 0x0f cmd 0xe000: 0x05
[21:36:35.807][D][bshdbus:090]: Missed ACK for dest 0x0f of preceding frame
[21:36:35.841][D][bshdbus:061]: Discarding 10 bytes of unparsed data after timeout of 32 ms: 0x0a041fe00105020b6f1a
[21:36:37.794][D][main:664]: Received frame dest 0x0f cmd 0xe000: 0x05
[21:36:37.870][D][bshdbus:090]: Missed ACK for dest 0x0f of preceding frame
[21:36:37.880][D][bshdbus:061]: Discarding 10 bytes of unparsed data after timeout of 32 ms: 0x0a041fe00105020b6f1a
[21:36:39.799][D][main:664]: Received frame dest 0x0f cmd 0xe000: 0x05
[21:36:39.810][D][bshdbus:090]: Missed ACK for dest 0x0f of preceding frame
[21:36:39.846][D][bshdbus:061]: Discarding 10 bytes of unparsed data after timeout of 32 ms: 0x0a041fe00105020b6f1a
[21:36:41.801][D][main:664]: Received frame dest 0x0f cmd 0xe000: 0x05
[21:36:41.817][D][bshdbus:090]: Missed ACK for dest 0x0f of preceding frame
[21:36:41.829][D][bshdbus:061]: Discarding 1 bytes of unparsed data after timeout of 29 ms: 0x0a
[21:36:41.837][D][main:664]: Received frame dest 0x1f cmd 0xe001: 0x0502
[21:36:43.805][D][main:664]: Received frame dest 0x0f cmd 0xe000: 0x05
[21:36:43.816][D][bshdbus:090]: Missed ACK for dest 0x0f of preceding frame
[21:36:43.831][D][bshdbus:061]: Discarding 1 bytes of unparsed data after timeout of 25 ms: 0x0a
[21:36:43.839][D][main:664]: Received frame dest 0x1f cmd 0xe001: 0x0502
[21:36:45.813][D][main:664]: Received frame dest 0x0f cmd 0xe000: 0x05
[21:36:45.826][D][bshdbus:090]: Missed ACK for dest 0x0f of preceding frame
[21:36:45.836][D][bshdbus:061]: Discarding 1 bytes of unparsed data after timeout of 28 ms: 0x0a
[21:36:45.847][D][main:664]: Received frame dest 0x1f cmd 0xe001: 0x0502
[21:36:47.813][D][main:664]: Received frame dest 0x0f cmd 0xe000: 0x05
[21:36:47.828][D][bshdbus:090]: Missed ACK for dest 0x0f of preceding frame
[21:36:47.867][D][bshdbus:061]: Discarding 10 bytes of unparsed data after timeout of 32 ms: 0x0a041fe00105020b6f1a
[21:36:49.816][D][main:664]: Received frame dest 0x0f cmd 0xe000: 0x05
[21:36:49.830][D][bshdbus:090]: Missed ACK for dest 0x0f of preceding frame
[21:36:49.871][D][bshdbus:061]: Discarding 10 bytes of unparsed data after timeout of 32 ms: 0x0a041fe00105020b6f1a
[21:36:51.820][D][main:664]: Received frame dest 0x0f cmd 0xe000: 0x05
[21:36:51.830][D][bshdbus:090]: Missed ACK for dest 0x0f of preceding frame
[21:36:51.869][D][bshdbus:061]: Discarding 10 bytes of unparsed data after timeout of 32 ms: 0x0a041fe00105020b6f1a
[21:36:53.823][D][main:664]: Received frame dest 0x0f cmd 0xe000: 0x05
[21:36:53.836][D][bshdbus:090]: Missed ACK for dest 0x0f of preceding frame
[21:36:53.843][D][bshdbus:061]: Discarding 1 bytes of unparsed data after timeout of 21 ms: 0x0a
[21:36:53.850][D][main:664]: Received frame dest 0x1f cmd 0xe001: 0x0502
[21:36:55.827][D][main:664]: Received frame dest 0x0f cmd 0xe000: 0x05
[21:36:55.848][D][bshdbus:090]: Missed ACK for dest 0x0f of preceding frame
[21:36:55.884][D][bshdbus:061]: Discarding 1 bytes of unparsed data after timeout of 25 ms: 0x0a
[21:36:55.890][D][main:664]: Received frame dest 0x1f cmd 0xe001: 0x0502
[21:36:57.832][D][main:664]: Received frame dest 0x0f cmd 0xe000: 0x05
[21:36:57.843][D][bshdbus:090]: Missed ACK for dest 0x0f of preceding frame
[21:36:57.902][D][bshdbus:061]: Discarding 10 bytes of unparsed data after timeout of 32 ms: 0x0a041fe00105020b6f1a
[21:36:59.855][D][main:664]: Received frame dest 0x0f cmd 0xe000: 0x05
[21:36:59.864][D][bshdbus:090]: Missed ACK for dest 0x0f of preceding frame
[21:36:59.870][D][bshdbus:061]: Discarding 1 bytes of unparsed data after timeout of 22 ms: 0x0a
[21:36:59.876][D][main:664]: Received frame dest 0x1f cmd 0xe001: 0x0502
[21:37:01.838][D][main:664]: Received frame dest 0x0f cmd 0xe000: 0x05
[21:37:01.846][D][bshdbus:090]: Missed ACK for dest 0x0f of preceding frame
[21:37:01.864][D][bshdbus:061]: Discarding 1 bytes of unparsed data after timeout of 27 ms: 0x0a
[21:37:01.873][D][main:664]: Received frame dest 0x1f cmd 0xe001: 0x0502
[21:37:03.841][D][main:664]: Received frame dest 0x0f cmd 0xe000: 0x05
[21:37:03.848][D][bshdbus:090]: Missed ACK for dest 0x0f of preceding frame
[21:37:03.890][D][bshdbus:061]: Discarding 10 bytes of unparsed data after timeout of 32 ms: 0x0a041fe00105020b6f1a
[21:37:05.845][D][main:664]: Received frame dest 0x0f cmd 0xe000: 0x05
[21:37:05.863][D][bshdbus:090]: Missed ACK for dest 0x0f of preceding frame
[21:37:05.884][D][bshdbus:061]: Discarding 1 bytes of unparsed data after timeout of 26 ms: 0x0a
[21:37:05.891][D][main:664]: Received frame dest 0x1f cmd 0xe001: 0x0502
[21:37:07.851][D][main:664]: Received frame dest 0x0f cmd 0xe000: 0x05
[21:37:07.858][D][bshdbus:090]: Missed ACK for dest 0x0f of preceding frame
[21:37:07.920][D][bshdbus:061]: Discarding 10 bytes of unparsed data after timeout of 32 ms: 0x0a041fe00105020b6f1a
[21:37:09.854][D][main:664]: Received frame dest 0x0f cmd 0xe000: 0x05
[21:37:09.867][D][bshdbus:090]: Missed ACK for dest 0x0f of preceding frame
[21:37:09.879][D][bshdbus:061]: Discarding 1 bytes of unparsed data after timeout of 25 ms: 0x0a
[21:37:09.884][D][main:664]: Received frame dest 0x1f cmd 0xe001: 0x0502
[21:37:10.300][D][esphome.ota:603]: Starting handshake from 192.168.1.14
[21:37:10.313][D][esphome.ota:603]: Starting update from 192.168.1.14
[21:37:10.396][W][component:290]: esphome.ota set Warning flag: unspecified
[21:37:11.779][D][esphome.ota:468]: Progress: 0.1%
[21:37:12.778][D][esphome.ota:468]: Progress: 23.0%
[21:37:13.817][D][esphome.ota:468]: Progress: 42.3%
[21:37:14.801][D][esphome.ota:468]: Progress: 61.8%
[21:37:15.791][D][esphome.ota:468]: Progress: 84.5%
[21:37:16.709][I][esphome.ota:497]: Update complete
[21:37:16.757][W][component:313]: esphome.ota cleared Warning flag
[21:37:16.811][I][app:271]: Rebooting safely
[21:37:22.101][D][sntp:099]: Synchronized time: 2026-09-16 21:37:45
[21:37:22.108][C][uart:254]: UART Bus 0:
[21:37:22.114][C][uart:131]:   RX Pin: GPIO4
[21:37:22.120][C][uart:259]:   RX Buffer Size: 1024
[21:37:22.120][C][uart:259]:   RX Full Threshold: 8
[21:37:22.120][C][uart:259]:   RX Timeout: 2
[21:37:22.142][C][uart:268]:   Baud Rate: 9600 baud
[21:37:22.142][C][uart:268]:   Data Bits: 8
[21:37:22.142][C][uart:268]:   Parity: NONE
[21:37:22.142][C][uart:268]:   Stop bits: 1
[21:37:22.142][C][uart:268]:   Wake on data RX: ENABLED
[21:37:22.181][C][template.binary_sensor:016]: Template Binary Sensor 'Washer Powered'
[21:37:22.187][C][template.binary_sensor:165]:   Device Class: 'power'
[21:37:22.193][C][template.binary_sensor:016]: Template Binary Sensor 'Program Running (Derived)'
[21:37:22.206][C][template.binary_sensor:165]:   Device Class: 'running'
[21:37:22.211][C][uptime.sensor:017]: Uptime Sensor 'Uptime s'
[21:37:22.211][C][uptime.sensor:017]:   State Class: 'total_increasing'
[21:37:22.211][C][uptime.sensor:017]:   Unit of Measurement: 's'
[21:37:22.211][C][uptime.sensor:017]:   Accuracy Decimals: 0
[21:37:22.239][C][uptime.sensor:165]:   Device Class: 'duration'
[21:37:22.246][C][uptime.sensor:156]:   Icon: 'mdi:timer-outline'
[21:37:22.253][C][uptime.sensor:019]:   Type: Seconds
[21:37:22.263][C][template.text_sensor:016]: Template Sensor 'Uptime'
[21:37:22.268][C][template.text_sensor:156]:   Icon: 'mdi:clock-start'
[21:37:22.277][C][bshdbus:052]: BSH D-Bus:
[21:37:22.283][C][status:016]: Status Binary Sensor 'Status'
[21:37:22.288][C][status:165]:   Device Class: 'connectivity'
[21:37:22.299][C][bshdbus.binary_sensor:011]: BSH D-Bus Binary Sensor:
[21:37:22.309][C][bshdbus.binary_sensor:015]:   Dest node: 0x14
[21:37:22.315][C][bshdbus.binary_sensor:020]:   Command: 0x1007
[21:37:22.322][C][bshdbus.binary_sensor:022]:   Binary Sensors:
[21:37:22.330][C][bshdbus.binary_sensor:016]:   - 'Water Plus'
[21:37:22.336][C][bshdbus.binary_sensor:016]:   - 'Speed Perfect'
[21:37:22.345][C][bshdbus.binary_sensor:016]:   - 'Stain Selection'
[21:37:22.351][C][bshdbus.binary_sensor:016]:   - 'Pre-wash'
[21:37:22.358][C][bshdbus.binary_sensor:016]:   - 'Anti-crease'
[21:37:22.364][C][bshdbus.binary_sensor:011]: BSH D-Bus Binary Sensor:
[21:37:22.369][C][bshdbus.binary_sensor:015]:   Dest node: 0x14
[21:37:22.374][C][bshdbus.binary_sensor:020]:   Command: 0x1008
[21:37:22.380][C][bshdbus.binary_sensor:022]:   Binary Sensors:
[21:37:22.386][C][bshdbus.binary_sensor:016]:   - 'No Spin'
[21:37:22.391][C][bshdbus.binary_sensor:011]: BSH D-Bus Binary Sensor:
[21:37:22.397][C][bshdbus.binary_sensor:015]:   Dest node: 0x15
[21:37:22.402][C][bshdbus.binary_sensor:020]:   Command: 0x1100
[21:37:22.412][C][bshdbus.binary_sensor:022]:   Binary Sensors:
[21:37:22.417][C][bshdbus.binary_sensor:016]:   - 'Start Button'
[21:37:22.423][C][bshdbus.binary_sensor:011]: BSH D-Bus Binary Sensor:
[21:37:22.428][C][bshdbus.binary_sensor:015]:   Dest node: 0x26
[21:37:22.435][C][bshdbus.binary_sensor:020]:   Command: 0x1701
[21:37:22.440][C][bshdbus.binary_sensor:022]:   Binary Sensors:
[21:37:22.446][C][bshdbus.binary_sensor:016]:   - 'Wash Program Started'
[21:37:22.454][C][bshdbus.binary_sensor:011]: BSH D-Bus Binary Sensor:
[21:37:22.465][C][bshdbus.binary_sensor:015]:   Dest node: 0x26
[21:37:22.471][C][bshdbus.binary_sensor:020]:   Command: 0x1200
[21:37:22.480][C][bshdbus.binary_sensor:022]:   Binary Sensors:
[21:37:22.486][C][bshdbus.binary_sensor:016]:   - 'Door Open'
[21:37:22.496][C][bshdbus.binary_sensor:165]:     Device Class: 'door'
[21:37:22.503][C][bshdbus.binary_sensor:016]:   - 'Door Lock'
[21:37:22.510][C][bshdbus.binary_sensor:165]:     Device Class: 'lock'
[21:37:22.516][C][bshdbus.binary_sensor:011]: BSH D-Bus Binary Sensor:
[21:37:22.522][C][bshdbus.binary_sensor:015]:   Dest node: 0x26
[21:37:22.528][C][bshdbus.binary_sensor:020]:   Command: 0x1101
[21:37:22.534][C][bshdbus.binary_sensor:022]:   Binary Sensors:
[21:37:22.540][C][bshdbus.binary_sensor:016]:   - 'Program Running'
[21:37:22.547][C][bshdbus.binary_sensor:165]:     Device Class: 'running'
[21:37:22.555][C][internal_temperature:017]: Internal Temperature Sensor 'ESP Internal Temperature'
[21:37:22.555][C][internal_temperature:017]:   State Class: 'measurement'
[21:37:22.555][C][internal_temperature:017]:   Unit of Measurement: '°C'
[21:37:22.555][C][internal_temperature:017]:   Accuracy Decimals: 1
[21:37:22.583][C][internal_temperature:165]:   Device Class: 'temperature'
[21:37:22.589][C][bshdbus.sensor:011]: BSH D-Bus Sensor:
[21:37:22.597][C][bshdbus.sensor:015]:   Dest node: 0x14
[21:37:22.603][C][bshdbus.sensor:020]:   Command: 0x1006
[21:37:22.609][C][bshdbus.sensor:022]:   Sensors:
[21:37:22.615][C][bshdbus.sensor:017]:   - 'Spin Speed'
[21:37:22.615][C][bshdbus.sensor:017]:     State Class: 'measurement'
[21:37:22.615][C][bshdbus.sensor:017]:     Unit of Measurement: 'rpm'
[21:37:22.615][C][bshdbus.sensor:017]:     Accuracy Decimals: 0
[21:37:22.641][C][bshdbus.sensor:165]:     Device Class: 'speed'
[21:37:22.647][C][bshdbus.sensor:011]: BSH D-Bus Sensor:
[21:37:22.654][C][bshdbus.sensor:015]:   Dest node: 0x16
[21:37:22.660][C][bshdbus.sensor:020]:   Command: 0x3015
[21:37:22.668][C][bshdbus.sensor:022]:   Sensors:
[21:37:22.674][C][bshdbus.sensor:017]:   - 'Drum Speed (current)'
[21:37:22.674][C][bshdbus.sensor:017]:     State Class: ''
[21:37:22.674][C][bshdbus.sensor:017]:     Unit of Measurement: 'rpm'
[21:37:22.674][C][bshdbus.sensor:017]:     Accuracy Decimals: 0
[21:37:22.696][C][bshdbus.sensor:165]:     Device Class: 'speed'
[21:37:22.701][C][bshdbus.sensor:011]: BSH D-Bus Sensor:
[21:37:22.707][C][bshdbus.sensor:015]:   Dest node: 0x17
[21:37:22.712][C][bshdbus.sensor:020]:   Command: 0x4010
[21:37:22.718][C][bshdbus.sensor:022]:   Sensors:
[21:37:22.733][C][bshdbus.sensor:017]:   - 'Imbalance X'
[21:37:22.733][C][bshdbus.sensor:017]:     State Class: ''
[21:37:22.733][C][bshdbus.sensor:017]:     Unit of Measurement: ''
[21:37:22.733][C][bshdbus.sensor:017]:     Accuracy Decimals: 0
[21:37:22.775][C][bshdbus.sensor:156]:     Icon: 'mdi:axis-x-rotate-clockwise'
[21:37:22.780][C][bshdbus.sensor:017]:   - 'Imbalance Z'
[21:37:22.780][C][bshdbus.sensor:017]:     State Class: ''
[21:37:22.780][C][bshdbus.sensor:017]:     Unit of Measurement: ''
[21:37:22.780][C][bshdbus.sensor:017]:     Accuracy Decimals: 0
[21:37:22.819][C][bshdbus.sensor:156]:     Icon: 'mdi:axis-z-rotate-clockwise'
[21:37:22.834][C][bshdbus.sensor:017]:   - 'Imbalance Y'
[21:37:22.834][C][bshdbus.sensor:017]:     State Class: ''
[21:37:22.834][C][bshdbus.sensor:017]:     Unit of Measurement: ''
[21:37:22.834][C][bshdbus.sensor:017]:     Accuracy Decimals: 0
[21:37:22.882][C][bshdbus.sensor:156]:     Icon: 'mdi:axis-y-rotate-clockwise'
[21:37:22.909][C][bshdbus.sensor:011]: BSH D-Bus Sensor:
[21:37:22.915][C][bshdbus.sensor:015]:   Dest node: 0x2a
[21:37:22.921][C][bshdbus.sensor:020]:   Command: 0x1600
[21:37:22.932][C][bshdbus.sensor:022]:   Sensors:
[21:37:22.940][C][bshdbus.sensor:017]:   - 'Remaining Time'
[21:37:22.940][C][bshdbus.sensor:017]:     State Class: 'measurement'
[21:37:22.940][C][bshdbus.sensor:017]:     Unit of Measurement: 'min'
[21:37:22.940][C][bshdbus.sensor:017]:     Accuracy Decimals: 0
[21:37:22.974][C][bshdbus.sensor:165]:     Device Class: 'duration'
[21:37:22.980][C][bshdbus.sensor:011]: BSH D-Bus Sensor:
[21:37:22.985][C][bshdbus.sensor:015]:   Dest node: 0x14
[21:37:22.991][C][bshdbus.sensor:020]:   Command: 0x1004
[21:37:22.998][C][bshdbus.sensor:022]:   Sensors:
[21:37:23.003][C][bshdbus.sensor:017]:   - 'Temperature'
[21:37:23.003][C][bshdbus.sensor:017]:     State Class: 'measurement'
[21:37:23.003][C][bshdbus.sensor:017]:     Unit of Measurement: '°C'
[21:37:23.003][C][bshdbus.sensor:017]:     Accuracy Decimals: 0
[21:37:23.024][C][bshdbus.sensor:165]:     Device Class: 'temperature'
[21:37:23.034][C][bshdbus.sensor:156]:     Icon: 'mdi:thermometer'
[21:37:23.044][C][bshdbus.sensor:011]: BSH D-Bus Sensor:
[21:37:23.050][C][bshdbus.sensor:015]:   Dest node: 0x14
[21:37:23.056][C][bshdbus.sensor:020]:   Command: 0x1007
[21:37:23.062][C][bshdbus.sensor:022]:   Sensors:
[21:37:23.068][C][bshdbus.sensor:017]:   - 'Extra Rinse'
[21:37:23.068][C][bshdbus.sensor:017]:     State Class: ''
[21:37:23.068][C][bshdbus.sensor:017]:     Unit of Measurement: ''
[21:37:23.068][C][bshdbus.sensor:017]:     Accuracy Decimals: 0
[21:37:23.097][C][bshdbus.sensor:156]:     Icon: 'mdi:water-plus-outline'
[21:37:23.104][C][bshdbus.text_sensor:011]: BSH D-Bus Text Sensor:
[21:37:23.113][C][bshdbus.text_sensor:015]:   Dest node: 0x14
[21:37:23.119][C][bshdbus.text_sensor:020]:   Command: 0x1005
[21:37:23.124][C][bshdbus.text_sensor:022]:   Text Sensors:
[21:37:23.129][C][bshdbus.text_sensor:016]:   - 'Wash Program'
[21:37:23.134][C][bshdbus.text_sensor:156]:     Icon: 'mdi:numeric'
[21:37:23.140][S][binary_sensor]: 'Status' >> ON
[21:37:23.146][C][bshdbus.text_sensor:011]: BSH D-Bus Text Sensor:
[21:37:23.152][C][bshdbus.text_sensor:015]:   Dest node: 0x14
[21:37:23.157][C][bshdbus.text_sensor:020]:   Command: 0x1007
[21:37:23.167][C][bshdbus.text_sensor:022]:   Text Sensors:
[21:37:23.173][C][bshdbus.text_sensor:016]:   - 'Wash Mode'
[21:37:23.182][C][bshdbus.text_sensor:156]:     Icon: 'mdi:tune-variant'
[21:37:23.191][C][bshdbus.text_sensor:011]: BSH D-Bus Text Sensor:
[21:37:23.199][C][bshdbus.text_sensor:015]:   Dest node: 0x16
[21:37:23.205][C][bshdbus.text_sensor:020]:   Command: 0x3015
[21:37:23.210][C][bshdbus.text_sensor:022]:   Text Sensors:
[21:37:23.218][C][bshdbus.text_sensor:016]:   - 'Current Rotation Direction'
[21:37:23.224][C][bshdbus.text_sensor:156]:     Icon: 'mdi:crop-rotate'
[21:37:23.231][C][bshdbus.text_sensor:011]: BSH D-Bus Text Sensor:
[21:37:23.245][C][bshdbus.text_sensor:015]:   Dest node: 0x26
[21:37:23.251][C][bshdbus.text_sensor:020]:   Command: 0x1200
[21:37:23.257][C][bshdbus.text_sensor:022]:   Text Sensors:
[21:37:23.262][C][bshdbus.text_sensor:016]:   - 'Door'
[21:37:23.267][C][bshdbus.text_sensor:156]:     Icon: 'mdi:door'
[21:37:23.272][C][bshdbus.text_sensor:011]: BSH D-Bus Text Sensor:
[21:37:23.280][C][bshdbus.text_sensor:015]:   Dest node: 0x26
[21:37:23.286][C][bshdbus.text_sensor:020]:   Command: 0x1020
[21:37:23.291][C][bshdbus.text_sensor:022]:   Text Sensors:
[21:37:23.299][C][bshdbus.text_sensor:016]:   - 'Program Step'
[21:37:23.311][C][bshdbus.text_sensor:156]:     Icon: 'mdi:map-marker-path'
[21:37:23.317][C][bshdbus.text_sensor:011]: BSH D-Bus Text Sensor:
[21:37:23.323][C][bshdbus.text_sensor:015]:   Dest node: 0x26
[21:37:23.329][C][bshdbus.text_sensor:020]:   Command: 0x1101
[21:37:23.335][C][bshdbus.text_sensor:022]:   Text Sensors:
[21:37:23.343][C][bshdbus.text_sensor:016]:   - 'Status'
[21:37:23.353][C][bshdbus.text_sensor:156]:     Icon: 'mdi:state-machine'
[21:37:23.359][C][wifi_info:016]: SSID 'SSID'
[21:37:23.365][C][wifi_info:016]: BSSID 'BSSID'
[21:37:23.371][C][wifi_info:016]: MAC Address 'MAC'
[21:37:23.377][C][wifi_info:016]: IP Address 'IP'
[21:37:23.386][C][version.text_sensor:016]: Version Text Sensor 'ESPHome Version'
[21:37:23.392][C][version.text_sensor:156]:   Icon: 'mdi:new-box'
[21:37:23.398][C][restart.button:014]: Restart Button 'Restart'
[21:37:23.409][C][restart.button:156]:   Icon: 'mdi:restart'
[21:37:23.415][C][esp32_ble:821]: Bluetooth stack is not enabled
[21:37:23.420][C][network:050]: Network:
[21:37:23.420][C][network:050]:   TCP send buffer: 5760 bytes
[21:37:23.436][C][wifi:1582]: WiFi:
[21:37:23.436][C][wifi:1582]:   Local MAC: 28:84:85:6B:3D:AC
[21:37:23.436][C][wifi:1582]:   Connected: YES
[21:37:23.452][C][wifi:1286]:   IP Address: 192.168.200.100
[21:37:23.511][C][wifi:1297]:   SSID: '888_Network_IOT'
[21:37:23.511][C][wifi:1297]:   BSSID: 8E:78:48:12:EC:F5
[21:37:23.511][C][wifi:1297]:   Hostname: 'esp32-bsh-washer'
[21:37:23.511][C][wifi:1297]:   Signal strength: -77 dB ▂▄▆█
[21:37:23.511][C][wifi:1297]:   Channel: 6
[21:37:23.511][C][wifi:1297]:   Subnet: 255.255.255.0
[21:37:23.511][C][wifi:1297]:   Gateway: 192.168.200.1
[21:37:23.511][C][wifi:1297]:   DNS1: 192.168.1.1
[21:37:23.511][C][wifi:1297]:   DNS2: 0.0.0.0
[21:37:23.573][C][sntp:058]: SNTP Time:
[21:37:23.578][C][sntp:061]:   Server 0: '0.pool.ntp.org'
[21:37:23.588][C][sntp:061]:   Server 1: '1.pool.ntp.org'
[21:37:23.594][C][sntp:061]:   Server 2: '2.pool.ntp.org'
[21:37:23.600][C][time:051]: Timezone: UTC+3:00
[21:37:23.606][C][time:055]: Current time: 2026-09-16 21:37:46
[21:37:23.611][C][esphome.ota:113]: Over-The-Air updates:
[21:37:23.611][C][esphome.ota:113]:   Address: esp32-bsh-washer.iot.home.to4ko.ru:3232
[21:37:23.611][C][esphome.ota:113]:   Version: 2
[21:37:23.627][C][safe_mode:058]: Safe Mode:
[21:37:23.627][C][safe_mode:058]:   Successful after: 60s
[21:37:23.627][C][safe_mode:058]:   Invoke after: 5 attempts
[21:37:23.627][C][safe_mode:058]:   Duration: 900s
[21:37:23.655][C][safe_mode:079]:   Bootloader rollback: supported
[21:37:23.661][C][api:271]: Server:
[21:37:23.661][C][api:271]:   Address: esp32-bsh-washer.iot.home.to4ko.ru:6053
[21:37:23.661][C][api:271]:   Listen backlog: 4
[21:37:23.661][C][api:271]:   Max connections: 5
[21:37:23.683][C][api:283]:   Noise encryption: NO
[21:37:23.697][C][wifi_signal.sensor:017]: WiFi Signal 'WiFi RSSI'
[21:37:23.697][C][wifi_signal.sensor:017]:   State Class: 'measurement'
[21:37:23.697][C][wifi_signal.sensor:017]:   Unit of Measurement: 'dBm'
[21:37:23.697][C][wifi_signal.sensor:017]:   Accuracy Decimals: 0
[21:37:23.718][C][wifi_signal.sensor:165]:   Device Class: 'signal_strength'
[21:37:23.724][C][mdns:259]: mDNS:
[21:37:23.724][C][mdns:259]:   Hostname: esp32-bsh-washer
[21:37:23.877][D][main:661]: Received frame dest 0x0f cmd 0xe000: 0x05
[21:37:23.896][D][bshdbus:090]: Missed ACK for dest 0x0f of preceding frame
[21:37:23.929][D][bshdbus:061]: Discarding 10 bytes of unparsed data after timeout of 32 ms: 0x0a041fe00105020b6f1a
[21:37:25.881][D][main:661]: Received frame dest 0x0f cmd 0xe000: 0x05
[21:37:25.892][D][bshdbus:090]: Missed ACK for dest 0x0f of preceding frame
[21:37:25.904][D][bshdbus:061]: Discarding 1 bytes of unparsed data after timeout of 24 ms: 0x0a
[21:37:25.913][D][main:661]: Received frame dest 0x1f cmd 0xe001: 0x0502
[21:37:27.888][D][main:661]: Received frame dest 0x0f cmd 0xe000: 0x05
[21:37:27.915][D][bshdbus:090]: Missed ACK for dest 0x0f of preceding frame
[21:37:27.940][D][bshdbus:061]: Discarding 10 bytes of unparsed data after timeout of 32 ms: 0x0a041fe00105020b6f1a
[21:37:29.890][D][main:661]: Received frame dest 0x0f cmd 0xe000: 0x05
[21:37:29.904][D][bshdbus:090]: Missed ACK for dest 0x0f of preceding frame
[21:37:29.916][D][bshdbus:061]: Discarding 1 bytes of unparsed data after timeout of 27 ms: 0x0a
[21:37:29.925][D][main:661]: Received frame dest 0x1f cmd 0xe001: 0x0502
[21:37:31.289][W][api.connection:2675]: ESPHome Logs 2026.9.0 (192.168.1.14): Reading failed CONNECTION_CLOSED errno=128
[21:37:31.895][D][main:661]: Received frame dest 0x0f cmd 0xe000: 0x05
[21:37:31.902][D][bshdbus:090]: Missed ACK for dest 0x0f of preceding frame
[21:37:31.942][D][bshdbus:061]: Discarding 10 bytes of unparsed data after timeout of 32 ms: 0x0a041fe00105020b6f1a
[21:37:33.895][D][main:661]: Received frame dest 0x0f cmd 0xe000: 0x05
[21:37:33.903][D][bshdbus:090]: Missed ACK for dest 0x0f of preceding frame
[21:37:33.987][D][bshdbus:061]: Discarding 1 bytes of unparsed data after timeout of 24 ms: 0x0a
[21:37:34.004][D][main:661]: Received frame dest 0x1f cmd 0xe001: 0x0502
[21:37:35.898][D][main:661]: Received frame dest 0x0f cmd 0xe000: 0x05
[21:37:35.905][D][bshdbus:090]: Missed ACK for dest 0x0f of preceding frame
[21:37:35.921][D][bshdbus:061]: Discarding 1 bytes of unparsed data after timeout of 21 ms: 0x0a
[21:37:35.930][D][main:661]: Received frame dest 0x1f cmd 0xe001: 0x0502
[21:37:37.904][D][main:661]: Received frame dest 0x0f cmd 0xe000: 0x05
[21:37:37.914][D][bshdbus:090]: Missed ACK for dest 0x0f of preceding frame
[21:37:37.950][D][bshdbus:061]: Discarding 10 bytes of unparsed data after timeout of 33 ms: 0x0a041fe00105020b6f1a
[21:37:39.908][D][main:661]: Received frame dest 0x0f cmd 0xe000: 0x05
[21:37:39.930][D][bshdbus:090]: Missed ACK for dest 0x0f of preceding frame
[21:37:39.968][D][bshdbus:061]: Discarding 1 bytes of unparsed data after timeout of 24 ms: 0x0a
[21:37:39.985][D][main:661]: Received frame dest 0x1f cmd 0xe001: 0x0502
[21:37:41.911][D][main:661]: Received frame dest 0x0f cmd 0xe000: 0x05
[21:37:41.923][D][bshdbus:090]: Missed ACK for dest 0x0f of preceding frame
[21:37:41.962][D][bshdbus:061]: Discarding 10 bytes of unparsed data after timeout of 33 ms: 0x0a041fe00105020b6f1a
[21:37:43.967][D][main:661]: Received frame dest 0x0f cmd 0xe000: 0x05
[21:37:43.978][D][bshdbus:090]: Missed ACK for dest 0x0f of preceding frame
[21:37:43.985][D][bshdbus:061]: Discarding 1 bytes of unparsed data after timeout of 29 ms: 0x0a
[21:37:44.007][D][main:661]: Received frame dest 0x1f cmd 0xe001: 0x0502
[21:37:45.924][D][main:661]: Received frame dest 0x0f cmd 0xe000: 0x05
[21:37:45.932][D][bshdbus:090]: Missed ACK for dest 0x0f of preceding frame
[21:37:45.971][D][bshdbus:061]: Discarding 10 bytes of unparsed data after timeout of 32 ms: 0x0a041fe00105020b6f1a
[21:37:48.014][D][main:661]: Received frame dest 0x0f cmd 0xe000: 0x05
[21:37:48.021][D][bshdbus:090]: Missed ACK for dest 0x0f of preceding frame
[21:37:48.032][D][bshdbus:061]: Discarding 1 bytes of unparsed data after timeout of 22 ms: 0x0a
[21:37:48.042][D][main:661]: Received frame dest 0x1f cmd 0xe001: 0x0502
[21:37:49.926][D][main:661]: Received frame dest 0x0f cmd 0xe000: 0x05
[21:37:49.934][D][bshdbus:090]: Missed ACK for dest 0x0f of preceding frame
[21:37:49.949][D][bshdbus:061]: Discarding 1 bytes of unparsed data after timeout of 26 ms: 0x0a
[21:37:49.962][D][main:661]: Received frame dest 0x1f cmd 0xe001: 0x0502
[21:37:51.930][D][main:661]: Received frame dest 0x0f cmd 0xe000: 0x05
[21:37:51.938][D][bshdbus:090]: Missed ACK for dest 0x0f of preceding frame
[21:37:51.967][D][bshdbus:061]: Discarding 1 bytes of unparsed data after timeout of 25 ms: 0x0a
[21:37:51.977][D][main:661]: Received frame dest 0x1f cmd 0xe001: 0x0502
[21:37:53.931][D][main:661]: Received frame dest 0x0f cmd 0xe000: 0x05
[21:37:53.945][D][bshdbus:090]: Missed ACK for dest 0x0f of preceding frame
[21:37:53.985][D][bshdbus:061]: Discarding 10 bytes of unparsed data after timeout of 32 ms: 0x0a041fe00105020b6f1a
[21:37:55.938][D][main:661]: Received frame dest 0x0f cmd 0xe000: 0x05
[21:37:55.950][D][bshdbus:090]: Missed ACK for dest 0x0f of preceding frame
[21:37:55.984][D][bshdbus:061]: Discarding 10 bytes of unparsed data after timeout of 32 ms: 0x0a041fe00105020b6f1a
[21:37:57.940][D][main:661]: Received frame dest 0x0f cmd 0xe000: 0x05
[21:37:57.948][D][bshdbus:090]: Missed ACK for dest 0x0f of preceding frame
[21:37:58.007][D][bshdbus:061]: Discarding 10 bytes of unparsed data after timeout of 32 ms: 0x0a041fe00105020b6f1a
[21:37:59.959][D][main:661]: Received frame dest 0x0f cmd 0xe000: 0x05
[21:37:59.969][D][bshdbus:090]: Missed ACK for dest 0x0f of preceding frame
[21:37:59.978][D][bshdbus:061]: Discarding 1 bytes of unparsed data after timeout of 28 ms: 0x0a
[21:37:59.986][D][main:661]: Received frame dest 0x1f cmd 0xe001: 0x0502
[21:38:01.946][D][main:661]: Received frame dest 0x0f cmd 0xe000: 0x05
[21:38:01.954][D][bshdbus:090]: Missed ACK for dest 0x0f of preceding frame
[21:38:02.073][D][bshdbus:061]: Discarding 10 bytes of unparsed data after timeout of 32 ms: 0x0a041fe00105020b6f1a
[21:38:03.954][D][main:661]: Received frame dest 0x0f cmd 0xe000: 0x05
[21:38:03.966][D][bshdbus:090]: Missed ACK for dest 0x0f of preceding frame
[21:38:04.000][D][bshdbus:061]: Discarding 10 bytes of unparsed data after timeout of 32 ms: 0x0a041fe00105020b6f1a
[21:38:05.953][D][main:661]: Received frame dest 0x0f cmd 0xe000: 0x05
[21:38:05.962][D][bshdbus:090]: Missed ACK for dest 0x0f of preceding frame
[21:38:05.999][D][bshdbus:061]: Discarding 1 bytes of unparsed data after timeout of 25 ms: 0x0a
[21:38:06.007][D][main:661]: Received frame dest 0x1f cmd 0xe001: 0x0502
[21:38:07.958][D][main:661]: Received frame dest 0x0f cmd 0xe000: 0x05
[21:38:07.966][D][bshdbus:090]: Missed ACK for dest 0x0f of preceding frame
[21:38:08.014][D][bshdbus:061]: Discarding 10 bytes of unparsed data after timeout of 32 ms: 0x0a041fe00105020b6f1a
[21:38:09.960][D][main:661]: Received frame dest 0x0f cmd 0xe000: 0x05
[21:38:09.969][D][bshdbus:090]: Missed ACK for dest 0x0f of preceding frame
[21:38:09.989][D][bshdbus:061]: Discarding 1 bytes of unparsed data after timeout of 27 ms: 0x0a
[21:38:09.998][D][main:661]: Received frame dest 0x1f cmd 0xe001: 0x0502
[21:38:11.991][D][main:661]: Received frame dest 0x0f cmd 0xe000: 0x05
[21:38:11.998][D][bshdbus:090]: Missed ACK for dest 0x0f of preceding frame
[21:38:12.011][D][bshdbus:061]: Discarding 10 bytes of unparsed data after timeout of 32 ms: 0x0a041fe00105020b6f1a
[21:38:13.973][D][main:661]: Received frame dest 0x0f cmd 0xe000: 0x05
[21:38:13.991][D][bshdbus:090]: Missed ACK for dest 0x0f of preceding frame
[21:38:14.018][D][bshdbus:061]: Discarding 10 bytes of unparsed data after timeout of 32 ms: 0x0a041fe00105020b6f1a
[21:38:15.971][D][main:661]: Received frame dest 0x0f cmd 0xe000: 0x05
[21:38:15.980][D][bshdbus:090]: Missed ACK for dest 0x0f of preceding frame
[21:38:15.993][D][bshdbus:061]: Discarding 1 bytes of unparsed data after timeout of 23 ms: 0x0a
[21:38:16.000][D][main:661]: Received frame dest 0x1f cmd 0xe001: 0x0502
[21:38:17.330][I][safe_mode:154]: Boot seems successful; resetting boot loop counter
[21:38:17.978][D][main:661]: Received frame dest 0x0f cmd 0xe000: 0x05
[21:38:17.995][D][bshdbus:090]: Missed ACK for dest 0x0f of preceding frame
[21:38:18.029][D][bshdbus:061]: Discarding 10 bytes of unparsed data after timeout of 32 ms: 0x0a041fe00105020b6f1a
[21:38:19.119][S][sensor]: 'Uptime s' >> 62 s
[21:38:19.398][S][sensor]: 'ESP Internal Temperature' >> 54.3 °C
[21:38:19.731][S][sensor]: 'WiFi RSSI' >> -77 dBm
[21:38:19.979][D][main:661]: Received frame dest 0x0f cmd 0xe000: 0x05
[21:38:19.995][D][bshdbus:090]: Missed ACK for dest 0x0f of preceding frame
[21:38:20.040][D][bshdbus:061]: Discarding 10 bytes of unparsed data after timeout of 32 ms: 0x0a041fe00105020b6f1a
[21:38:20.804][S][text_sensor]: 'Uptime' >> '00d 00h 1m 2s'
[21:38:21.985][D][main:661]: Received frame dest 0x0f cmd 0xe000: 0x05
[21:38:22.000][D][bshdbus:090]: Missed ACK for dest 0x0f of preceding frame
[21:38:22.009][D][bshdbus:061]: Discarding 1 bytes of unparsed data after timeout of 26 ms: 0x0a
[21:38:22.027][D][main:661]: Received frame dest 0x1f cmd 0xe001: 0x0502
[21:38:23.986][D][main:661]: Received frame dest 0x0f cmd 0xe000: 0x05
[21:38:24.019][D][bshdbus:090]: Missed ACK for dest 0x0f of preceding frame
[21:38:24.029][D][bshdbus:061]: Discarding 1 bytes of unparsed data after timeout of 21 ms: 0x0a
[21:38:24.038][D][main:661]: Received frame dest 0x1f cmd 0xe001: 0x0502
[21:38:25.991][D][main:661]: Received frame dest 0x0f cmd 0xe000: 0x05
[21:38:26.000][D][bshdbus:090]: Missed ACK for dest 0x0f of preceding frame
[21:38:26.011][D][bshdbus:061]: Discarding 1 bytes of unparsed data after timeout of 22 ms: 0x0a
[21:38:26.020][D][main:661]: Received frame dest 0x1f cmd 0xe001: 0x0502
[21:38:27.993][D][main:661]: Received frame dest 0x0f cmd 0xe000: 0x05
[21:38:28.012][D][bshdbus:090]: Missed ACK for dest 0x0f of preceding frame
[21:38:28.021][D][bshdbus:061]: Discarding 1 bytes of unparsed data after timeout of 28 ms: 0x0a
[21:38:28.027][D][main:661]: Received frame dest 0x1f cmd 0xe001: 0x0502
[21:38:29.997][D][main:661]: Received frame dest 0x0f cmd 0xe000: 0x05
[21:38:30.019][D][bshdbus:090]: Missed ACK for dest 0x0f of preceding frame
[21:38:30.064][D][bshdbus:061]: Discarding 10 bytes of unparsed data after timeout of 32 ms: 0x0a041fe00105020b6f1a
[21:38:32.027][D][main:661]: Received frame dest 0x0f cmd 0xe000: 0x05
[21:38:32.035][D][bshdbus:090]: Missed ACK for dest 0x0f of preceding frame
[21:38:32.041][D][bshdbus:061]: Discarding 1 bytes of unparsed data after timeout of 26 ms: 0x0a
[21:38:32.049][D][main:661]: Received frame dest 0x1f cmd 0xe001: 0x0502
[21:38:34.004][D][main:661]: Received frame dest 0x0f cmd 0xe000: 0x05
[21:38:34.012][D][bshdbus:090]: Missed ACK for dest 0x0f of preceding frame
[21:38:34.027][D][bshdbus:061]: Discarding 1 bytes of unparsed data after timeout of 23 ms: 0x0a
[21:38:34.034][D][main:661]: Received frame dest 0x1f cmd 0xe001: 0x0502
[21:38:36.008][D][main:661]: Received frame dest 0x0f cmd 0xe000: 0x05
[21:38:36.019][D][bshdbus:090]: Missed ACK for dest 0x0f of preceding frame
[21:38:36.062][D][bshdbus:061]: Discarding 10 bytes of unparsed data after timeout of 32 ms: 0x0a041fe00105020b6f1a
[21:38:38.012][D][main:661]: Received frame dest 0x0f cmd 0xe000: 0x05
[21:38:38.040][D][bshdbus:090]: Missed ACK for dest 0x0f of preceding frame
[21:38:38.048][D][bshdbus:061]: Discarding 1 bytes of unparsed data after timeout of 23 ms: 0x0a
[21:38:38.058][D][main:661]: Received frame dest 0x1f cmd 0xe001: 0x0502
[21:38:40.015][D][main:661]: Received frame dest 0x0f cmd 0xe000: 0x05
[21:38:40.027][D][bshdbus:090]: Missed ACK for dest 0x0f of preceding frame
[21:38:40.064][D][bshdbus:061]: Discarding 10 bytes of unparsed data after timeout of 32 ms: 0x0a041fe00105020b6f1a
[21:38:42.020][D][main:661]: Received frame dest 0x0f cmd 0xe000: 0x05
[21:38:42.046][D][bshdbus:090]: Missed ACK for dest 0x0f of preceding frame
[21:38:42.062][D][bshdbus:061]: Discarding 10 bytes of unparsed data after timeout of 24 ms: 0x0a041fe00105020b6f1a
[21:38:44.024][D][main:661]: Received frame dest 0x0f cmd 0xe000: 0x05
[21:38:44.031][D][bshdbus:090]: Missed ACK for dest 0x0f of preceding frame
[21:38:44.047][D][bshdbus:061]: Discarding 1 bytes of unparsed data after timeout of 26 ms: 0x0a
[21:38:44.059][D][main:661]: Received frame dest 0x1f cmd 0xe001: 0x0502
[21:38:46.035][D][main:661]: Received frame dest 0x0f cmd 0xe000: 0x05
[21:38:46.043][D][bshdbus:090]: Missed ACK for dest 0x0f of preceding frame
[21:38:46.072][D][bshdbus:061]: Discarding 10 bytes of unparsed data after timeout of 33 ms: 0x0a041fe00105020b6f1a
[21:38:48.029][D][main:661]: Received frame dest 0x0f cmd 0xe000: 0x05
[21:38:48.037][D][bshdbus:090]: Missed ACK for dest 0x0f of preceding frame
[21:38:48.082][D][bshdbus:061]: Discarding 10 bytes of unparsed data after timeout of 32 ms: 0x0a041fe00105020b6f1a
[21:38:50.033][D][main:661]: Received frame dest 0x0f cmd 0xe000: 0x05
[21:38:50.044][D][bshdbus:090]: Missed ACK for dest 0x0f of preceding frame
[21:38:50.080][D][bshdbus:061]: Discarding 10 bytes of unparsed data after timeout of 32 ms: 0x0a041fe00105020b6f1a
[21:38:52.041][D][main:661]: Received frame dest 0x0f cmd 0xe000: 0x05
[21:38:52.064][D][bshdbus:090]: Missed ACK for dest 0x0f of preceding frame
[21:38:52.100][D][bshdbus:061]: Discarding 10 bytes of unparsed data after timeout of 32 ms: 0x0a041fe00105020b6f1a
[21:38:54.040][D][main:661]: Received frame dest 0x0f cmd 0xe000: 0x05
[21:38:54.052][D][bshdbus:090]: Missed ACK for dest 0x0f of preceding frame
[21:38:54.067][D][bshdbus:061]: Discarding 1 bytes of unparsed data after timeout of 27 ms: 0x0a
[21:38:54.077][D][main:661]: Received frame dest 0x1f cmd 0xe001: 0x0502
[21:38:56.053][D][main:661]: Received frame dest 0x0f cmd 0xe000: 0x05
[21:38:56.084][D][bshdbus:090]: Missed ACK for dest 0x0f of preceding frame
[21:38:56.112][D][bshdbus:061]: Discarding 1 bytes of unparsed data after timeout of 27 ms: 0x0a
[21:38:56.122][D][main:661]: Received frame dest 0x1f cmd 0xe001: 0x0502
[21:38:58.049][D][main:661]: Received frame dest 0x0f cmd 0xe000: 0x05
[21:38:58.057][D][bshdbus:090]: Missed ACK for dest 0x0f of preceding frame
[21:38:58.072][D][bshdbus:061]: Discarding 1 bytes of unparsed data after timeout of 22 ms: 0x0a
[21:38:58.081][D][main:661]: Received frame dest 0x1f cmd 0xe001: 0x0502
[21:39:00.063][D][main:661]: Received frame dest 0x0f cmd 0xe000: 0x05
[21:39:00.082][D][bshdbus:090]: Missed ACK for dest 0x0f of preceding frame
[21:39:00.098][D][bshdbus:061]: Discarding 10 bytes of unparsed data after timeout of 32 ms: 0x0a041fe00105020b6f1a
[21:39:02.055][D][main:661]: Received frame dest 0x0f cmd 0xe000: 0x05
[21:39:02.064][D][bshdbus:090]: Missed ACK for dest 0x0f of preceding frame
[21:39:02.095][D][bshdbus:061]: Discarding 1 bytes of unparsed data after timeout of 21 ms: 0x0a
[21:39:02.123][D][main:661]: Received frame dest 0x1f cmd 0xe001: 0x0502
[21:39:04.059][D][main:661]: Received frame dest 0x0f cmd 0xe000: 0x05
[21:39:04.072][D][bshdbus:090]: Missed ACK for dest 0x0f of preceding frame
[21:39:04.084][D][bshdbus:061]: Discarding 1 bytes of unparsed data after timeout of 27 ms: 0x0a
[21:39:04.151][D][main:661]: Received frame dest 0x1f cmd 0xe001: 0x0502
[21:39:06.062][D][main:661]: Received frame dest 0x0f cmd 0xe000: 0x05
[21:39:06.074][D][bshdbus:090]: Missed ACK for dest 0x0f of preceding frame
[21:39:06.085][D][bshdbus:061]: Discarding 1 bytes of unparsed data after timeout of 24 ms: 0x0a
[21:39:06.098][D][main:661]: Received frame dest 0x1f cmd 0xe001: 0x0502
[21:39:08.067][D][main:661]: Received frame dest 0x0f cmd 0xe000: 0x05
[21:39:08.075][D][bshdbus:090]: Missed ACK for dest 0x0f of preceding frame
[21:39:08.100][D][bshdbus:061]: Discarding 1 bytes of unparsed data after timeout of 29 ms: 0x0a
[21:39:08.107][D][main:661]: Received frame dest 0x1f cmd 0xe001: 0x0502
[21:39:10.072][D][main:661]: Received frame dest 0x0f cmd 0xe000: 0x05
[21:39:10.080][D][bshdbus:090]: Missed ACK for dest 0x0f of preceding frame
[21:39:10.102][D][bshdbus:061]: Discarding 1 bytes of unparsed data after timeout of 22 ms: 0x0a
[21:39:10.111][D][main:661]: Received frame dest 0x1f cmd 0xe001: 0x0502
[21:39:12.074][D][main:661]: Received frame dest 0x0f cmd 0xe000: 0x05
[21:39:12.084][D][bshdbus:090]: Missed ACK for dest 0x0f of preceding frame
[21:39:12.101][D][bshdbus:061]: Discarding 1 bytes of unparsed data after timeout of 29 ms: 0x0a
[21:39:12.108][D][main:661]: Received frame dest 0x1f cmd 0xe001: 0x0502
[21:39:14.080][D][main:661]: Received frame dest 0x0f cmd 0xe000: 0x05
[21:39:14.093][D][bshdbus:090]: Missed ACK for dest 0x0f of preceding frame
[21:39:14.125][D][bshdbus:061]: Discarding 10 bytes of unparsed data after timeout of 33 ms: 0x0a041fe00105020b6f1a
[21:39:16.081][D][main:661]: Received frame dest 0x0f cmd 0xe000: 0x05
[21:39:16.088][D][bshdbus:090]: Missed ACK for dest 0x0f of preceding frame
[21:39:16.197][D][bshdbus:061]: Discarding 10 bytes of unparsed data after timeout of 32 ms: 0x0a041fe00105020b6f1a
[21:39:18.085][D][main:661]: Received frame dest 0x0f cmd 0xe000: 0x05
[21:39:18.092][D][bshdbus:090]: Missed ACK for dest 0x0f of preceding frame
[21:39:18.132][D][bshdbus:061]: Discarding 10 bytes of unparsed data after timeout of 32 ms: 0x0a041fe00105020b6f1a
[21:39:19.127][S][sensor]: 'Uptime s' >> 122 s
[21:39:19.405][S][sensor]: 'ESP Internal Temperature' >> 54.3 °C
[21:39:19.740][S][sensor]: 'WiFi RSSI' >> -76 dBm
[21:39:20.090][D][main:661]: Received frame dest 0x0f cmd 0xe000: 0x05
[21:39:20.097][D][bshdbus:090]: Missed ACK for dest 0x0f of preceding frame
[21:39:20.136][D][bshdbus:061]: Discarding 10 bytes of unparsed data after timeout of 32 ms: 0x0a041fe00105020b6f1a
[21:39:20.778][S][text_sensor]: 'Uptime' >> '00d 00h 2m 2s'
[21:39:22.092][D][main:661]: Received frame dest 0x0f cmd 0xe000: 0x05
[21:39:22.099][D][bshdbus:090]: Missed ACK for dest 0x0f of preceding frame
[21:39:22.118][D][bshdbus:061]: Discarding 1 bytes of unparsed data after timeout of 27 ms: 0x0a
[21:39:22.134][D][main:661]: Received frame dest 0x1f cmd 0xe001: 0x0502
[21:39:24.095][D][main:661]: Received frame dest 0x0f cmd 0xe000: 0x05
[21:39:24.102][D][bshdbus:090]: Missed ACK for dest 0x0f of preceding frame
[21:39:24.127][D][bshdbus:061]: Discarding 1 bytes of unparsed data after timeout of 23 ms: 0x0a
[21:39:24.135][D][main:661]: Received frame dest 0x1f cmd 0xe001: 0x0502
[21:39:26.099][D][main:661]: Received frame dest 0x0f cmd 0xe000: 0x05
[21:39:26.107][D][bshdbus:090]: Missed ACK for dest 0x0f of preceding frame
[21:39:26.126][D][bshdbus:061]: Discarding 1 bytes of unparsed data after timeout of 28 ms: 0x0a
[21:39:26.135][D][main:661]: Received frame dest 0x1f cmd 0xe001: 0x0502
[21:39:28.104][D][main:661]: Received frame dest 0x0f cmd 0xe000: 0x05
[21:39:28.124][D][bshdbus:090]: Missed ACK for dest 0x0f of preceding frame
[21:39:28.133][D][bshdbus:061]: Discarding 1 bytes of unparsed data after timeout of 29 ms: 0x0a
[21:39:28.140][D][main:661]: Received frame dest 0x1f cmd 0xe001: 0x0502
[21:39:30.110][D][main:661]: Received frame dest 0x0f cmd 0xe000: 0x05
[21:39:30.120][D][bshdbus:090]: Missed ACK for dest 0x0f of preceding frame
[21:39:30.170][D][bshdbus:061]: Discarding 10 bytes of unparsed data after timeout of 32 ms: 0x0a041fe00105020b6f1a
[21:39:32.114][D][main:661]: Received frame dest 0x0f cmd 0xe000: 0x05
[21:39:32.121][D][bshdbus:090]: Missed ACK for dest 0x0f of preceding frame
[21:39:32.161][D][bshdbus:061]: Discarding 10 bytes of unparsed data after timeout of 32 ms: 0x0a041fe00105020b6f1a
[21:39:34.114][D][main:661]: Received frame dest 0x0f cmd 0xe000: 0x05
[21:39:34.121][D][bshdbus:090]: Missed ACK for dest 0x0f of preceding frame
[21:39:34.168][D][bshdbus:061]: Discarding 10 bytes of unparsed data after timeout of 32 ms: 0x0a041fe00105020b6f1a
[21:39:36.127][D][main:661]: Received frame dest 0x0f cmd 0xe000: 0x05
[21:39:36.136][D][bshdbus:090]: Missed ACK for dest 0x0f of preceding frame
[21:39:36.166][D][bshdbus:061]: Discarding 10 bytes of unparsed data after timeout of 32 ms: 0x0a041fe00105020b6f1a
[21:39:38.122][D][main:661]: Received frame dest 0x0f cmd 0xe000: 0x05
[21:39:38.129][D][bshdbus:090]: Missed ACK for dest 0x0f of preceding frame
[21:39:38.163][D][bshdbus:061]: Discarding 1 bytes of unparsed data after timeout of 28 ms: 0x0a
[21:39:38.170][D][main:661]: Received frame dest 0x1f cmd 0xe001: 0x0502
[21:39:40.125][D][main:661]: Received frame dest 0x0f cmd 0xe000: 0x05
[21:39:40.132][D][bshdbus:090]: Missed ACK for dest 0x0f of preceding frame
[21:39:40.178][D][bshdbus:061]: Discarding 10 bytes of unparsed data after timeout of 32 ms: 0x0a041fe00105020b6f1a
[21:39:42.152][D][main:661]: Received frame dest 0x0f cmd 0xe000: 0x05
[21:39:42.193][D][bshdbus:090]: Missed ACK for dest 0x0f of preceding frame
[21:39:42.204][D][bshdbus:061]: Discarding 10 bytes of unparsed data after timeout of 32 ms: 0x0a041fe00105020b6f1a
[21:39:44.132][D][main:661]: Received frame dest 0x0f cmd 0xe000: 0x05
[21:39:44.138][D][bshdbus:090]: Missed ACK for dest 0x0f of preceding frame
[21:39:44.160][D][bshdbus:061]: Discarding 1 bytes of unparsed data after timeout of 29 ms: 0x0a
[21:39:44.169][D][main:661]: Received frame dest 0x1f cmd 0xe001: 0x0502
[21:39:46.159][D][main:661]: Received frame dest 0x0f cmd 0xe000: 0x05
[21:39:46.167][D][bshdbus:090]: Missed ACK for dest 0x0f of preceding frame
[21:39:46.191][D][bshdbus:061]: Discarding 10 bytes of unparsed data after timeout of 32 ms: 0x0a041fe00105020b6f1a
[21:39:48.140][D][main:661]: Received frame dest 0x0f cmd 0xe000: 0x05
[21:39:48.147][D][bshdbus:090]: Missed ACK for dest 0x0f of preceding frame
[21:39:48.195][D][bshdbus:061]: Discarding 10 bytes of unparsed data after timeout of 32 ms: 0x0a041fe00105020b6f1a
[21:39:50.144][D][main:661]: Received frame dest 0x0f cmd 0xe000: 0x05
[21:39:50.152][D][bshdbus:090]: Missed ACK for dest 0x0f of preceding frame
[21:39:50.194][D][bshdbus:061]: Discarding 10 bytes of unparsed data after timeout of 32 ms: 0x0a041fe00105020b6f1a
[21:39:52.152][D][main:661]: Received frame dest 0x0f cmd 0xe000: 0x05
[21:39:52.160][D][bshdbus:090]: Missed ACK for dest 0x0f of preceding frame
[21:39:52.215][D][bshdbus:061]: Discarding 10 bytes of unparsed data after timeout of 32 ms: 0x0a041fe00105020b6f1a
[21:39:54.151][D][main:661]: Received frame dest 0x0f cmd 0xe000: 0x05
[21:39:54.161][D][bshdbus:090]: Missed ACK for dest 0x0f of preceding frame
[21:39:54.203][D][bshdbus:061]: Discarding 10 bytes of unparsed data after timeout of 32 ms: 0x0a041fe00105020b6f1a
[21:39:56.155][D][main:661]: Received frame dest 0x0f cmd 0xe000: 0x05
[21:39:56.169][D][bshdbus:090]: Missed ACK for dest 0x0f of preceding frame
[21:39:56.181][D][bshdbus:061]: Discarding 1 bytes of unparsed data after timeout of 23 ms: 0x0a
[21:39:56.191][D][main:661]: Received frame dest 0x1f cmd 0xe001: 0x0502
[21:39:58.162][D][main:661]: Received frame dest 0x0f cmd 0xe000: 0x05
[21:39:58.179][D][bshdbus:090]: Missed ACK for dest 0x0f of preceding frame
[21:39:58.189][D][bshdbus:061]: Discarding 1 bytes of unparsed data after timeout of 23 ms: 0x0a
[21:39:58.195][D][main:661]: Received frame dest 0x1f cmd 0xe001: 0x0502
[21:40:00.174][D][main:661]: Received frame dest 0x0f cmd 0xe000: 0x05
[21:40:00.182][D][bshdbus:090]: Missed ACK for dest 0x0f of preceding frame
[21:40:00.187][D][bshdbus:061]: Discarding 1 bytes of unparsed data after timeout of 25 ms: 0x0a
[21:40:00.193][D][main:661]: Received frame dest 0x1f cmd 0xe001: 0x0502
[21:40:02.166][D][main:661]: Received frame dest 0x0f cmd 0xe000: 0x05
[21:40:02.183][D][bshdbus:090]: Missed ACK for dest 0x0f of preceding frame
[21:40:02.252][D][bshdbus:061]: Discarding 10 bytes of unparsed data after timeout of 32 ms: 0x0a041fe00105020b6f1a
[21:40:04.170][D][main:661]: Received frame dest 0x0f cmd 0xe000: 0x05
[21:40:04.186][D][bshdbus:090]: Missed ACK for dest 0x0f of preceding frame
[21:40:04.219][D][bshdbus:061]: Discarding 10 bytes of unparsed data after timeout of 33 ms: 0x0a041fe00105020b6f1a
[21:40:06.203][D][main:661]: Received frame dest 0x0f cmd 0xe000: 0x05
[21:40:06.218][D][bshdbus:090]: Missed ACK for dest 0x0f of preceding frame
[21:40:06.224][D][bshdbus:061]: Discarding 10 bytes of unparsed data after timeout of 33 ms: 0x0a041fe00105020b6f1a
[21:40:08.178][D][main:661]: Received frame dest 0x0f cmd 0xe000: 0x05
[21:40:08.184][D][bshdbus:090]: Missed ACK for dest 0x0f of preceding frame
[21:40:08.228][D][bshdbus:061]: Discarding 10 bytes of unparsed data after timeout of 32 ms: 0x0a041fe00105020b6f1a
[21:40:10.180][D][main:661]: Received frame dest 0x0f cmd 0xe000: 0x05
[21:40:10.189][D][bshdbus:090]: Missed ACK for dest 0x0f of preceding frame
[21:40:10.214][D][bshdbus:061]: Discarding 1 bytes of unparsed data after timeout of 28 ms: 0x0a
[21:40:10.220][D][main:661]: Received frame dest 0x1f cmd 0xe001: 0x0502
[21:40:12.187][D][main:661]: Received frame dest 0x0f cmd 0xe000: 0x05
[21:40:12.193][D][bshdbus:090]: Missed ACK for dest 0x0f of preceding frame
[21:40:12.204][D][bshdbus:061]: Discarding 1 bytes of unparsed data after timeout of 22 ms: 0x0a
[21:40:12.212][D][main:661]: Received frame dest 0x1f cmd 0xe001: 0x0502
[21:40:14.190][D][main:661]: Received frame dest 0x0f cmd 0xe000: 0x05
[21:40:14.210][D][bshdbus:090]: Missed ACK for dest 0x0f of preceding frame
[21:40:14.236][D][bshdbus:061]: Discarding 10 bytes of unparsed data after timeout of 32 ms: 0x0a041fe00105020b6f1a
[21:40:16.191][D][main:661]: Received frame dest 0x0f cmd 0xe000: 0x05
[21:40:16.212][D][bshdbus:090]: Missed ACK for dest 0x0f of preceding frame
[21:40:16.219][D][bshdbus:061]: Discarding 1 bytes of unparsed data after timeout of 22 ms: 0x0a
[21:40:16.227][D][main:661]: Received frame dest 0x1f cmd 0xe001: 0x0502
[21:40:18.195][D][main:661]: Received frame dest 0x0f cmd 0xe000: 0x05
[21:40:18.204][D][bshdbus:090]: Missed ACK for dest 0x0f of preceding frame
[21:40:18.235][D][bshdbus:061]: Discarding 1 bytes of unparsed data after timeout of 29 ms: 0x0a
[21:40:18.247][D][main:661]: Received frame dest 0x1f cmd 0xe001: 0x0502
[21:40:19.124][S][sensor]: 'Uptime s' >> 182 s
[21:40:19.415][S][sensor]: 'ESP Internal Temperature' >> 53.3 °C
[21:40:19.741][S][sensor]: 'WiFi RSSI' >> -77 dBm
[21:40:20.198][D][main:661]: Received frame dest 0x0f cmd 0xe000: 0x05
[21:40:20.205][D][bshdbus:090]: Missed ACK for dest 0x0f of preceding frame
[21:40:20.226][D][bshdbus:061]: Discarding 1 bytes of unparsed data after timeout of 27 ms: 0x0a
[21:40:20.236][D][main:661]: Received frame dest 0x1f cmd 0xe001: 0x0502
[21:40:20.775][S][text_sensor]: 'Uptime' >> '00d 00h 3m 2s'
[21:40:22.202][D][main:661]: Received frame dest 0x0f cmd 0xe000: 0x05
[21:40:22.210][D][bshdbus:090]: Missed ACK for dest 0x0f of preceding frame
[21:40:22.280][D][bshdbus:061]: Discarding 10 bytes of unparsed data after timeout of 32 ms: 0x0a041fe00105020b6f1a
[21:40:24.206][D][main:661]: Received frame dest 0x0f cmd 0xe000: 0x05
[21:40:24.213][D][bshdbus:090]: Missed ACK for dest 0x0f of preceding frame
[21:40:24.254][D][bshdbus:061]: Discarding 10 bytes of unparsed data after timeout of 32 ms: 0x0a041fe00105020b6f1a
[21:40:26.210][D][main:661]: Received frame dest 0x0f cmd 0xe000: 0x05
[21:40:26.222][D][bshdbus:090]: Missed ACK for dest 0x0f of preceding frame
[21:40:26.260][D][bshdbus:061]: Discarding 10 bytes of unparsed data after timeout of 33 ms: 0x0a041fe00105020b6f1a
[21:40:28.214][D][main:661]: Received frame dest 0x0f cmd 0xe000: 0x05
[21:40:28.241][D][bshdbus:090]: Missed ACK for dest 0x0f of preceding frame
[21:40:28.250][D][bshdbus:061]: Discarding 1 bytes of unparsed data after timeout of 24 ms: 0x0a
[21:40:28.259][D][main:661]: Received frame dest 0x1f cmd 0xe001: 0x0502
[21:40:30.219][D][main:661]: Received frame dest 0x0f cmd 0xe000: 0x05
[21:40:30.224][D][bshdbus:090]: Missed ACK for dest 0x0f of preceding frame
[21:40:30.286][D][bshdbus:061]: Discarding 10 bytes of unparsed data after timeout of 32 ms: 0x0a041fe00105020b6f1a
[21:40:32.260][D][main:661]: Received frame dest 0x0f cmd 0xe000: 0x05
[21:40:32.329][D][bshdbus:090]: Missed ACK for dest 0x0f of preceding frame
[21:40:32.335][D][bshdbus:061]: Discarding 10 bytes of unparsed data after timeout of 33 ms: 0x0a041fe00105020b6f1a
[21:40:34.225][D][main:661]: Received frame dest 0x0f cmd 0xe000: 0x05
[21:40:34.232][D][bshdbus:090]: Missed ACK for dest 0x0f of preceding frame
[21:40:34.279][D][bshdbus:061]: Discarding 10 bytes of unparsed data after timeout of 32 ms: 0x0a041fe00105020b6f1a
[21:40:36.274][D][main:661]: Received frame dest 0x0f cmd 0xe000: 0x05
[21:40:36.304][D][bshdbus:090]: Missed ACK for dest 0x0f of preceding frame
[21:40:36.318][D][bshdbus:061]: Discarding 1 bytes of unparsed data after timeout of 25 ms: 0x0a
[21:40:36.328][D][main:661]: Received frame dest 0x1f cmd 0xe001: 0x0502
[21:40:38.235][D][main:661]: Received frame dest 0x0f cmd 0xe000: 0x05
[21:40:38.263][D][bshdbus:090]: Missed ACK for dest 0x0f of preceding frame
[21:40:38.305][D][bshdbus:061]: Discarding 10 bytes of unparsed data after timeout of 32 ms: 0x0a041fe00105020b6f1a
[21:40:40.234][D][main:661]: Received frame dest 0x0f cmd 0xe000: 0x05
[21:40:40.243][D][bshdbus:090]: Missed ACK for dest 0x0f of preceding frame
[21:40:40.289][D][bshdbus:061]: Discarding 10 bytes of unparsed data after timeout of 32 ms: 0x0a041fe00105020b6f1a
[21:40:42.239][D][main:661]: Received frame dest 0x0f cmd 0xe000: 0x05
[21:40:42.250][D][bshdbus:090]: Missed ACK for dest 0x0f of preceding frame
[21:40:42.292][D][bshdbus:061]: Discarding 10 bytes of unparsed data after timeout of 32 ms: 0x0a041fe00105020b6f1a
[21:40:44.243][D][main:661]: Received frame dest 0x0f cmd 0xe000: 0x05
[21:40:44.252][D][bshdbus:090]: Missed ACK for dest 0x0f of preceding frame
[21:40:44.263][D][bshdbus:061]: Discarding 1 bytes of unparsed data after timeout of 21 ms: 0x0a
[21:40:44.268][D][main:661]: Received frame dest 0x1f cmd 0xe001: 0x0502
[21:40:46.254][D][main:661]: Received frame dest 0x0f cmd 0xe000: 0x05
[21:40:46.261][D][bshdbus:090]: Missed ACK for dest 0x0f of preceding frame
[21:40:46.276][D][bshdbus:061]: Discarding 1 bytes of unparsed data after timeout of 28 ms: 0x0a
[21:40:46.282][D][main:661]: Received frame dest 0x1f cmd 0xe001: 0x0502
[21:40:48.252][D][main:661]: Received frame dest 0x0f cmd 0xe000: 0x05
[21:40:48.260][D][bshdbus:090]: Missed ACK for dest 0x0f of preceding frame
[21:40:48.305][D][bshdbus:061]: Discarding 10 bytes of unparsed data after timeout of 32 ms: 0x0a041fe00105020b6f1a
[21:40:50.255][D][main:661]: Received frame dest 0x0f cmd 0xe000: 0x05
[21:40:50.262][D][bshdbus:090]: Missed ACK for dest 0x0f of preceding frame
[21:40:50.300][D][bshdbus:061]: Discarding 10 bytes of unparsed data after timeout of 32 ms: 0x0a041fe00105020b6f1a
[21:40:52.259][D][main:661]: Received frame dest 0x0f cmd 0xe000: 0x05
[21:40:52.266][D][bshdbus:090]: Missed ACK for dest 0x0f of preceding frame
[21:40:52.353][D][bshdbus:061]: Discarding 10 bytes of unparsed data after timeout of 32 ms: 0x0a041fe00105020b6f1a
[21:40:54.260][D][main:661]: Received frame dest 0x0f cmd 0xe000: 0x05
[21:40:54.267][D][bshdbus:090]: Missed ACK for dest 0x0f of preceding frame
[21:40:54.310][D][bshdbus:061]: Discarding 10 bytes of unparsed data after timeout of 32 ms: 0x0a041fe00105020b6f1a
[21:40:56.264][D][main:661]: Received frame dest 0x0f cmd 0xe000: 0x05
[21:40:56.271][D][bshdbus:090]: Missed ACK for dest 0x0f of preceding frame
[21:40:56.314][D][bshdbus:061]: Discarding 10 bytes of unparsed data after timeout of 32 ms: 0x0a041fe00105020b6f1a
[21:40:58.270][D][main:661]: Received frame dest 0x0f cmd 0xe000: 0x05
[21:40:58.276][D][bshdbus:090]: Missed ACK for dest 0x0f of preceding frame
[21:40:58.326][D][bshdbus:061]: Discarding 10 bytes of unparsed data after timeout of 32 ms: 0x0a041fe00105020b6f1a
[21:41:00.287][D][main:661]: Received frame dest 0x0f cmd 0xe000: 0x05
[21:41:00.293][D][bshdbus:090]: Missed ACK for dest 0x0f of preceding frame
[21:41:00.300][D][bshdbus:061]: Discarding 1 bytes of unparsed data after timeout of 23 ms: 0x0a
[21:41:00.306][D][main:661]: Received frame dest 0x1f cmd 0xe001: 0x0502
[21:41:02.276][D][main:661]: Received frame dest 0x0f cmd 0xe000: 0x05
[21:41:02.293][D][bshdbus:090]: Missed ACK for dest 0x0f of preceding frame
[21:41:02.300][D][bshdbus:061]: Discarding 1 bytes of unparsed data after timeout of 25 ms: 0x0a
[21:41:02.308][D][main:661]: Received frame dest 0x1f cmd 0xe001: 0x0502
[21:41:04.281][D][main:661]: Received frame dest 0x0f cmd 0xe000: 0x05
[21:41:04.288][D][bshdbus:090]: Missed ACK for dest 0x0f of preceding frame
[21:41:04.331][D][bshdbus:061]: Discarding 10 bytes of unparsed data after timeout of 32 ms: 0x0a041fe00105020b6f1a
[21:41:06.284][D][main:661]: Received frame dest 0x0f cmd 0xe000: 0x05
[21:41:06.291][D][bshdbus:090]: Missed ACK for dest 0x0f of preceding frame
[21:41:06.308][D][bshdbus:061]: Discarding 1 bytes of unparsed data after timeout of 26 ms: 0x0a
[21:41:06.334][D][main:661]: Received frame dest 0x1f cmd 0xe001: 0x0502
[21:41:08.288][D][main:661]: Received frame dest 0x0f cmd 0xe000: 0x05
[21:41:08.315][D][bshdbus:090]: Missed ACK for dest 0x0f of preceding frame
[21:41:08.338][D][bshdbus:061]: Discarding 1 bytes of unparsed data after timeout of 25 ms: 0x0a
[21:41:08.363][D][main:661]: Received frame dest 0x1f cmd 0xe001: 0x0502
[21:41:10.290][D][main:661]: Received frame dest 0x0f cmd 0xe000: 0x05
[21:41:10.298][D][bshdbus:090]: Missed ACK for dest 0x0f of preceding frame
[21:41:10.318][D][bshdbus:061]: Discarding 1 bytes of unparsed data after timeout of 29 ms: 0x0a
[21:41:10.339][D][main:661]: Received frame dest 0x1f cmd 0xe001: 0x0502
[21:41:12.295][D][main:661]: Received frame dest 0x0f cmd 0xe000: 0x05
[21:41:12.302][D][bshdbus:090]: Missed ACK for dest 0x0f of preceding frame
[21:41:12.342][D][bshdbus:061]: Discarding 10 bytes of unparsed data after timeout of 32 ms: 0x0a041fe00105020b6f1a
[21:41:14.297][D][main:661]: Received frame dest 0x0f cmd 0xe000: 0x05
[21:41:14.314][D][bshdbus:090]: Missed ACK for dest 0x0f of preceding frame
[21:41:14.345][D][bshdbus:061]: Discarding 10 bytes of unparsed data after timeout of 32 ms: 0x0a041fe00105020b6f1a
[21:41:16.301][D][main:661]: Received frame dest 0x0f cmd 0xe000: 0x05
[21:41:16.307][D][bshdbus:090]: Missed ACK for dest 0x0f of preceding frame
[21:41:16.361][D][bshdbus:061]: Discarding 10 bytes of unparsed data after timeout of 32 ms: 0x0a041fe00105020b6f1a
[21:41:18.307][D][main:661]: Received frame dest 0x0f cmd 0xe000: 0x05
[21:41:18.318][D][bshdbus:090]: Missed ACK for dest 0x0f of preceding frame
[21:41:18.351][D][bshdbus:061]: Discarding 10 bytes of unparsed data after timeout of 32 ms: 0x0a041fe00105020b6f1a
[21:41:19.128][S][sensor]: 'Uptime s' >> 242 s
[21:41:19.400][S][sensor]: 'ESP Internal Temperature' >> 53.3 °C
[21:41:19.743][S][sensor]: 'WiFi RSSI' >> -77 dBm
[21:41:20.308][D][main:661]: Received frame dest 0x0f cmd 0xe000: 0x05
[21:41:20.314][D][bshdbus:090]: Missed ACK for dest 0x0f of preceding frame
[21:41:20.357][D][bshdbus:061]: Discarding 10 bytes of unparsed data after timeout of 32 ms: 0x0a041fe00105020b6f1a
[21:41:20.826][S][text_sensor]: 'Uptime' >> '00d 00h 4m 2s'
[21:41:22.331][D][main:661]: Received frame dest 0x0f cmd 0xe000: 0x05
[21:41:22.346][D][bshdbus:090]: Missed ACK for dest 0x0f of preceding frame
[21:41:22.353][D][bshdbus:061]: Discarding 1 bytes of unparsed data after timeout of 27 ms: 0x0a
[21:41:22.358][D][main:661]: Received frame dest 0x1f cmd 0xe001: 0x0502
[21:41:24.315][D][main:661]: Received frame dest 0x0f cmd 0xe000: 0x05
[21:41:24.321][D][bshdbus:090]: Missed ACK for dest 0x0f of preceding frame
[21:41:24.367][D][bshdbus:061]: Discarding 10 bytes of unparsed data after timeout of 32 ms: 0x0a041fe00105020b6f1a
[21:41:26.318][D][main:661]: Received frame dest 0x0f cmd 0xe000: 0x05
[21:41:26.326][D][bshdbus:090]: Missed ACK for dest 0x0f of preceding frame
[21:41:26.370][D][bshdbus:061]: Discarding 10 bytes of unparsed data after timeout of 32 ms: 0x0a041fe00105020b6f1a
[21:41:28.324][D][main:661]: Received frame dest 0x0f cmd 0xe000: 0x05
[21:41:28.334][D][bshdbus:090]: Missed ACK for dest 0x0f of preceding frame
[21:41:28.379][D][bshdbus:061]: Discarding 10 bytes of unparsed data after timeout of 33 ms: 0x0a041fe00105020b6f1a
[21:41:30.326][D][main:661]: Received frame dest 0x0f cmd 0xe000: 0x05
[21:41:30.342][D][bshdbus:090]: Missed ACK for dest 0x0f of preceding frame
[21:41:30.353][D][bshdbus:061]: Discarding 1 bytes of unparsed data after timeout of 22 ms: 0x0a
[21:41:30.361][D][main:661]: Received frame dest 0x1f cmd 0xe001: 0x0502
[21:41:32.336][D][main:661]: Received frame dest 0x0f cmd 0xe000: 0x05
[21:41:32.355][D][bshdbus:090]: Missed ACK for dest 0x0f of preceding frame
[21:41:32.363][D][bshdbus:061]: Discarding 1 bytes of unparsed data after timeout of 26 ms: 0x0a
[21:41:32.368][D][main:661]: Received frame dest 0x1f cmd 0xe001: 0x0502
[21:41:34.334][D][main:661]: Received frame dest 0x0f cmd 0xe000: 0x05
[21:41:34.340][D][bshdbus:090]: Missed ACK for dest 0x0f of preceding frame
[21:41:34.385][D][bshdbus:061]: Discarding 10 bytes of unparsed data after timeout of 32 ms: 0x0a041fe00105020b6f1a
[21:41:36.336][D][main:661]: Received frame dest 0x0f cmd 0xe000: 0x05
[21:41:36.343][D][bshdbus:090]: Missed ACK for dest 0x0f of preceding frame
[21:41:36.387][D][bshdbus:061]: Discarding 10 bytes of unparsed data after timeout of 32 ms: 0x0a041fe00105020b6f1a
[21:41:38.340][D][main:661]: Received frame dest 0x0f cmd 0xe000: 0x05
[21:41:38.347][D][bshdbus:090]: Missed ACK for dest 0x0f of preceding frame
[21:41:38.402][D][bshdbus:061]: Discarding 10 bytes of unparsed data after timeout of 32 ms: 0x0a041fe00105020b6f1a
[21:41:40.344][D][main:661]: Received frame dest 0x0f cmd 0xe000: 0x05
[21:41:40.353][D][bshdbus:090]: Missed ACK for dest 0x0f of preceding frame
[21:41:40.402][D][bshdbus:061]: Discarding 10 bytes of unparsed data after timeout of 33 ms: 0x0a041fe00105020b6f1a
[21:41:42.349][D][main:661]: Received frame dest 0x0f cmd 0xe000: 0x05
[21:41:42.372][D][bshdbus:090]: Missed ACK for dest 0x0f of preceding frame
[21:41:42.379][D][bshdbus:061]: Discarding 1 bytes of unparsed data after timeout of 23 ms: 0x0a
[21:41:42.396][D][main:661]: Received frame dest 0x1f cmd 0xe001: 0x0502
[21:41:44.351][D][main:661]: Received frame dest 0x0f cmd 0xe000: 0x05
[21:41:44.368][D][bshdbus:090]: Missed ACK for dest 0x0f of preceding frame
[21:41:44.377][D][bshdbus:061]: Discarding 1 bytes of unparsed data after timeout of 25 ms: 0x0a
[21:41:44.385][D][main:661]: Received frame dest 0x1f cmd 0xe001: 0x0502
[21:41:46.366][D][main:661]: Received frame dest 0x0f cmd 0xe000: 0x05
[21:41:46.373][D][bshdbus:090]: Missed ACK for dest 0x0f of preceding frame
[21:41:46.393][D][bshdbus:061]: Discarding 1 bytes of unparsed data after timeout of 26 ms: 0x0a
[21:41:46.403][D][main:661]: Received frame dest 0x1f cmd 0xe001: 0x0502
[21:41:48.358][D][main:661]: Received frame dest 0x0f cmd 0xe000: 0x05
[21:41:48.374][D][bshdbus:090]: Missed ACK for dest 0x0f of preceding frame
[21:41:48.421][D][bshdbus:061]: Discarding 10 bytes of unparsed data after timeout of 33 ms: 0x0a041fe00105020b6f1a
[21:41:50.364][D][main:661]: Received frame dest 0x0f cmd 0xe000: 0x05
[21:41:50.373][D][bshdbus:090]: Missed ACK for dest 0x0f of preceding frame
[21:41:50.388][D][bshdbus:061]: Discarding 1 bytes of unparsed data after timeout of 27 ms: 0x0a
[21:41:50.394][D][main:661]: Received frame dest 0x1f cmd 0xe001: 0x0502
[21:41:52.366][D][main:661]: Received frame dest 0x0f cmd 0xe000: 0x05
[21:41:52.376][D][bshdbus:090]: Missed ACK for dest 0x0f of preceding frame
[21:41:52.407][D][bshdbus:061]: Discarding 1 bytes of unparsed data after timeout of 28 ms: 0x0a
[21:41:52.413][D][main:661]: Received frame dest 0x1f cmd 0xe001: 0x0502
[21:41:54.370][D][main:661]: Received frame dest 0x0f cmd 0xe000: 0x05
[21:41:54.377][D][bshdbus:090]: Missed ACK for dest 0x0f of preceding frame
[21:41:54.416][D][bshdbus:061]: Discarding 10 bytes of unparsed data after timeout of 32 ms: 0x0a041fe00105020b6f1a
[21:41:56.374][D][main:661]: Received frame dest 0x0f cmd 0xe000: 0x05
[21:41:56.382][D][bshdbus:090]: Missed ACK for dest 0x0f of preceding frame
[21:41:56.423][D][bshdbus:061]: Discarding 10 bytes of unparsed data after timeout of 32 ms: 0x0a041fe00105020b6f1a
[21:41:58.380][D][main:661]: Received frame dest 0x0f cmd 0xe000: 0x05
[21:41:58.386][D][bshdbus:090]: Missed ACK for dest 0x0f of preceding frame
[21:41:58.427][D][bshdbus:061]: Discarding 10 bytes of unparsed data after timeout of 32 ms: 0x0a041fe00105020b6f1a
[21:42:00.393][D][main:661]: Received frame dest 0x0f cmd 0xe000: 0x05
[21:42:00.412][D][bshdbus:090]: Missed ACK for dest 0x0f of preceding frame
[21:42:00.432][D][bshdbus:061]: Discarding 10 bytes of unparsed data after timeout of 32 ms: 0x0a041fe00105020b6f1a
[21:42:02.386][D][main:661]: Received frame dest 0x0f cmd 0xe000: 0x05
[21:42:02.393][D][bshdbus:090]: Missed ACK for dest 0x0f of preceding frame
[21:42:02.460][D][bshdbus:061]: Discarding 10 bytes of unparsed data after timeout of 32 ms: 0x0a041fe00105020b6f1a
[21:42:04.388][D][main:661]: Received frame dest 0x0f cmd 0xe000: 0x05
[21:42:04.395][D][bshdbus:090]: Missed ACK for dest 0x0f of preceding frame
[21:42:04.442][D][bshdbus:061]: Discarding 10 bytes of unparsed data after timeout of 32 ms: 0x0a041fe00105020b6f1a
[21:42:06.391][D][main:661]: Received frame dest 0x0f cmd 0xe000: 0x05
[21:42:06.406][D][bshdbus:090]: Missed ACK for dest 0x0f of preceding frame
[21:42:06.441][D][bshdbus:061]: Discarding 10 bytes of unparsed data after timeout of 32 ms: 0x0a041fe00105020b6f1a
[21:42:08.410][D][main:661]: Received frame dest 0x0f cmd 0xe000: 0x05
[21:42:08.416][D][bshdbus:090]: Missed ACK for dest 0x0f of preceding frame
[21:42:08.442][D][bshdbus:061]: Discarding 10 bytes of unparsed data after timeout of 32 ms: 0x0a041fe00105020b6f1a
[21:42:10.398][D][main:661]: Received frame dest 0x0f cmd 0xe000: 0x05
[21:42:10.418][D][bshdbus:090]: Missed ACK for dest 0x0f of preceding frame
[21:42:10.446][D][bshdbus:061]: Discarding 10 bytes of unparsed data after timeout of 32 ms: 0x0a041fe00105020b6f1a
[21:42:12.450][D][main:661]: Received frame dest 0x0f cmd 0xe000: 0x05
[21:42:12.460][D][bshdbus:090]: Missed ACK for dest 0x0f of preceding frame
[21:42:12.471][D][bshdbus:061]: Discarding 10 bytes of unparsed data after timeout of 32 ms: 0x0a041fe00105020b6f1a
[21:42:14.411][D][main:661]: Received frame dest 0x0f cmd 0xe000: 0x05
[21:42:14.429][D][bshdbus:090]: Missed ACK for dest 0x0f of preceding frame
[21:42:14.461][D][bshdbus:061]: Discarding 10 bytes of unparsed data after timeout of 32 ms: 0x0a041fe00105020b6f1a
[21:42:16.409][D][main:661]: Received frame dest 0x0f cmd 0xe000: 0x05
[21:42:16.420][D][bshdbus:090]: Missed ACK for dest 0x0f of preceding frame
[21:42:16.471][D][bshdbus:061]: Discarding 10 bytes of unparsed data after timeout of 32 ms: 0x0a041fe00105020b6f1a
[21:42:18.446][D][main:661]: Received frame dest 0x0f cmd 0xe000: 0x05
[21:42:18.463][D][bshdbus:090]: Missed ACK for dest 0x0f of preceding frame
[21:42:18.468][D][bshdbus:061]: Discarding 1 bytes of unparsed data after timeout of 22 ms: 0x0a
[21:42:18.481][D][main:661]: Received frame dest 0x1f cmd 0xe001: 0x0502
[21:42:19.138][S][sensor]: 'Uptime s' >> 302 s
[21:42:19.406][S][sensor]: 'ESP Internal Temperature' >> 53.3 °C
[21:42:19.750][S][sensor]: 'WiFi RSSI' >> -75 dBm
[21:42:20.418][D][main:661]: Received frame dest 0x0f cmd 0xe000: 0x05
[21:42:20.424][D][bshdbus:090]: Missed ACK for dest 0x0f of preceding frame
[21:42:20.438][D][bshdbus:061]: Discarding 1 bytes of unparsed data after timeout of 22 ms: 0x0a
[21:42:20.455][D][main:661]: Received frame dest 0x1f cmd 0xe001: 0x0502
[21:42:20.779][S][text_sensor]: 'Uptime' >> '00d 00h 5m 2s'
[21:42:21.820][D][wifi:2485]: Roam scan (-76 dBm, attempt 1/3)
[21:42:22.658][D][main:661]: Received frame dest 0x0f cmd 0xe000: 0x05
[21:42:22.677][D][bshdbus:090]: Missed ACK for dest 0x0f of preceding frame
[21:42:22.682][D][bshdbus:061]: Discarding 1 bytes of unparsed data after timeout of 23 ms: 0x0a
[21:42:22.688][D][main:661]: Received frame dest 0x1f cmd 0xe001: 0x0502
[21:42:24.582][D][main:661]: Received frame dest 0x0f cmd 0xe000: 0x05
[21:42:24.589][D][bshdbus:090]: Missed ACK for dest 0x0f of preceding frame
[21:42:24.594][D][bshdbus:061]: Discarding 1 bytes of unparsed data after timeout of 25 ms: 0x0a
[21:42:24.599][D][main:661]: Received frame dest 0x1f cmd 0xe001: 0x0502
[21:42:26.429][D][main:661]: Received frame dest 0x0f cmd 0xe000: 0x05
[21:42:26.440][D][bshdbus:090]: Missed ACK for dest 0x0f of preceding frame
[21:42:26.451][D][bshdbus:061]: Discarding 1 bytes of unparsed data after timeout of 22 ms: 0x0a
[21:42:26.457][D][main:661]: Received frame dest 0x1f cmd 0xe001: 0x0502
[21:42:28.436][D][main:661]: Received frame dest 0x0f cmd 0xe000: 0x05
[21:42:28.554][D][bshdbus:090]: Missed ACK for dest 0x0f of preceding frame
[21:42:28.663][D][bshdbus:061]: Discarding 10 bytes of unparsed data after timeout of 32 ms: 0x0a041fe00105020b6f1a
[21:42:30.437][D][main:661]: Received frame dest 0x0f cmd 0xe000: 0x05
[21:42:30.446][D][bshdbus:090]: Missed ACK for dest 0x0f of preceding frame
[21:42:30.488][D][bshdbus:061]: Discarding 10 bytes of unparsed data after timeout of 32 ms: 0x0a041fe00105020b6f1a
[21:42:32.450][D][main:661]: Received frame dest 0x0f cmd 0xe000: 0x05
[21:42:32.458][D][bshdbus:090]: Missed ACK for dest 0x0f of preceding frame
[21:42:32.491][D][bshdbus:061]: Discarding 10 bytes of unparsed data after timeout of 32 ms: 0x0a041fe00105020b6f1a
[21:42:34.443][D][main:661]: Received frame dest 0x0f cmd 0xe000: 0x05
[21:42:34.460][D][bshdbus:090]: Missed ACK for dest 0x0f of preceding frame
[21:42:34.494][D][bshdbus:061]: Discarding 10 bytes of unparsed data after timeout of 32 ms: 0x0a041fe00105020b6f1a
[21:42:36.449][D][main:661]: Received frame dest 0x0f cmd 0xe000: 0x05
[21:42:36.456][D][bshdbus:090]: Missed ACK for dest 0x0f of preceding frame
[21:42:36.500][D][bshdbus:061]: Discarding 10 bytes of unparsed data after timeout of 32 ms: 0x0a041fe00105020b6f1a
[21:42:38.450][D][main:661]: Received frame dest 0x0f cmd 0xe000: 0x05
[21:42:38.457][D][bshdbus:090]: Missed ACK for dest 0x0f of preceding frame
[21:42:38.503][D][bshdbus:061]: Discarding 10 bytes of unparsed data after timeout of 32 ms: 0x0a041fe00105020b6f1a
[21:42:40.459][D][main:661]: Received frame dest 0x0f cmd 0xe000: 0x05
[21:42:40.468][D][bshdbus:090]: Missed ACK for dest 0x0f of preceding frame
[21:42:40.508][D][bshdbus:061]: Discarding 10 bytes of unparsed data after timeout of 32 ms: 0x0a041fe00105020b6f1a
[21:42:42.457][D][main:661]: Received frame dest 0x0f cmd 0xe000: 0x05
[21:42:42.485][D][bshdbus:090]: Missed ACK for dest 0x0f of preceding frame
[21:42:42.492][D][bshdbus:061]: Discarding 1 bytes of unparsed data after timeout of 26 ms: 0x0a
[21:42:42.498][D][main:661]: Received frame dest 0x1f cmd 0xe001: 0x0502
[21:42:44.469][D][main:661]: Received frame dest 0x0f cmd 0xe000: 0x05
[21:42:44.480][D][bshdbus:090]: Missed ACK for dest 0x0f of preceding frame
[21:42:44.531][D][bshdbus:061]: Discarding 10 bytes of unparsed data after timeout of 32 ms: 0x0a041fe00105020b6f1a
[21:42:46.475][D][main:661]: Received frame dest 0x0f cmd 0xe000: 0x05
[21:42:46.489][D][bshdbus:090]: Missed ACK for dest 0x0f of preceding frame
[21:42:46.524][D][bshdbus:061]: Discarding 10 bytes of unparsed data after timeout of 32 ms: 0x0a041fe00105020b6f1a
[21:42:48.471][D][main:661]: Received frame dest 0x0f cmd 0xe000: 0x05
[21:42:48.477][D][bshdbus:090]: Missed ACK for dest 0x0f of preceding frame
[21:42:48.496][D][bshdbus:061]: Discarding 1 bytes of unparsed data after timeout of 28 ms: 0x0a
[21:42:48.511][D][main:661]: Received frame dest 0x1f cmd 0xe001: 0x0502
[21:42:50.473][D][main:661]: Received frame dest 0x0f cmd 0xe000: 0x05
[21:42:50.479][D][bshdbus:090]: Missed ACK for dest 0x0f of preceding frame
[21:42:50.523][D][bshdbus:061]: Discarding 10 bytes of unparsed data after timeout of 32 ms: 0x0a041fe00105020b6f1a
[21:42:52.476][D][main:661]: Received frame dest 0x0f cmd 0xe000: 0x05
[21:42:52.483][D][bshdbus:090]: Missed ACK for dest 0x0f of preceding frame
[21:42:52.533][D][bshdbus:061]: Discarding 1 bytes of unparsed data after timeout of 22 ms: 0x0a
[21:42:52.553][D][main:661]: Received frame dest 0x1f cmd 0xe001: 0x0502
[21:42:54.510][D][main:661]: Received frame dest 0x0f cmd 0xe000: 0x05
[21:42:54.517][D][bshdbus:090]: Missed ACK for dest 0x0f of preceding frame
[21:42:54.529][D][bshdbus:061]: Discarding 1 bytes of unparsed data after timeout of 24 ms: 0x0a
[21:42:54.535][D][main:661]: Received frame dest 0x1f cmd 0xe001: 0x0502
[21:42:56.483][D][main:661]: Received frame dest 0x0f cmd 0xe000: 0x05
[21:42:56.493][D][bshdbus:090]: Missed ACK for dest 0x0f of preceding frame
[21:42:56.536][D][bshdbus:061]: Discarding 10 bytes of unparsed data after timeout of 32 ms: 0x0a041fe00105020b6f1a
[21:42:58.487][D][main:661]: Received frame dest 0x0f cmd 0xe000: 0x05
[21:42:58.500][D][bshdbus:090]: Missed ACK for dest 0x0f of preceding frame
[21:42:58.512][D][bshdbus:061]: Discarding 1 bytes of unparsed data after timeout of 24 ms: 0x0a
[21:42:58.523][D][main:661]: Received frame dest 0x1f cmd 0xe001: 0x0502
[21:43:00.504][D][main:661]: Received frame dest 0x0f cmd 0xe000: 0x05
[21:43:00.519][D][bshdbus:090]: Missed ACK for dest 0x0f of preceding frame
[21:43:00.530][D][bshdbus:061]: Discarding 1 bytes of unparsed data after timeout of 25 ms: 0x0a
[21:43:00.542][D][main:661]: Received frame dest 0x1f cmd 0xe001: 0x0502
[21:43:02.493][D][main:661]: Received frame dest 0x0f cmd 0xe000: 0x05
[21:43:02.501][D][bshdbus:090]: Missed ACK for dest 0x0f of preceding frame
[21:43:02.552][D][bshdbus:061]: Discarding 10 bytes of unparsed data after timeout of 32 ms: 0x0a041fe00105020b6f1a
[21:43:04.498][D][main:661]: Received frame dest 0x0f cmd 0xe000: 0x05
[21:43:04.519][D][bshdbus:090]: Missed ACK for dest 0x0f of preceding frame
[21:43:04.527][D][bshdbus:061]: Discarding 1 bytes of unparsed data after timeout of 21 ms: 0x0a
[21:43:04.534][D][main:661]: Received frame dest 0x1f cmd 0xe001: 0x0502
[21:43:06.501][D][main:661]: Received frame dest 0x0f cmd 0xe000: 0x05
[21:43:06.510][D][bshdbus:090]: Missed ACK for dest 0x0f of preceding frame
[21:43:06.551][D][bshdbus:061]: Discarding 10 bytes of unparsed data after timeout of 32 ms: 0x0a041fe00105020b6f1a
[21:43:08.505][D][main:661]: Received frame dest 0x0f cmd 0xe000: 0x05
[21:43:08.513][D][bshdbus:090]: Missed ACK for dest 0x0f of preceding frame
[21:43:08.556][D][bshdbus:061]: Discarding 10 bytes of unparsed data after timeout of 32 ms: 0x0a041fe00105020b6f1a
[21:43:10.509][D][main:661]: Received frame dest 0x0f cmd 0xe000: 0x05
[21:43:10.518][D][bshdbus:090]: Missed ACK for dest 0x0f of preceding frame
[21:43:10.555][D][bshdbus:061]: Discarding 10 bytes of unparsed data after timeout of 32 ms: 0x0a041fe00105020b6f1a
[21:43:12.512][D][main:661]: Received frame dest 0x0f cmd 0xe000: 0x05
[21:43:12.520][D][bshdbus:090]: Missed ACK for dest 0x0f of preceding frame
[21:43:12.559][D][bshdbus:061]: Discarding 10 bytes of unparsed data after timeout of 32 ms: 0x0a041fe00105020b6f1a
[21:43:14.517][D][main:661]: Received frame dest 0x0f cmd 0xe000: 0x05
[21:43:14.552][D][bshdbus:090]: Missed ACK for dest 0x0f of preceding frame
[21:43:14.579][D][bshdbus:061]: Discarding 10 bytes of unparsed data after timeout of 32 ms: 0x0a041fe00105020b6f1a
[21:43:16.520][D][main:661]: Received frame dest 0x0f cmd 0xe000: 0x05
[21:43:16.563][D][bshdbus:090]: Missed ACK for dest 0x0f of preceding frame
[21:43:16.581][D][bshdbus:061]: Discarding 10 bytes of unparsed data after timeout of 32 ms: 0x0a041fe00105020b6f1a
[21:43:18.526][D][main:661]: Received frame dest 0x0f cmd 0xe000: 0x05
[21:43:18.533][D][bshdbus:090]: Missed ACK for dest 0x0f of preceding frame
[21:43:18.571][D][bshdbus:061]: Discarding 10 bytes of unparsed data after timeout of 32 ms: 0x0a041fe00105020b6f1a
[21:43:19.120][S][sensor]: 'Uptime s' >> 362 s
[21:43:19.393][S][sensor]: 'ESP Internal Temperature' >> 53.3 °C
[21:43:19.733][S][sensor]: 'WiFi RSSI' >> -75 dBm
[21:43:20.527][D][main:661]: Received frame dest 0x0f cmd 0xe000: 0x05
[21:43:20.537][D][bshdbus:090]: Missed ACK for dest 0x0f of preceding frame
[21:43:20.579][D][bshdbus:061]: Discarding 10 bytes of unparsed data after timeout of 32 ms: 0x0a041fe00105020b6f1a
[21:43:20.824][S][text_sensor]: 'Uptime' >> '00d 00h 6m 2s'
[21:43:22.530][D][main:661]: Received frame dest 0x0f cmd 0xe000: 0x05
[21:43:22.536][D][bshdbus:090]: Missed ACK for dest 0x0f of preceding frame
[21:43:22.585][D][bshdbus:061]: Discarding 10 bytes of unparsed data after timeout of 32 ms: 0x0a041fe00105020b6f1a
[21:43:24.535][D][main:661]: Received frame dest 0x0f cmd 0xe000: 0x05
[21:43:24.556][D][bshdbus:090]: Missed ACK for dest 0x0f of preceding frame
[21:43:24.590][D][bshdbus:061]: Discarding 1 bytes of unparsed data after timeout of 29 ms: 0x0a
[21:43:24.597][D][main:661]: Received frame dest 0x1f cmd 0xe001: 0x0502
[21:43:26.539][D][main:661]: Received frame dest 0x0f cmd 0xe000: 0x05
[21:43:26.555][D][bshdbus:090]: Missed ACK for dest 0x0f of preceding frame
[21:43:26.584][D][bshdbus:061]: Discarding 10 bytes of unparsed data after timeout of 32 ms: 0x0a041fe00105020b6f1a
[21:43:28.541][D][main:661]: Received frame dest 0x0f cmd 0xe000: 0x05
[21:43:28.571][D][bshdbus:090]: Missed ACK for dest 0x0f of preceding frame
[21:43:28.588][D][bshdbus:061]: Discarding 10 bytes of unparsed data after timeout of 33 ms: 0x0a041fe00105020b6f1a
[21:43:30.553][D][main:661]: Received frame dest 0x0f cmd 0xe000: 0x05
[21:43:30.559][D][bshdbus:090]: Missed ACK for dest 0x0f of preceding frame
[21:43:30.593][D][bshdbus:061]: Discarding 10 bytes of unparsed data after timeout of 32 ms: 0x0a041fe00105020b6f1a
[21:43:32.556][D][main:661]: Received frame dest 0x0f cmd 0xe000: 0x05
[21:43:32.562][D][bshdbus:090]: Missed ACK for dest 0x0f of preceding frame
[21:43:32.575][D][bshdbus:061]: Discarding 1 bytes of unparsed data after timeout of 28 ms: 0x0a
[21:43:32.581][D][main:661]: Received frame dest 0x1f cmd 0xe001: 0x0502
[21:43:34.554][D][main:661]: Received frame dest 0x0f cmd 0xe000: 0x05
[21:43:34.581][D][bshdbus:090]: Missed ACK for dest 0x0f of preceding frame
[21:43:34.587][D][bshdbus:061]: Discarding 1 bytes of unparsed data after timeout of 29 ms: 0x0a
[21:43:34.597][D][main:661]: Received frame dest 0x1f cmd 0xe001: 0x0502
[21:43:36.557][D][main:661]: Received frame dest 0x0f cmd 0xe000: 0x05
[21:43:36.565][D][bshdbus:090]: Missed ACK for dest 0x0f of preceding frame
[21:43:36.605][D][bshdbus:061]: Discarding 10 bytes of unparsed data after timeout of 32 ms: 0x0a041fe00105020b6f1a
[21:43:38.559][D][main:661]: Received frame dest 0x0f cmd 0xe000: 0x05
[21:43:38.567][D][bshdbus:090]: Missed ACK for dest 0x0f of preceding frame
[21:43:38.579][D][bshdbus:061]: Discarding 1 bytes of unparsed data after timeout of 21 ms: 0x0a
[21:43:38.588][D][main:661]: Received frame dest 0x1f cmd 0xe001: 0x0502
[21:43:40.562][D][main:661]: Received frame dest 0x0f cmd 0xe000: 0x05
[21:43:40.570][D][bshdbus:090]: Missed ACK for dest 0x0f of preceding frame
[21:43:40.585][D][bshdbus:061]: Discarding 1 bytes of unparsed data after timeout of 22 ms: 0x0a
[21:43:40.650][D][main:661]: Received frame dest 0x1f cmd 0xe001: 0x0502
[21:43:42.567][D][main:661]: Received frame dest 0x0f cmd 0xe000: 0x05
[21:43:42.574][D][bshdbus:090]: Missed ACK for dest 0x0f of preceding frame
[21:43:42.592][D][bshdbus:061]: Discarding 1 bytes of unparsed data after timeout of 28 ms: 0x0a
[21:43:42.601][D][main:661]: Received frame dest 0x1f cmd 0xe001: 0x0502
[21:43:44.570][D][main:661]: Received frame dest 0x0f cmd 0xe000: 0x05
[21:43:44.582][D][bshdbus:090]: Missed ACK for dest 0x0f of preceding frame
[21:43:44.597][D][bshdbus:061]: Discarding 1 bytes of unparsed data after timeout of 28 ms: 0x0a
[21:43:44.607][D][main:661]: Received frame dest 0x1f cmd 0xe001: 0x0502
[21:43:46.588][D][main:661]: Received frame dest 0x0f cmd 0xe000: 0x05
[21:43:46.595][D][bshdbus:090]: Missed ACK for dest 0x0f of preceding frame
[21:43:46.600][D][bshdbus:061]: Discarding 1 bytes of unparsed data after timeout of 26 ms: 0x0a
[21:43:46.605][D][main:661]: Received frame dest 0x1f cmd 0xe001: 0x0502
[21:43:48.577][D][main:661]: Received frame dest 0x0f cmd 0xe000: 0x05
[21:43:48.585][D][bshdbus:090]: Missed ACK for dest 0x0f of preceding frame
[21:43:48.634][D][bshdbus:061]: Discarding 10 bytes of unparsed data after timeout of 32 ms: 0x0a041fe00105020b6f1a
[21:43:50.581][D][main:661]: Received frame dest 0x0f cmd 0xe000: 0x05
[21:43:50.589][D][bshdbus:090]: Missed ACK for dest 0x0f of preceding frame
[21:43:50.608][D][bshdbus:061]: Discarding 1 bytes of unparsed data after timeout of 25 ms: 0x0a
[21:43:50.614][D][main:661]: Received frame dest 0x1f cmd 0xe001: 0x0502
[21:43:52.587][D][main:661]: Received frame dest 0x0f cmd 0xe000: 0x05
[21:43:52.593][D][bshdbus:090]: Missed ACK for dest 0x0f of preceding frame
[21:43:52.637][D][bshdbus:061]: Discarding 10 bytes of unparsed data after timeout of 32 ms: 0x0a041fe00105020b6f1a
[21:43:54.589][D][main:661]: Received frame dest 0x0f cmd 0xe000: 0x05
[21:43:54.597][D][bshdbus:090]: Missed ACK for dest 0x0f of preceding frame
[21:43:54.640][D][bshdbus:061]: Discarding 10 bytes of unparsed data after timeout of 32 ms: 0x0a041fe00105020b6f1a
[21:43:56.592][D][main:661]: Received frame dest 0x0f cmd 0xe000: 0x05
[21:43:56.602][D][bshdbus:090]: Missed ACK for dest 0x0f of preceding frame
[21:43:56.641][D][bshdbus:061]: Discarding 10 bytes of unparsed data after timeout of 32 ms: 0x0a041fe00105020b6f1a
[21:43:58.596][D][main:661]: Received frame dest 0x0f cmd 0xe000: 0x05
[21:43:58.613][D][bshdbus:090]: Missed ACK for dest 0x0f of preceding frame
[21:43:58.623][D][bshdbus:061]: Discarding 1 bytes of unparsed data after timeout of 29 ms: 0x0a
[21:43:58.629][D][main:661]: Received frame dest 0x1f cmd 0xe001: 0x0502
[21:44:00.603][D][main:661]: Received frame dest 0x0f cmd 0xe000: 0x05
[21:44:00.620][D][bshdbus:090]: Missed ACK for dest 0x0f of preceding frame
[21:44:00.645][D][bshdbus:061]: Discarding 10 bytes of unparsed data after timeout of 32 ms: 0x0a041fe00105020b6f1a
[21:44:02.603][D][main:661]: Received frame dest 0x0f cmd 0xe000: 0x05
[21:44:02.610][D][bshdbus:090]: Missed ACK for dest 0x0f of preceding frame
[21:44:02.628][D][bshdbus:061]: Discarding 1 bytes of unparsed data after timeout of 26 ms: 0x0a
[21:44:02.635][D][main:661]: Received frame dest 0x1f cmd 0xe001: 0x0502
[21:44:04.608][D][main:661]: Received frame dest 0x0f cmd 0xe000: 0x05
[21:44:04.639][D][bshdbus:090]: Missed ACK for dest 0x0f of preceding frame
[21:44:04.650][D][bshdbus:061]: Discarding 1 bytes of unparsed data after timeout of 27 ms: 0x0a
[21:44:04.668][D][main:661]: Received frame dest 0x1f cmd 0xe001: 0x0502
[21:44:06.610][D][main:661]: Received frame dest 0x0f cmd 0xe000: 0x05
[21:44:06.619][D][bshdbus:090]: Missed ACK for dest 0x0f of preceding frame
[21:44:06.663][D][bshdbus:061]: Discarding 10 bytes of unparsed data after timeout of 32 ms: 0x0a041fe00105020b6f1a
[21:44:08.613][D][main:661]: Received frame dest 0x0f cmd 0xe000: 0x05
[21:44:08.620][D][bshdbus:090]: Missed ACK for dest 0x0f of preceding frame
[21:44:08.641][D][bshdbus:061]: Discarding 1 bytes of unparsed data after timeout of 26 ms: 0x0a
[21:44:08.646][D][main:661]: Received frame dest 0x1f cmd 0xe001: 0x0502
[21:44:10.619][D][main:661]: Received frame dest 0x0f cmd 0xe000: 0x05
[21:44:10.626][D][bshdbus:090]: Missed ACK for dest 0x0f of preceding frame
[21:44:10.668][D][bshdbus:061]: Discarding 10 bytes of unparsed data after timeout of 32 ms: 0x0a041fe00105020b6f1a
[21:44:12.620][D][main:661]: Received frame dest 0x0f cmd 0xe000: 0x05
[21:44:12.628][D][bshdbus:090]: Missed ACK for dest 0x0f of preceding frame
[21:44:12.672][D][bshdbus:061]: Discarding 10 bytes of unparsed data after timeout of 32 ms: 0x0a041fe00105020b6f1a
[21:44:14.624][D][main:661]: Received frame dest 0x0f cmd 0xe000: 0x05
[21:44:14.634][D][bshdbus:090]: Missed ACK for dest 0x0f of preceding frame
[21:44:14.671][D][bshdbus:061]: Discarding 10 bytes of unparsed data after timeout of 32 ms: 0x0a041fe00105020b6f1a
[21:44:16.628][D][main:661]: Received frame dest 0x0f cmd 0xe000: 0x05
[21:44:16.637][D][bshdbus:090]: Missed ACK for dest 0x0f of preceding frame
[21:44:16.692][D][bshdbus:061]: Discarding 10 bytes of unparsed data after timeout of 32 ms: 0x0a041fe00105020b6f1a
[21:44:18.639][D][main:661]: Received frame dest 0x0f cmd 0xe000: 0x05
[21:44:18.644][D][bshdbus:090]: Missed ACK for dest 0x0f of preceding frame
[21:44:18.659][D][bshdbus:061]: Discarding 1 bytes of unparsed data after timeout of 28 ms: 0x0a
[21:44:18.667][D][main:661]: Received frame dest 0x1f cmd 0xe001: 0x0502
[21:44:19.132][S][sensor]: 'Uptime s' >> 422 s
[21:44:19.402][S][sensor]: 'ESP Internal Temperature' >> 53.3 °C
[21:44:19.739][S][sensor]: 'WiFi RSSI' >> -76 dBm
[21:44:20.637][D][main:661]: Received frame dest 0x0f cmd 0xe000: 0x05
[21:44:20.645][D][bshdbus:090]: Missed ACK for dest 0x0f of preceding frame
[21:44:20.687][D][bshdbus:061]: Discarding 10 bytes of unparsed data after timeout of 32 ms: 0x0a041fe00105020b6f1a
[21:44:20.805][S][text_sensor]: 'Uptime' >> '00d 00h 7m 2s'
[21:44:22.640][D][main:661]: Received frame dest 0x0f cmd 0xe000: 0x05
[21:44:22.660][D][bshdbus:090]: Missed ACK for dest 0x0f of preceding frame
[21:44:22.701][D][bshdbus:061]: Discarding 10 bytes of unparsed data after timeout of 32 ms: 0x0a041fe00105020b6f1a
[21:44:24.644][D][main:661]: Received frame dest 0x0f cmd 0xe000: 0x05
[21:44:24.651][D][bshdbus:090]: Missed ACK for dest 0x0f of preceding frame
[21:44:24.695][D][bshdbus:061]: Discarding 10 bytes of unparsed data after timeout of 32 ms: 0x0a041fe00105020b6f1a
[21:44:26.647][D][main:661]: Received frame dest 0x0f cmd 0xe000: 0x05
[21:44:26.654][D][bshdbus:090]: Missed ACK for dest 0x0f of preceding frame
[21:44:26.695][D][bshdbus:061]: Discarding 10 bytes of unparsed data after timeout of 32 ms: 0x0a041fe00105020b6f1a
[21:44:28.656][D][main:661]: Received frame dest 0x0f cmd 0xe000: 0x05
[21:44:28.667][D][bshdbus:090]: Missed ACK for dest 0x0f of preceding frame
[21:44:28.676][D][bshdbus:061]: Discarding 1 bytes of unparsed data after timeout of 23 ms: 0x0a
[21:44:28.687][D][main:661]: Received frame dest 0x1f cmd 0xe001: 0x0502
[21:44:30.654][D][main:661]: Received frame dest 0x0f cmd 0xe000: 0x05
[21:44:30.661][D][bshdbus:090]: Missed ACK for dest 0x0f of preceding frame
[21:44:30.705][D][bshdbus:061]: Discarding 10 bytes of unparsed data after timeout of 32 ms: 0x0a041fe00105020b6f1a
[21:44:32.673][D][main:661]: Received frame dest 0x0f cmd 0xe000: 0x05
[21:44:32.684][D][bshdbus:090]: Missed ACK for dest 0x0f of preceding frame
[21:44:32.695][D][bshdbus:061]: Discarding 1 bytes of unparsed data after timeout of 29 ms: 0x0a
[21:44:32.703][D][main:661]: Received frame dest 0x1f cmd 0xe001: 0x0502
[21:44:34.699][D][main:661]: Received frame dest 0x0f cmd 0xe000: 0x05
[21:44:34.715][D][bshdbus:090]: Missed ACK for dest 0x0f of preceding frame
[21:44:34.730][D][bshdbus:061]: Discarding 10 bytes of unparsed data after timeout of 32 ms: 0x0a041fe00105020b6f1a
[21:44:36.675][D][main:661]: Received frame dest 0x0f cmd 0xe000: 0x05
[21:44:36.690][D][bshdbus:090]: Missed ACK for dest 0x0f of preceding frame
[21:44:36.719][D][bshdbus:061]: Discarding 10 bytes of unparsed data after timeout of 32 ms: 0x0a041fe00105020b6f1a
[21:44:38.669][D][main:661]: Received frame dest 0x0f cmd 0xe000: 0x05
[21:44:38.676][D][bshdbus:090]: Missed ACK for dest 0x0f of preceding frame
[21:44:38.720][D][bshdbus:061]: Discarding 10 bytes of unparsed data after timeout of 32 ms: 0x0a041fe00105020b6f1a
[21:44:40.672][D][main:661]: Received frame dest 0x0f cmd 0xe000: 0x05
[21:44:40.680][D][bshdbus:090]: Missed ACK for dest 0x0f of preceding frame
[21:44:40.721][D][bshdbus:061]: Discarding 10 bytes of unparsed data after timeout of 32 ms: 0x0a041fe00105020b6f1a
[21:44:42.676][D][main:661]: Received frame dest 0x0f cmd 0xe000: 0x05
[21:44:42.683][D][bshdbus:090]: Missed ACK for dest 0x0f of preceding frame
[21:44:42.726][D][bshdbus:061]: Discarding 10 bytes of unparsed data after timeout of 32 ms: 0x0a041fe00105020b6f1a
[21:44:44.680][D][main:661]: Received frame dest 0x0f cmd 0xe000: 0x05
[21:44:44.688][D][bshdbus:090]: Missed ACK for dest 0x0f of preceding frame
[21:44:44.733][D][bshdbus:061]: Discarding 10 bytes of unparsed data after timeout of 33 ms: 0x0a041fe00105020b6f1a
[21:44:46.698][D][main:661]: Received frame dest 0x0f cmd 0xe000: 0x05
[21:44:46.705][D][bshdbus:090]: Missed ACK for dest 0x0f of preceding frame
[21:44:46.730][D][bshdbus:061]: Discarding 10 bytes of unparsed data after timeout of 32 ms: 0x0a041fe00105020b6f1a
[21:44:48.688][D][main:661]: Received frame dest 0x0f cmd 0xe000: 0x05
[21:44:48.697][D][bshdbus:090]: Missed ACK for dest 0x0f of preceding frame
[21:44:48.747][D][bshdbus:061]: Discarding 10 bytes of unparsed data after timeout of 32 ms: 0x0a041fe00105020b6f1a
[21:44:50.757][D][main:661]: Received frame dest 0x0f cmd 0xe000: 0x05
[21:44:50.765][D][bshdbus:090]: Missed ACK for dest 0x0f of preceding frame
[21:44:50.797][D][bshdbus:061]: Discarding 1 bytes of unparsed data after timeout of 24 ms: 0x0a
[21:44:50.803][D][main:661]: Received frame dest 0x1f cmd 0xe001: 0x0502
[21:44:52.695][D][main:661]: Received frame dest 0x0f cmd 0xe000: 0x05
[21:44:52.702][D][bshdbus:090]: Missed ACK for dest 0x0f of preceding frame
[21:44:52.720][D][bshdbus:061]: Discarding 1 bytes of unparsed data after timeout of 24 ms: 0x0a
[21:44:52.741][D][main:661]: Received frame dest 0x1f cmd 0xe001: 0x0502
[21:44:54.698][D][main:661]: Received frame dest 0x0f cmd 0xe000: 0x05
[21:44:54.705][D][bshdbus:090]: Missed ACK for dest 0x0f of preceding frame
[21:44:54.754][D][bshdbus:061]: Discarding 10 bytes of unparsed data after timeout of 32 ms: 0x0a041fe00105020b6f1a
[21:44:56.702][D][main:661]: Received frame dest 0x0f cmd 0xe000: 0x05
[21:44:56.711][D][bshdbus:090]: Missed ACK for dest 0x0f of preceding frame
[21:44:56.757][D][bshdbus:061]: Discarding 10 bytes of unparsed data after timeout of 32 ms: 0x0a041fe00105020b6f1a
[21:44:58.706][D][main:661]: Received frame dest 0x0f cmd 0xe000: 0x05
[21:44:58.712][D][bshdbus:090]: Missed ACK for dest 0x0f of preceding frame
[21:44:58.753][D][bshdbus:061]: Discarding 10 bytes of unparsed data after timeout of 32 ms: 0x0a041fe00105020b6f1a
[21:45:00.709][D][main:661]: Received frame dest 0x0f cmd 0xe000: 0x05
[21:45:00.728][D][bshdbus:090]: Missed ACK for dest 0x0f of preceding frame
[21:45:00.794][D][bshdbus:061]: Discarding 10 bytes of unparsed data after timeout of 33 ms: 0x0a041fe00105020b6f1a
[21:45:02.713][D][main:661]: Received frame dest 0x0f cmd 0xe000: 0x05
[21:45:02.724][D][bshdbus:090]: Missed ACK for dest 0x0f of preceding frame
[21:45:02.741][D][bshdbus:061]: Discarding 1 bytes of unparsed data after timeout of 27 ms: 0x0a
[21:45:02.748][D][main:661]: Received frame dest 0x1f cmd 0xe001: 0x0502
[21:45:04.722][D][main:661]: Received frame dest 0x0f cmd 0xe000: 0x05
[21:45:04.738][D][bshdbus:090]: Missed ACK for dest 0x0f of preceding frame
[21:45:04.771][D][bshdbus:061]: Discarding 10 bytes of unparsed data after timeout of 32 ms: 0x0a041fe00105020b6f1a
[21:45:06.720][D][main:661]: Received frame dest 0x0f cmd 0xe000: 0x05
[21:45:06.740][D][bshdbus:090]: Missed ACK for dest 0x0f of preceding frame
[21:45:06.749][D][bshdbus:061]: Discarding 1 bytes of unparsed data after timeout of 29 ms: 0x0a
[21:45:06.759][D][main:661]: Received frame dest 0x1f cmd 0xe001: 0x0502
[21:45:08.724][D][main:661]: Received frame dest 0x0f cmd 0xe000: 0x05
[21:45:08.744][D][bshdbus:090]: Missed ACK for dest 0x0f of preceding frame
[21:45:08.771][D][bshdbus:061]: Discarding 10 bytes of unparsed data after timeout of 32 ms: 0x0a041fe00105020b6f1a
[21:45:10.729][D][main:661]: Received frame dest 0x0f cmd 0xe000: 0x05
[21:45:10.748][D][bshdbus:090]: Missed ACK for dest 0x0f of preceding frame
[21:45:10.831][D][bshdbus:061]: Discarding 1 bytes of unparsed data after timeout of 21 ms: 0x0a
[21:45:10.837][D][main:661]: Received frame dest 0x1f cmd 0xe001: 0x0502
[21:45:12.732][D][main:661]: Received frame dest 0x0f cmd 0xe000: 0x05
[21:45:12.744][D][bshdbus:090]: Missed ACK for dest 0x0f of preceding frame
[21:45:12.792][D][bshdbus:061]: Discarding 10 bytes of unparsed data after timeout of 32 ms: 0x0a041fe00105020b6f1a
[21:45:14.736][D][main:661]: Received frame dest 0x0f cmd 0xe000: 0x05
[21:45:14.745][D][bshdbus:090]: Missed ACK for dest 0x0f of preceding frame
[21:45:14.761][D][bshdbus:061]: Discarding 1 bytes of unparsed data after timeout of 27 ms: 0x0a
[21:45:14.767][D][main:661]: Received frame dest 0x1f cmd 0xe001: 0x0502
[21:45:16.740][D][main:661]: Received frame dest 0x0f cmd 0xe000: 0x05
[21:45:16.752][D][bshdbus:090]: Missed ACK for dest 0x0f of preceding frame
[21:45:16.810][D][bshdbus:061]: Discarding 10 bytes of unparsed data after timeout of 32 ms: 0x0a041fe00105020b6f1a
[21:45:18.879][D][main:661]: Received frame dest 0x0f cmd 0xe000: 0x05
[21:45:18.885][D][bshdbus:090]: Missed ACK for dest 0x0f of preceding frame
[21:45:18.890][D][bshdbus:061]: Discarding 10 bytes of unparsed data after timeout of 32 ms: 0x0a041fe00105020b6f1a
[21:45:19.122][S][sensor]: 'Uptime s' >> 482 s
[21:45:19.419][S][sensor]: 'ESP Internal Temperature' >> 53.3 °C
[21:45:19.745][S][sensor]: 'WiFi RSSI' >> -76 dBm
[21:45:20.746][D][main:661]: Received frame dest 0x0f cmd 0xe000: 0x05
[21:45:20.758][D][bshdbus:090]: Missed ACK for dest 0x0f of preceding frame
[21:45:20.780][S][text_sensor]: 'Uptime' >> '00d 00h 8m 2s'
[21:45:20.798][D][bshdbus:061]: Discarding 10 bytes of unparsed data after timeout of 36 ms: 0x0a041fe00105020b6f1a
[21:45:22.749][D][main:661]: Received frame dest 0x0f cmd 0xe000: 0x05
[21:45:22.757][D][bshdbus:090]: Missed ACK for dest 0x0f of preceding frame
[21:45:22.771][D][bshdbus:061]: Discarding 1 bytes of unparsed data after timeout of 22 ms: 0x0a
[21:45:22.801][D][main:661]: Received frame dest 0x1f cmd 0xe001: 0x0502
[21:45:24.754][D][main:661]: Received frame dest 0x0f cmd 0xe000: 0x05
[21:45:24.763][D][bshdbus:090]: Missed ACK for dest 0x0f of preceding frame
[21:45:24.774][D][bshdbus:061]: Discarding 1 bytes of unparsed data after timeout of 22 ms: 0x0a
[21:45:24.789][D][main:661]: Received frame dest 0x1f cmd 0xe001: 0x0502
[21:45:26.758][D][main:661]: Received frame dest 0x0f cmd 0xe000: 0x05
[21:45:26.764][D][bshdbus:090]: Missed ACK for dest 0x0f of preceding frame
[21:45:26.778][D][bshdbus:061]: Discarding 1 bytes of unparsed data after timeout of 22 ms: 0x0a
[21:45:26.787][D][main:661]: Received frame dest 0x1f cmd 0xe001: 0x0502
[21:45:28.761][D][main:661]: Received frame dest 0x0f cmd 0xe000: 0x05
[21:45:28.775][D][bshdbus:090]: Missed ACK for dest 0x0f of preceding frame
[21:45:28.819][D][bshdbus:061]: Discarding 1 bytes of unparsed data after timeout of 24 ms: 0x0a
[21:45:28.826][D][main:661]: Received frame dest 0x1f cmd 0xe001: 0x0502
[21:45:30.767][D][main:661]: Received frame dest 0x0f cmd 0xe000: 0x05
[21:45:30.776][D][bshdbus:090]: Missed ACK for dest 0x0f of preceding frame
[21:45:30.819][D][bshdbus:061]: Discarding 10 bytes of unparsed data after timeout of 32 ms: 0x0a041fe00105020b6f1a
[21:45:32.891][D][main:661]: Received frame dest 0x0f cmd 0xe000: 0x05
[21:45:32.898][D][bshdbus:090]: Missed ACK for dest 0x0f of preceding frame
[21:45:32.903][D][bshdbus:061]: Discarding 10 bytes of unparsed data after timeout of 32 ms: 0x0a041fe00105020b6f1a
[21:45:34.772][D][main:661]: Received frame dest 0x0f cmd 0xe000: 0x05
[21:45:34.778][D][bshdbus:090]: Missed ACK for dest 0x0f of preceding frame
[21:45:34.825][D][bshdbus:061]: Discarding 10 bytes of unparsed data after timeout of 32 ms: 0x0a041fe00105020b6f1a
[21:45:36.789][D][main:661]: Received frame dest 0x0f cmd 0xe000: 0x05
[21:45:36.803][D][bshdbus:090]: Missed ACK for dest 0x0f of preceding frame
[21:45:36.813][D][bshdbus:061]: Discarding 1 bytes of unparsed data after timeout of 21 ms: 0x0a
[21:45:36.820][D][main:661]: Received frame dest 0x1f cmd 0xe001: 0x0502
[21:45:38.779][D][main:661]: Received frame dest 0x0f cmd 0xe000: 0x05
[21:45:38.788][D][bshdbus:090]: Missed ACK for dest 0x0f of preceding frame
[21:45:38.800][D][bshdbus:061]: Discarding 1 bytes of unparsed data after timeout of 22 ms: 0x0a
[21:45:38.838][D][main:661]: Received frame dest 0x1f cmd 0xe001: 0x0502
[21:45:40.783][D][main:661]: Received frame dest 0x0f cmd 0xe000: 0x05
[21:45:40.792][D][bshdbus:090]: Missed ACK for dest 0x0f of preceding frame
[21:45:40.810][D][bshdbus:061]: Discarding 1 bytes of unparsed data after timeout of 28 ms: 0x0a
[21:45:40.816][D][main:661]: Received frame dest 0x1f cmd 0xe001: 0x0502
[21:45:42.788][D][main:661]: Received frame dest 0x0f cmd 0xe000: 0x05
[21:45:42.804][D][bshdbus:090]: Missed ACK for dest 0x0f of preceding frame
[21:45:42.816][D][bshdbus:061]: Discarding 1 bytes of unparsed data after timeout of 25 ms: 0x0a
[21:45:42.850][D][main:661]: Received frame dest 0x1f cmd 0xe001: 0x0502
[21:45:44.789][D][main:661]: Received frame dest 0x0f cmd 0xe000: 0x05
[21:45:44.800][D][bshdbus:090]: Missed ACK for dest 0x0f of preceding frame
[21:45:44.811][D][bshdbus:061]: Discarding 1 bytes of unparsed data after timeout of 23 ms: 0x0a
[21:45:44.820][D][main:661]: Received frame dest 0x1f cmd 0xe001: 0x0502
[21:45:46.825][D][main:661]: Received frame dest 0x0f cmd 0xe000: 0x05
[21:45:46.832][D][bshdbus:090]: Missed ACK for dest 0x0f of preceding frame
[21:45:46.837][D][bshdbus:061]: Discarding 1 bytes of unparsed data after timeout of 28 ms: 0x0a
[21:45:46.846][D][main:661]: Received frame dest 0x1f cmd 0xe001: 0x0502
[21:45:48.797][D][main:661]: Received frame dest 0x0f cmd 0xe000: 0x05
[21:45:48.807][D][bshdbus:090]: Missed ACK for dest 0x0f of preceding frame
[21:45:48.857][D][bshdbus:061]: Discarding 10 bytes of unparsed data after timeout of 32 ms: 0x0a041fe00105020b6f1a
[21:45:50.801][D][main:661]: Received frame dest 0x0f cmd 0xe000: 0x05
[21:45:50.809][D][bshdbus:090]: Missed ACK for dest 0x0f of preceding frame
[21:45:50.824][D][bshdbus:061]: Discarding 1 bytes of unparsed data after timeout of 22 ms: 0x0a
[21:45:50.833][D][main:661]: Received frame dest 0x1f cmd 0xe001: 0x0502
[21:45:52.848][D][main:661]: Received frame dest 0x0f cmd 0xe000: 0x05
[21:45:52.860][D][bshdbus:090]: Missed ACK for dest 0x0f of preceding frame
[21:45:53.002][D][bshdbus:061]: Discarding 1 bytes of unparsed data after timeout of 23 ms: 0x0a
[21:45:53.010][D][main:661]: Received frame dest 0x1f cmd 0xe001: 0x0502
[21:45:54.809][D][main:661]: Received frame dest 0x0f cmd 0xe000: 0x05
[21:45:54.820][D][bshdbus:090]: Missed ACK for dest 0x0f of preceding frame
[21:45:54.856][D][bshdbus:061]: Discarding 10 bytes of unparsed data after timeout of 32 ms: 0x0a041fe00105020b6f1a
[21:45:56.812][D][main:661]: Received frame dest 0x0f cmd 0xe000: 0x05
[21:45:56.825][D][bshdbus:090]: Missed ACK for dest 0x0f of preceding frame
[21:45:56.852][D][bshdbus:061]: Discarding 1 bytes of unparsed data after timeout of 22 ms: 0x0a
[21:45:56.864][D][main:661]: Received frame dest 0x1f cmd 0xe001: 0x0502
[21:45:58.815][D][main:661]: Received frame dest 0x0f cmd 0xe000: 0x05
[21:45:58.824][D][bshdbus:090]: Missed ACK for dest 0x0f of preceding frame
[21:45:58.836][D][bshdbus:061]: Discarding 1 bytes of unparsed data after timeout of 21 ms: 0x0a
[21:45:58.843][D][main:661]: Received frame dest 0x1f cmd 0xe001: 0x0502
[21:46:00.819][D][main:661]: Received frame dest 0x0f cmd 0xe000: 0x05
[21:46:00.842][D][bshdbus:090]: Missed ACK for dest 0x0f of preceding frame
[21:46:00.849][D][bshdbus:061]: Discarding 1 bytes of unparsed data after timeout of 26 ms: 0x0a
[21:46:00.853][D][main:661]: Received frame dest 0x1f cmd 0xe001: 0x0502
[21:46:02.822][D][main:661]: Received frame dest 0x0f cmd 0xe000: 0x05
[21:46:02.843][D][bshdbus:090]: Missed ACK for dest 0x0f of preceding frame
[21:46:02.848][D][bshdbus:061]: Discarding 1 bytes of unparsed data after timeout of 21 ms: 0x0a
[21:46:02.912][D][main:661]: Received frame dest 0x1f cmd 0xe001: 0x0502
[21:46:04.841][D][main:661]: Received frame dest 0x0f cmd 0xe000: 0x05
[21:46:04.877][D][bshdbus:090]: Missed ACK for dest 0x0f of preceding frame
[21:46:04.885][D][bshdbus:061]: Discarding 1 bytes of unparsed data after timeout of 23 ms: 0x0a
[21:46:04.892][D][main:661]: Received frame dest 0x1f cmd 0xe001: 0x0502
[21:46:06.854][D][main:661]: Received frame dest 0x0f cmd 0xe000: 0x05
[21:46:06.871][D][bshdbus:090]: Missed ACK for dest 0x0f of preceding frame
[21:46:06.884][D][bshdbus:061]: Discarding 10 bytes of unparsed data after timeout of 32 ms: 0x0a041fe00105020b6f1a
[21:46:08.835][D][main:661]: Received frame dest 0x0f cmd 0xe000: 0x05
[21:46:08.841][D][bshdbus:090]: Missed ACK for dest 0x0f of preceding frame
[21:46:08.885][D][bshdbus:061]: Discarding 10 bytes of unparsed data after timeout of 32 ms: 0x0a041fe00105020b6f1a
[21:46:10.837][D][main:661]: Received frame dest 0x0f cmd 0xe000: 0x05
[21:46:10.844][D][bshdbus:090]: Missed ACK for dest 0x0f of preceding frame
[21:46:10.870][D][bshdbus:061]: Discarding 1 bytes of unparsed data after timeout of 25 ms: 0x0a
[21:46:10.880][D][main:661]: Received frame dest 0x1f cmd 0xe001: 0x0502
[21:46:12.840][D][main:661]: Received frame dest 0x0f cmd 0xe000: 0x05
[21:46:12.848][D][bshdbus:090]: Missed ACK for dest 0x0f of preceding frame
[21:46:12.863][D][bshdbus:061]: Discarding 1 bytes of unparsed data after timeout of 23 ms: 0x0a
[21:46:12.876][D][main:661]: Received frame dest 0x1f cmd 0xe001: 0x0502
[21:46:14.847][D][main:661]: Received frame dest 0x0f cmd 0xe000: 0x05
[21:46:14.889][D][bshdbus:090]: Missed ACK for dest 0x0f of preceding frame
[21:46:14.898][D][bshdbus:061]: Discarding 10 bytes of unparsed data after timeout of 32 ms: 0x0a041fe00105020b6f1a
[21:46:16.847][D][main:661]: Received frame dest 0x0f cmd 0xe000: 0x05
[21:46:16.854][D][bshdbus:090]: Missed ACK for dest 0x0f of preceding frame
[21:46:16.874][D][bshdbus:061]: Discarding 1 bytes of unparsed data after timeout of 28 ms: 0x0a
[21:46:16.881][D][main:661]: Received frame dest 0x1f cmd 0xe001: 0x0502
[21:46:18.860][D][main:661]: Received frame dest 0x0f cmd 0xe000: 0x05
[21:46:18.867][D][bshdbus:090]: Missed ACK for dest 0x0f of preceding frame
[21:46:18.879][D][bshdbus:061]: Discarding 1 bytes of unparsed data after timeout of 28 ms: 0x0a
[21:46:18.887][D][main:661]: Received frame dest 0x1f cmd 0xe001: 0x0502
[21:46:19.125][S][sensor]: 'Uptime s' >> 542 s
[21:46:19.400][S][sensor]: 'ESP Internal Temperature' >> 53.3 °C
[21:46:19.738][S][sensor]: 'WiFi RSSI' >> -75 dBm
[21:46:20.783][S][text_sensor]: 'Uptime' >> '00d 00h 9m 2s'
[21:46:20.854][D][main:661]: Received frame dest 0x0f cmd 0xe000: 0x05
[21:46:20.864][D][bshdbus:090]: Missed ACK for dest 0x0f of preceding frame
[21:46:20.876][D][bshdbus:061]: Discarding 1 bytes of unparsed data after timeout of 22 ms: 0x0a
[21:46:20.901][D][main:661]: Received frame dest 0x1f cmd 0xe001: 0x0502
[21:46:22.861][D][main:661]: Received frame dest 0x0f cmd 0xe000: 0x05
[21:46:22.888][D][bshdbus:090]: Missed ACK for dest 0x0f of preceding frame
[21:46:22.939][D][bshdbus:061]: Discarding 10 bytes of unparsed data after timeout of 32 ms: 0x0a041fe00105020b6f1a
[21:46:24.863][D][main:661]: Received frame dest 0x0f cmd 0xe000: 0x05
[21:46:24.870][D][bshdbus:090]: Missed ACK for dest 0x0f of preceding frame
[21:46:24.914][D][bshdbus:061]: Discarding 1 bytes of unparsed data after timeout of 28 ms: 0x0a
[21:46:24.923][D][main:661]: Received frame dest 0x1f cmd 0xe001: 0x0502
[21:46:26.866][D][main:661]: Received frame dest 0x0f cmd 0xe000: 0x05
[21:46:26.872][D][bshdbus:090]: Missed ACK for dest 0x0f of preceding frame
[21:46:26.916][D][bshdbus:061]: Discarding 10 bytes of unparsed data after timeout of 32 ms: 0x0a041fe00105020b6f1a
[21:46:28.870][D][main:661]: Received frame dest 0x0f cmd 0xe000: 0x05
[21:46:28.877][D][bshdbus:090]: Missed ACK for dest 0x0f of preceding frame
[21:46:28.922][D][bshdbus:061]: Discarding 10 bytes of unparsed data after timeout of 32 ms: 0x0a041fe00105020b6f1a
[21:46:30.874][D][main:661]: Received frame dest 0x0f cmd 0xe000: 0x05
[21:46:30.882][D][bshdbus:090]: Missed ACK for dest 0x0f of preceding frame
[21:46:30.967][D][bshdbus:061]: Discarding 10 bytes of unparsed data after timeout of 32 ms: 0x0a041fe00105020b6f1a
[21:46:32.887][D][main:661]: Received frame dest 0x0f cmd 0xe000: 0x05
[21:46:32.894][D][bshdbus:090]: Missed ACK for dest 0x0f of preceding frame
[21:46:32.931][D][bshdbus:061]: Discarding 10 bytes of unparsed data after timeout of 32 ms: 0x0a041fe00105020b6f1a
[21:46:34.882][D][main:661]: Received frame dest 0x0f cmd 0xe000: 0x05
[21:46:34.897][D][bshdbus:090]: Missed ACK for dest 0x0f of preceding frame
[21:46:34.935][D][bshdbus:061]: Discarding 10 bytes of unparsed data after timeout of 32 ms: 0x0a041fe00105020b6f1a
[21:46:36.884][D][main:661]: Received frame dest 0x0f cmd 0xe000: 0x05
[21:46:36.892][D][bshdbus:090]: Missed ACK for dest 0x0f of preceding frame
[21:46:36.938][D][bshdbus:061]: Discarding 10 bytes of unparsed data after timeout of 32 ms: 0x0a041fe00105020b6f1a
[21:46:38.888][D][main:661]: Received frame dest 0x0f cmd 0xe000: 0x05
[21:46:38.896][D][bshdbus:090]: Missed ACK for dest 0x0f of preceding frame
[21:46:38.928][D][bshdbus:061]: Discarding 1 bytes of unparsed data after timeout of 28 ms: 0x0a
[21:46:38.937][D][main:661]: Received frame dest 0x1f cmd 0xe001: 0x0502
[21:46:40.891][D][main:661]: Received frame dest 0x0f cmd 0xe000: 0x05
[21:46:40.904][D][bshdbus:090]: Missed ACK for dest 0x0f of preceding frame
[21:46:40.938][D][bshdbus:061]: Discarding 10 bytes of unparsed data after timeout of 32 ms: 0x0a041fe00105020b6f1a
[21:46:42.899][D][main:661]: Received frame dest 0x0f cmd 0xe000: 0x05
[21:46:42.915][D][bshdbus:090]: Missed ACK for dest 0x0f of preceding frame
[21:46:42.944][D][bshdbus:061]: Discarding 10 bytes of unparsed data after timeout of 33 ms: 0x0a041fe00105020b6f1a
[21:46:44.900][D][main:661]: Received frame dest 0x0f cmd 0xe000: 0x05
[21:46:44.923][D][bshdbus:090]: Missed ACK for dest 0x0f of preceding frame
[21:46:44.948][D][bshdbus:061]: Discarding 10 bytes of unparsed data after timeout of 32 ms: 0x0a041fe00105020b6f1a
[21:46:46.904][D][main:661]: Received frame dest 0x0f cmd 0xe000: 0x05
[21:46:46.919][D][bshdbus:090]: Missed ACK for dest 0x0f of preceding frame
[21:46:46.928][D][bshdbus:061]: Discarding 1 bytes of unparsed data after timeout of 22 ms: 0x0a
[21:46:46.936][D][main:661]: Received frame dest 0x1f cmd 0xe001: 0x0502
[21:46:48.908][D][main:661]: Received frame dest 0x0f cmd 0xe000: 0x05
[21:46:48.927][D][bshdbus:090]: Missed ACK for dest 0x0f of preceding frame
[21:46:48.935][D][bshdbus:061]: Discarding 1 bytes of unparsed data after timeout of 25 ms: 0x0a
[21:46:48.941][D][main:661]: Received frame dest 0x1f cmd 0xe001: 0x0502
[21:46:50.920][D][main:661]: Received frame dest 0x0f cmd 0xe000: 0x05
[21:46:50.985][D][bshdbus:090]: Missed ACK for dest 0x0f of preceding frame
[21:46:50.992][D][bshdbus:061]: Discarding 10 bytes of unparsed data after timeout of 32 ms: 0x0a041fe00105020b6f1a
[21:46:52.914][D][main:661]: Received frame dest 0x0f cmd 0xe000: 0x05
[21:46:52.929][D][bshdbus:090]: Missed ACK for dest 0x0f of preceding frame
[21:46:52.942][D][bshdbus:061]: Discarding 1 bytes of unparsed data after timeout of 26 ms: 0x0a
[21:46:52.962][D][main:661]: Received frame dest 0x1f cmd 0xe001: 0x0502
[21:46:54.924][D][main:661]: Received frame dest 0x0f cmd 0xe000: 0x05
[21:46:55.115][D][bshdbus:090]: Missed ACK for dest 0x0f of preceding frame
[21:46:55.124][D][bshdbus:061]: Discarding 1 bytes of unparsed data after timeout of 28 ms: 0x0a
[21:46:55.132][D][main:661]: Received frame dest 0x1f cmd 0xe001: 0x0502
[21:46:56.922][D][main:661]: Received frame dest 0x0f cmd 0xe000: 0x05
[21:46:56.939][D][bshdbus:090]: Missed ACK for dest 0x0f of preceding frame
[21:46:56.957][D][bshdbus:061]: Discarding 1 bytes of unparsed data after timeout of 21 ms: 0x0a
[21:46:56.964][D][main:661]: Received frame dest 0x1f cmd 0xe001: 0x0502
[21:46:58.925][D][main:661]: Received frame dest 0x0f cmd 0xe000: 0x05
[21:46:58.937][D][bshdbus:090]: Missed ACK for dest 0x0f of preceding frame
[21:46:58.948][D][bshdbus:061]: Discarding 1 bytes of unparsed data after timeout of 22 ms: 0x0a
[21:46:58.970][D][main:661]: Received frame dest 0x1f cmd 0xe001: 0x0502
[21:47:00.929][D][main:661]: Received frame dest 0x0f cmd 0xe000: 0x05
[21:47:00.952][D][bshdbus:090]: Missed ACK for dest 0x0f of preceding frame
[21:47:00.977][D][bshdbus:061]: Discarding 10 bytes of unparsed data after timeout of 32 ms: 0x0a041fe00105020b6f1a
[21:47:02.933][D][main:661]: Received frame dest 0x0f cmd 0xe000: 0x05
[21:47:02.997][D][bshdbus:090]: Missed ACK for dest 0x0f of preceding frame
[21:47:03.003][D][bshdbus:061]: Discarding 1 bytes of unparsed data after timeout of 25 ms: 0x0a
[21:47:03.009][D][main:661]: Received frame dest 0x1f cmd 0xe001: 0x0502
[21:47:04.979][D][main:661]: Received frame dest 0x0f cmd 0xe000: 0x05
[21:47:04.986][D][bshdbus:090]: Missed ACK for dest 0x0f of preceding frame
[21:47:05.008][D][bshdbus:061]: Discarding 1 bytes of unparsed data after timeout of 28 ms: 0x0a
[21:47:05.015][D][main:661]: Received frame dest 0x1f cmd 0xe001: 0x0502
[21:47:06.940][D][main:661]: Received frame dest 0x0f cmd 0xe000: 0x05
[21:47:06.951][D][bshdbus:090]: Missed ACK for dest 0x0f of preceding frame
[21:47:06.963][D][bshdbus:061]: Discarding 1 bytes of unparsed data after timeout of 24 ms: 0x0a
[21:47:06.971][D][main:661]: Received frame dest 0x1f cmd 0xe001: 0x0502
[21:47:08.947][D][main:661]: Received frame dest 0x0f cmd 0xe000: 0x05
[21:47:08.965][D][bshdbus:090]: Missed ACK for dest 0x0f of preceding frame
[21:47:08.984][D][bshdbus:061]: Discarding 1 bytes of unparsed data after timeout of 21 ms: 0x0a
[21:47:08.991][D][main:661]: Received frame dest 0x1f cmd 0xe001: 0x0502
[21:47:10.949][D][main:661]: Received frame dest 0x0f cmd 0xe000: 0x05
[21:47:10.956][D][bshdbus:090]: Missed ACK for dest 0x0f of preceding frame
[21:47:10.983][D][bshdbus:061]: Discarding 1 bytes of unparsed data after timeout of 26 ms: 0x0a
[21:47:10.993][D][main:661]: Received frame dest 0x1f cmd 0xe001: 0x0502
[21:47:12.952][D][main:661]: Received frame dest 0x0f cmd 0xe000: 0x05
[21:47:12.959][D][bshdbus:090]: Missed ACK for dest 0x0f of preceding frame
[21:47:13.004][D][bshdbus:061]: Discarding 10 bytes of unparsed data after timeout of 32 ms: 0x0a041fe00105020b6f1a
[21:47:14.958][D][main:661]: Received frame dest 0x0f cmd 0xe000: 0x05
[21:47:15.004][D][bshdbus:090]: Missed ACK for dest 0x0f of preceding frame
[21:47:15.087][D][bshdbus:061]: Discarding 10 bytes of unparsed data after timeout of 32 ms: 0x0a041fe00105020b6f1a
[21:47:16.962][D][main:661]: Received frame dest 0x0f cmd 0xe000: 0x05
[21:47:16.993][D][bshdbus:090]: Missed ACK for dest 0x0f of preceding frame
[21:47:17.002][D][bshdbus:061]: Discarding 1 bytes of unparsed data after timeout of 26 ms: 0x0a
[21:47:17.010][D][main:661]: Received frame dest 0x1f cmd 0xe001: 0x0502
[21:47:18.969][D][main:661]: Received frame dest 0x0f cmd 0xe000: 0x05
[21:47:18.978][D][bshdbus:090]: Missed ACK for dest 0x0f of preceding frame
[21:47:19.016][D][bshdbus:061]: Discarding 10 bytes of unparsed data after timeout of 32 ms: 0x0a041fe00105020b6f1a
[21:47:19.115][S][sensor]: 'Uptime s' >> 602 s
[21:47:19.406][S][sensor]: 'ESP Internal Temperature' >> 53.3 °C
[21:47:19.744][S][sensor]: 'WiFi RSSI' >> -77 dBm
[21:47:20.772][S][text_sensor]: 'Uptime' >> '00d 00h 10m 2s'
[21:47:20.867][D][preferences:254]: Writing 1 items: 0 cached, 1 written, 0 failed
[21:47:20.966][D][main:661]: Received frame dest 0x0f cmd 0xe000: 0x05
[21:47:20.973][D][bshdbus:090]: Missed ACK for dest 0x0f of preceding frame
[21:47:21.028][D][bshdbus:061]: Discarding 10 bytes of unparsed data after timeout of 32 ms: 0x0a041fe00105020b6f1a
[21:47:21.836][D][wifi:2485]: Roam scan (-77 dBm, attempt 2/3)
[21:47:23.054][D][main:661]: Received frame dest 0x0f cmd 0xe000: 0x05
[21:47:23.067][D][bshdbus:090]: Missed ACK for dest 0x0f of preceding frame
[21:47:23.072][D][bshdbus:061]: Discarding 1 bytes of unparsed data after timeout of 24 ms: 0x0a
[21:47:23.078][D][main:661]: Received frame dest 0x1f cmd 0xe001: 0x0502
[21:47:25.174][D][main:661]: Received frame dest 0x0f cmd 0xe000: 0x05
[21:47:25.184][D][bshdbus:090]: Missed ACK for dest 0x0f of preceding frame
[21:47:25.190][D][bshdbus:061]: Discarding 1 bytes of unparsed data after timeout of 23 ms: 0x0a
[21:47:25.196][D][main:661]: Received frame dest 0x1f cmd 0xe001: 0x0502
[21:47:26.979][D][main:661]: Received frame dest 0x0f cmd 0xe000: 0x05
[21:47:26.987][D][bshdbus:090]: Missed ACK for dest 0x0f of preceding frame
[21:47:27.030][D][bshdbus:061]: Discarding 10 bytes of unparsed data after timeout of 32 ms: 0x0a041fe00105020b6f1a
[21:47:28.985][D][main:661]: Received frame dest 0x0f cmd 0xe000: 0x05
[21:47:29.017][D][bshdbus:090]: Missed ACK for dest 0x0f of preceding frame
[21:47:29.033][D][bshdbus:061]: Discarding 10 bytes of unparsed data after timeout of 32 ms: 0x0a041fe00105020b6f1a
[21:47:30.985][D][main:661]: Received frame dest 0x0f cmd 0xe000: 0x05
[21:47:30.993][D][bshdbus:090]: Missed ACK for dest 0x0f of preceding frame
[21:47:31.017][D][bshdbus:061]: Discarding 1 bytes of unparsed data after timeout of 28 ms: 0x0a
[21:47:31.024][D][main:661]: Received frame dest 0x1f cmd 0xe001: 0x0502
[21:47:33.020][D][main:661]: Received frame dest 0x0f cmd 0xe000: 0x05
[21:47:33.027][D][bshdbus:090]: Missed ACK for dest 0x0f of preceding frame
[21:47:33.064][D][bshdbus:061]: Discarding 10 bytes of unparsed data after timeout of 32 ms: 0x0a041fe00105020b6f1a
[21:47:34.992][D][main:661]: Received frame dest 0x0f cmd 0xe000: 0x05
[21:47:35.001][D][bshdbus:090]: Missed ACK for dest 0x0f of preceding frame
[21:47:35.015][D][bshdbus:061]: Discarding 1 bytes of unparsed data after timeout of 24 ms: 0x0a
[21:47:35.022][D][main:661]: Received frame dest 0x1f cmd 0xe001: 0x0502
[21:47:36.996][D][main:661]: Received frame dest 0x0f cmd 0xe000: 0x05
[21:47:37.007][D][bshdbus:090]: Missed ACK for dest 0x0f of preceding frame
[21:47:37.018][D][bshdbus:061]: Discarding 1 bytes of unparsed data after timeout of 23 ms: 0x0a
[21:47:37.028][D][main:661]: Received frame dest 0x1f cmd 0xe001: 0x0502
[21:47:39.000][D][main:661]: Received frame dest 0x0f cmd 0xe000: 0x05
[21:47:39.008][D][bshdbus:090]: Missed ACK for dest 0x0f of preceding frame
[21:47:39.050][D][bshdbus:061]: Discarding 10 bytes of unparsed data after timeout of 32 ms: 0x0a041fe00105020b6f1a
[21:47:41.004][D][main:661]: Received frame dest 0x0f cmd 0xe000: 0x05
[21:47:41.010][D][bshdbus:090]: Missed ACK for dest 0x0f of preceding frame
[21:47:41.075][D][bshdbus:061]: Discarding 10 bytes of unparsed data after timeout of 32 ms: 0x0a041fe00105020b6f1a
[21:47:43.008][D][main:661]: Received frame dest 0x0f cmd 0xe000: 0x05
[21:47:43.017][D][bshdbus:090]: Missed ACK for dest 0x0f of preceding frame
[21:47:43.036][D][bshdbus:061]: Discarding 1 bytes of unparsed data after timeout of 28 ms: 0x0a
[21:47:43.044][D][main:661]: Received frame dest 0x1f cmd 0xe001: 0x0502
[21:47:45.011][D][main:661]: Received frame dest 0x0f cmd 0xe000: 0x05
[21:47:45.020][D][bshdbus:090]: Missed ACK for dest 0x0f of preceding frame
[21:47:45.040][D][bshdbus:061]: Discarding 1 bytes of unparsed data after timeout of 28 ms: 0x0a
[21:47:45.046][D][main:661]: Received frame dest 0x1f cmd 0xe001: 0x0502
[21:47:47.027][D][main:661]: Received frame dest 0x0f cmd 0xe000: 0x05
[21:47:47.038][D][bshdbus:090]: Missed ACK for dest 0x0f of preceding frame
[21:47:47.066][D][bshdbus:061]: Discarding 10 bytes of unparsed data after timeout of 32 ms: 0x0a041fe00105020b6f1a
[21:47:49.018][D][main:661]: Received frame dest 0x0f cmd 0xe000: 0x05
[21:47:49.028][D][bshdbus:090]: Missed ACK for dest 0x0f of preceding frame
[21:47:49.079][D][bshdbus:061]: Discarding 10 bytes of unparsed data after timeout of 32 ms: 0x0a041fe00105020b6f1a
[21:47:51.025][D][main:661]: Received frame dest 0x0f cmd 0xe000: 0x05
[21:47:51.091][D][bshdbus:090]: Missed ACK for dest 0x0f of preceding frame
[21:47:51.101][D][bshdbus:061]: Discarding 1 bytes of unparsed data after timeout of 29 ms: 0x0a
[21:47:51.119][D][main:661]: Received frame dest 0x1f cmd 0xe001: 0x0502
[21:47:53.031][D][main:661]: Received frame dest 0x0f cmd 0xe000: 0x05
[21:47:53.040][D][bshdbus:090]: Missed ACK for dest 0x0f of preceding frame
[21:47:53.052][D][bshdbus:061]: Discarding 1 bytes of unparsed data after timeout of 27 ms: 0x0a
[21:47:53.069][D][main:661]: Received frame dest 0x1f cmd 0xe001: 0x0502
[21:47:55.040][D][main:661]: Received frame dest 0x0f cmd 0xe000: 0x05
[21:47:55.071][D][bshdbus:090]: Missed ACK for dest 0x0f of preceding frame
[21:47:55.078][D][bshdbus:061]: Discarding 10 bytes of unparsed data after timeout of 32 ms: 0x0a041fe00105020b6f1a
[21:47:57.050][D][main:661]: Received frame dest 0x0f cmd 0xe000: 0x05
[21:47:57.085][D][bshdbus:090]: Missed ACK for dest 0x0f of preceding frame
[21:47:57.098][D][bshdbus:061]: Discarding 1 bytes of unparsed data after timeout of 22 ms: 0x0a
[21:47:57.105][D][main:661]: Received frame dest 0x1f cmd 0xe001: 0x0502
[21:47:59.037][D][main:661]: Received frame dest 0x0f cmd 0xe000: 0x05
[21:47:59.044][D][bshdbus:090]: Missed ACK for dest 0x0f of preceding frame
[21:47:59.059][D][bshdbus:061]: Discarding 1 bytes of unparsed data after timeout of 23 ms: 0x0a
[21:47:59.066][D][main:661]: Received frame dest 0x1f cmd 0xe001: 0x0502
[21:48:01.043][D][main:661]: Received frame dest 0x0f cmd 0xe000: 0x05
[21:48:01.078][D][bshdbus:090]: Missed ACK for dest 0x0f of preceding frame
[21:48:01.122][D][bshdbus:061]: Discarding 10 bytes of unparsed data after timeout of 32 ms: 0x0a041fe00105020b6f1a
[21:48:03.045][D][main:661]: Received frame dest 0x0f cmd 0xe000: 0x05
[21:48:03.052][D][bshdbus:090]: Missed ACK for dest 0x0f of preceding frame
[21:48:03.069][D][bshdbus:061]: Discarding 1 bytes of unparsed data after timeout of 25 ms: 0x0a
[21:48:03.076][D][main:661]: Received frame dest 0x1f cmd 0xe001: 0x0502
[21:48:05.078][D][main:661]: Received frame dest 0x0f cmd 0xe000: 0x05
[21:48:05.137][D][bshdbus:090]: Missed ACK for dest 0x0f of preceding frame
[21:48:05.144][D][bshdbus:061]: Discarding 1 bytes of unparsed data after timeout of 28 ms: 0x0a
[21:48:05.150][D][main:661]: Received frame dest 0x1f cmd 0xe001: 0x0502
[21:48:07.054][D][main:661]: Received frame dest 0x0f cmd 0xe000: 0x05
[21:48:07.061][D][bshdbus:090]: Missed ACK for dest 0x0f of preceding frame
[21:48:07.099][D][bshdbus:061]: Discarding 10 bytes of unparsed data after timeout of 32 ms: 0x0a041fe00105020b6f1a
[21:48:09.065][D][main:661]: Received frame dest 0x0f cmd 0xe000: 0x05
[21:48:09.095][D][bshdbus:090]: Missed ACK for dest 0x0f of preceding frame
[21:48:09.130][D][bshdbus:061]: Discarding 10 bytes of unparsed data after timeout of 32 ms: 0x0a041fe00105020b6f1a
[21:48:11.059][D][main:661]: Received frame dest 0x0f cmd 0xe000: 0x05
[21:48:11.067][D][bshdbus:090]: Missed ACK for dest 0x0f of preceding frame
[21:48:11.099][D][bshdbus:061]: Discarding 1 bytes of unparsed data after timeout of 27 ms: 0x0a
[21:48:11.110][D][main:661]: Received frame dest 0x1f cmd 0xe001: 0x0502
[21:48:13.063][D][main:661]: Received frame dest 0x0f cmd 0xe000: 0x05
[21:48:13.079][D][bshdbus:090]: Missed ACK for dest 0x0f of preceding frame
[21:48:13.150][D][bshdbus:061]: Discarding 10 bytes of unparsed data after timeout of 32 ms: 0x0a041fe00105020b6f1a
[21:48:15.070][D][main:661]: Received frame dest 0x0f cmd 0xe000: 0x05
[21:48:15.093][D][bshdbus:090]: Missed ACK for dest 0x0f of preceding frame
[21:48:15.120][D][bshdbus:061]: Discarding 10 bytes of unparsed data after timeout of 32 ms: 0x0a041fe00105020b6f1a
[21:48:17.070][D][main:661]: Received frame dest 0x0f cmd 0xe000: 0x05
[21:48:17.083][D][bshdbus:090]: Missed ACK for dest 0x0f of preceding frame
[21:48:17.093][D][bshdbus:061]: Discarding 1 bytes of unparsed data after timeout of 24 ms: 0x0a
[21:48:17.102][D][main:661]: Received frame dest 0x1f cmd 0xe001: 0x0502
[21:48:19.088][D][main:661]: Received frame dest 0x0f cmd 0xe000: 0x05
[21:48:19.105][D][bshdbus:090]: Missed ACK for dest 0x0f of preceding frame
[21:48:19.128][S][sensor]: 'Uptime s' >> 662 s
[21:48:19.135][D][bshdbus:061]: Discarding 10 bytes of unparsed data after timeout of 34 ms: 0x0a041fe00105020b6f1a
[21:48:19.409][S][sensor]: 'ESP Internal Temperature' >> 53.3 °C
[21:48:19.744][S][sensor]: 'WiFi RSSI' >> -76 dBm
[21:48:20.775][S][text_sensor]: 'Uptime' >> '00d 00h 11m 2s'
[21:48:21.077][D][main:661]: Received frame dest 0x0f cmd 0xe000: 0x05
[21:48:21.086][D][bshdbus:090]: Missed ACK for dest 0x0f of preceding frame
[21:48:21.099][D][bshdbus:061]: Discarding 1 bytes of unparsed data after timeout of 22 ms: 0x0a
[21:48:21.106][D][main:661]: Received frame dest 0x1f cmd 0xe001: 0x0502
[21:48:23.085][D][main:661]: Received frame dest 0x0f cmd 0xe000: 0x05
[21:48:23.122][D][bshdbus:090]: Missed ACK for dest 0x0f of preceding frame
[21:48:23.132][D][bshdbus:061]: Discarding 10 bytes of unparsed data after timeout of 32 ms: 0x0a041fe00105020b6f1a
[21:48:25.084][D][main:661]: Received frame dest 0x0f cmd 0xe000: 0x05
[21:48:25.094][D][bshdbus:090]: Missed ACK for dest 0x0f of preceding frame
[21:48:25.126][D][bshdbus:061]: Discarding 1 bytes of unparsed data after timeout of 24 ms: 0x0a
[21:48:25.134][D][main:661]: Received frame dest 0x1f cmd 0xe001: 0x0502
[21:48:27.089][D][main:661]: Received frame dest 0x0f cmd 0xe000: 0x05
[21:48:27.103][D][bshdbus:090]: Missed ACK for dest 0x0f of preceding frame
[21:48:27.139][D][bshdbus:061]: Discarding 10 bytes of unparsed data after timeout of 32 ms: 0x0a041fe00105020b6f1a
[21:48:29.092][D][main:661]: Received frame dest 0x0f cmd 0xe000: 0x05
[21:48:29.111][D][bshdbus:090]: Missed ACK for dest 0x0f of preceding frame
[21:48:29.120][D][bshdbus:061]: Discarding 1 bytes of unparsed data after timeout of 26 ms: 0x0a
[21:48:29.127][D][main:661]: Received frame dest 0x1f cmd 0xe001: 0x0502
[21:48:31.130][D][main:661]: Received frame dest 0x0f cmd 0xe000: 0x05
[21:48:31.138][D][bshdbus:090]: Missed ACK for dest 0x0f of preceding frame
[21:48:31.146][D][bshdbus:061]: Discarding 10 bytes of unparsed data after timeout of 32 ms: 0x0a041fe00105020b6f1a
[21:48:33.107][D][main:661]: Received frame dest 0x0f cmd 0xe000: 0x05
[21:48:33.115][D][bshdbus:090]: Missed ACK for dest 0x0f of preceding frame
[21:48:33.121][D][bshdbus:061]: Discarding 1 bytes of unparsed data after timeout of 23 ms: 0x0a
[21:48:33.127][D][main:661]: Received frame dest 0x1f cmd 0xe001: 0x0502
[21:48:35.114][D][main:661]: Received frame dest 0x0f cmd 0xe000: 0x05
[21:48:35.143][D][bshdbus:090]: Missed ACK for dest 0x0f of preceding frame
[21:48:35.227][D][bshdbus:061]: Discarding 10 bytes of unparsed data after timeout of 32 ms: 0x0a041fe00105020b6f1a
[21:48:37.118][D][main:661]: Received frame dest 0x0f cmd 0xe000: 0x05
[21:48:37.129][D][bshdbus:090]: Missed ACK for dest 0x0f of preceding frame
[21:48:37.136][D][bshdbus:061]: Discarding 1 bytes of unparsed data after timeout of 27 ms: 0x0a
[21:48:37.143][D][main:661]: Received frame dest 0x1f cmd 0xe001: 0x0502
[21:48:39.110][D][main:661]: Received frame dest 0x0f cmd 0xe000: 0x05
[21:48:39.194][D][bshdbus:090]: Missed ACK for dest 0x0f of preceding frame
[21:48:39.218][D][bshdbus:061]: Discarding 1 bytes of unparsed data after timeout of 28 ms: 0x0a
[21:48:39.225][D][main:661]: Received frame dest 0x1f cmd 0xe001: 0x0502
[21:48:41.114][D][main:661]: Received frame dest 0x0f cmd 0xe000: 0x05
[21:48:41.124][D][bshdbus:090]: Missed ACK for dest 0x0f of preceding frame
[21:48:41.160][D][bshdbus:061]: Discarding 10 bytes of unparsed data after timeout of 32 ms: 0x0a041fe00105020b6f1a
[21:48:43.128][D][main:661]: Received frame dest 0x0f cmd 0xe000: 0x05
[21:48:43.146][D][bshdbus:090]: Missed ACK for dest 0x0f of preceding frame
[21:48:43.152][D][bshdbus:061]: Discarding 1 bytes of unparsed data after timeout of 22 ms: 0x0a
[21:48:43.159][D][main:661]: Received frame dest 0x1f cmd 0xe001: 0x0502
[21:48:45.120][D][main:661]: Received frame dest 0x0f cmd 0xe000: 0x05
[21:48:45.127][D][bshdbus:090]: Missed ACK for dest 0x0f of preceding frame
[21:48:45.169][D][bshdbus:061]: Discarding 10 bytes of unparsed data after timeout of 32 ms: 0x0a041fe00105020b6f1a
[21:48:47.140][D][main:661]: Received frame dest 0x0f cmd 0xe000: 0x05
[21:48:47.148][D][bshdbus:090]: Missed ACK for dest 0x0f of preceding frame
[21:48:47.156][D][bshdbus:061]: Discarding 1 bytes of unparsed data after timeout of 23 ms: 0x0a
[21:48:47.161][D][main:661]: Received frame dest 0x1f cmd 0xe001: 0x0502
[21:48:49.127][D][main:661]: Received frame dest 0x0f cmd 0xe000: 0x05
[21:48:49.147][D][bshdbus:090]: Missed ACK for dest 0x0f of preceding frame
[21:48:49.153][D][bshdbus:061]: Discarding 1 bytes of unparsed data after timeout of 23 ms: 0x0a
[21:48:49.163][D][main:661]: Received frame dest 0x1f cmd 0xe001: 0x0502
[21:48:51.148][D][main:661]: Received frame dest 0x0f cmd 0xe000: 0x05
[21:48:51.156][D][bshdbus:090]: Missed ACK for dest 0x0f of preceding frame
[21:48:51.162][D][bshdbus:061]: Discarding 1 bytes of unparsed data after timeout of 28 ms: 0x0a
[21:48:51.178][D][main:661]: Received frame dest 0x1f cmd 0xe001: 0x0502
[21:48:53.134][D][main:661]: Received frame dest 0x0f cmd 0xe000: 0x05
[21:48:53.141][D][bshdbus:090]: Missed ACK for dest 0x0f of preceding frame
[21:48:53.182][D][bshdbus:061]: Discarding 10 bytes of unparsed data after timeout of 32 ms: 0x0a041fe00105020b6f1a
[21:48:55.138][D][main:661]: Received frame dest 0x0f cmd 0xe000: 0x05
[21:48:55.145][D][bshdbus:090]: Missed ACK for dest 0x0f of preceding frame
[21:48:55.192][D][bshdbus:061]: Discarding 10 bytes of unparsed data after timeout of 32 ms: 0x0a041fe00105020b6f1a
[21:48:57.142][D][main:661]: Received frame dest 0x0f cmd 0xe000: 0x05
[21:48:57.152][D][bshdbus:090]: Missed ACK for dest 0x0f of preceding frame
[21:48:57.172][D][bshdbus:061]: Discarding 1 bytes of unparsed data after timeout of 22 ms: 0x0a
[21:48:57.183][D][main:661]: Received frame dest 0x1f cmd 0xe001: 0x0502
[21:48:59.145][D][main:661]: Received frame dest 0x0f cmd 0xe000: 0x05
[21:48:59.156][D][bshdbus:090]: Missed ACK for dest 0x0f of preceding frame
[21:48:59.165][D][bshdbus:061]: Discarding 1 bytes of unparsed data after timeout of 21 ms: 0x0a
[21:48:59.175][D][main:661]: Received frame dest 0x1f cmd 0xe001: 0x0502
[21:49:01.149][D][main:661]: Received frame dest 0x0f cmd 0xe000: 0x05
[21:49:01.168][D][bshdbus:090]: Missed ACK for dest 0x0f of preceding frame
[21:49:01.199][D][bshdbus:061]: Discarding 10 bytes of unparsed data after timeout of 32 ms: 0x0a041fe00105020b6f1a
[21:49:03.154][D][main:661]: Received frame dest 0x0f cmd 0xe000: 0x05
[21:49:03.161][D][bshdbus:090]: Missed ACK for dest 0x0f of preceding frame
[21:49:03.215][D][bshdbus:061]: Discarding 10 bytes of unparsed data after timeout of 32 ms: 0x0a041fe00105020b6f1a
[21:49:05.165][D][main:661]: Received frame dest 0x0f cmd 0xe000: 0x05
[21:49:05.180][D][bshdbus:090]: Missed ACK for dest 0x0f of preceding frame
[21:49:05.190][D][bshdbus:061]: Discarding 1 bytes of unparsed data after timeout of 21 ms: 0x0a
[21:49:05.204][D][main:661]: Received frame dest 0x1f cmd 0xe001: 0x0502
[21:49:07.161][D][main:661]: Received frame dest 0x0f cmd 0xe000: 0x05
[21:49:07.168][D][bshdbus:090]: Missed ACK for dest 0x0f of preceding frame
[21:49:07.184][D][bshdbus:061]: Discarding 1 bytes of unparsed data after timeout of 22 ms: 0x0a
[21:49:07.203][D][main:661]: Received frame dest 0x1f cmd 0xe001: 0x0502
[21:49:09.163][D][main:661]: Received frame dest 0x0f cmd 0xe000: 0x05
[21:49:09.170][D][bshdbus:090]: Missed ACK for dest 0x0f of preceding frame
[21:49:09.187][D][bshdbus:061]: Discarding 1 bytes of unparsed data after timeout of 22 ms: 0x0a
[21:49:09.205][D][main:661]: Received frame dest 0x1f cmd 0xe001: 0x0502
[21:49:11.167][D][main:661]: Received frame dest 0x0f cmd 0xe000: 0x05
[21:49:11.174][D][bshdbus:090]: Missed ACK for dest 0x0f of preceding frame
[21:49:11.225][D][bshdbus:061]: Discarding 10 bytes of unparsed data after timeout of 32 ms: 0x0a041fe00105020b6f1a
[21:49:13.170][D][main:661]: Received frame dest 0x0f cmd 0xe000: 0x05
[21:49:13.177][D][bshdbus:090]: Missed ACK for dest 0x0f of preceding frame
[21:49:13.219][D][bshdbus:061]: Discarding 10 bytes of unparsed data after timeout of 32 ms: 0x0a041fe00105020b6f1a
[21:49:15.174][D][main:661]: Received frame dest 0x0f cmd 0xe000: 0x05
[21:49:15.183][D][bshdbus:090]: Missed ACK for dest 0x0f of preceding frame
[21:49:15.222][D][bshdbus:061]: Discarding 10 bytes of unparsed data after timeout of 32 ms: 0x0a041fe00105020b6f1a
[21:49:17.177][D][main:661]: Received frame dest 0x0f cmd 0xe000: 0x05
[21:49:17.188][D][bshdbus:090]: Missed ACK for dest 0x0f of preceding frame
[21:49:17.243][D][bshdbus:061]: Discarding 10 bytes of unparsed data after timeout of 32 ms: 0x0a041fe00105020b6f1a
[21:49:19.119][S][sensor]: 'Uptime s' >> 722 s
[21:49:19.188][D][main:661]: Received frame dest 0x0f cmd 0xe000: 0x05
[21:49:19.196][D][bshdbus:090]: Missed ACK for dest 0x0f of preceding frame
[21:49:19.206][D][bshdbus:061]: Discarding 1 bytes of unparsed data after timeout of 26 ms: 0x0a
[21:49:19.216][D][main:661]: Received frame dest 0x1f cmd 0xe001: 0x0502
[21:49:19.402][S][sensor]: 'ESP Internal Temperature' >> 54.3 °C
[21:49:19.741][S][sensor]: 'WiFi RSSI' >> -75 dBm
[21:49:20.796][S][text_sensor]: 'Uptime' >> '00d 00h 12m 2s'
[21:49:21.185][D][main:661]: Received frame dest 0x0f cmd 0xe000: 0x05
[21:49:21.191][D][bshdbus:090]: Missed ACK for dest 0x0f of preceding frame
[21:49:21.260][D][bshdbus:061]: Discarding 10 bytes of unparsed data after timeout of 32 ms: 0x0a041fe00105020b6f1a
[21:49:23.187][D][main:661]: Received frame dest 0x0f cmd 0xe000: 0x05
[21:49:23.195][D][bshdbus:090]: Missed ACK for dest 0x0f of preceding frame
[21:49:23.242][D][bshdbus:061]: Discarding 10 bytes of unparsed data after timeout of 32 ms: 0x0a041fe00105020b6f1a
[21:49:25.191][D][main:661]: Received frame dest 0x0f cmd 0xe000: 0x05
[21:49:25.200][D][bshdbus:090]: Missed ACK for dest 0x0f of preceding frame
[21:49:25.238][D][bshdbus:061]: Discarding 10 bytes of unparsed data after timeout of 32 ms: 0x0a041fe00105020b6f1a
[21:49:27.195][D][main:661]: Received frame dest 0x0f cmd 0xe000: 0x05
[21:49:27.204][D][bshdbus:090]: Missed ACK for dest 0x0f of preceding frame
[21:49:27.241][D][bshdbus:061]: Discarding 10 bytes of unparsed data after timeout of 32 ms: 0x0a041fe00105020b6f1a
[21:49:29.201][D][main:661]: Received frame dest 0x0f cmd 0xe000: 0x05
[21:49:29.212][D][bshdbus:090]: Missed ACK for dest 0x0f of preceding frame
[21:49:29.254][D][bshdbus:061]: Discarding 10 bytes of unparsed data after timeout of 32 ms: 0x0a041fe00105020b6f1a
[21:49:31.204][D][main:661]: Received frame dest 0x0f cmd 0xe000: 0x05
[21:49:31.212][D][bshdbus:090]: Missed ACK for dest 0x0f of preceding frame
[21:49:31.227][D][bshdbus:061]: Discarding 1 bytes of unparsed data after timeout of 25 ms: 0x0a
[21:49:31.232][D][main:661]: Received frame dest 0x1f cmd 0xe001: 0x0502
[21:49:33.229][D][main:661]: Received frame dest 0x0f cmd 0xe000: 0x05
[21:49:33.237][D][bshdbus:090]: Missed ACK for dest 0x0f of preceding frame
[21:49:33.255][D][bshdbus:061]: Discarding 10 bytes of unparsed data after timeout of 32 ms: 0x0a041fe00105020b6f1a
[21:49:35.209][D][main:661]: Received frame dest 0x0f cmd 0xe000: 0x05
[21:49:35.217][D][bshdbus:090]: Missed ACK for dest 0x0f of preceding frame
[21:49:35.234][D][bshdbus:061]: Discarding 1 bytes of unparsed data after timeout of 25 ms: 0x0a
[21:49:35.240][D][main:661]: Received frame dest 0x1f cmd 0xe001: 0x0502
[21:49:37.213][D][main:661]: Received frame dest 0x0f cmd 0xe000: 0x05
[21:49:37.232][D][bshdbus:090]: Missed ACK for dest 0x0f of preceding frame
[21:49:37.267][D][bshdbus:061]: Discarding 10 bytes of unparsed data after timeout of 33 ms: 0x0a041fe00105020b6f1a
[21:49:39.216][D][main:661]: Received frame dest 0x0f cmd 0xe000: 0x05
[21:49:39.229][D][bshdbus:090]: Missed ACK for dest 0x0f of preceding frame
[21:49:39.241][D][bshdbus:061]: Discarding 1 bytes of unparsed data after timeout of 21 ms: 0x0a
[21:49:39.262][D][main:661]: Received frame dest 0x1f cmd 0xe001: 0x0502
[21:49:41.224][D][main:661]: Received frame dest 0x0f cmd 0xe000: 0x05
[21:49:41.234][D][bshdbus:090]: Missed ACK for dest 0x0f of preceding frame
[21:49:41.245][D][bshdbus:061]: Discarding 1 bytes of unparsed data after timeout of 23 ms: 0x0a
[21:49:41.256][D][main:661]: Received frame dest 0x1f cmd 0xe001: 0x0502
[21:49:43.325][D][main:661]: Received frame dest 0x0f cmd 0xe000: 0x05
[21:49:43.334][D][bshdbus:090]: Missed ACK for dest 0x0f of preceding frame
[21:49:43.346][D][bshdbus:061]: Discarding 1 bytes of unparsed data after timeout of 28 ms: 0x0a
[21:49:43.358][D][main:661]: Received frame dest 0x1f cmd 0xe001: 0x0502
[21:49:45.229][D][main:661]: Received frame dest 0x0f cmd 0xe000: 0x05
[21:49:45.238][D][bshdbus:090]: Missed ACK for dest 0x0f of preceding frame
[21:49:45.277][D][bshdbus:061]: Discarding 10 bytes of unparsed data after timeout of 32 ms: 0x0a041fe00105020b6f1a
[21:49:47.231][D][main:661]: Received frame dest 0x0f cmd 0xe000: 0x05
[21:49:47.251][D][bshdbus:090]: Missed ACK for dest 0x0f of preceding frame
[21:49:47.261][D][bshdbus:061]: Discarding 1 bytes of unparsed data after timeout of 28 ms: 0x0a
[21:49:47.277][D][main:661]: Received frame dest 0x1f cmd 0xe001: 0x0502
[21:49:49.235][D][main:661]: Received frame dest 0x0f cmd 0xe000: 0x05
[21:49:49.257][D][bshdbus:090]: Missed ACK for dest 0x0f of preceding frame
[21:49:49.295][D][bshdbus:061]: Discarding 10 bytes of unparsed data after timeout of 33 ms: 0x0a041fe00105020b6f1a
[21:49:51.242][D][main:661]: Received frame dest 0x0f cmd 0xe000: 0x05
[21:49:51.278][D][bshdbus:090]: Missed ACK for dest 0x0f of preceding frame
[21:49:51.290][D][bshdbus:061]: Discarding 1 bytes of unparsed data after timeout of 22 ms: 0x0a
[21:49:51.297][D][main:661]: Received frame dest 0x1f cmd 0xe001: 0x0502
[21:49:53.242][D][main:661]: Received frame dest 0x0f cmd 0xe000: 0x05
[21:49:53.255][D][bshdbus:090]: Missed ACK for dest 0x0f of preceding frame
[21:49:53.295][D][bshdbus:061]: Discarding 10 bytes of unparsed data after timeout of 32 ms: 0x0a041fe00105020b6f1a
[21:49:55.251][D][main:661]: Received frame dest 0x0f cmd 0xe000: 0x05
[21:49:55.259][D][bshdbus:090]: Missed ACK for dest 0x0f of preceding frame
[21:49:55.296][D][bshdbus:061]: Discarding 10 bytes of unparsed data after timeout of 32 ms: 0x0a041fe00105020b6f1a
[21:49:57.250][D][main:661]: Received frame dest 0x0f cmd 0xe000: 0x05
[21:49:57.260][D][bshdbus:090]: Missed ACK for dest 0x0f of preceding frame
[21:49:57.274][D][bshdbus:061]: Discarding 1 bytes of unparsed data after timeout of 21 ms: 0x0a
[21:49:57.295][D][main:661]: Received frame dest 0x1f cmd 0xe001: 0x0502
[21:49:59.252][D][main:661]: Received frame dest 0x0f cmd 0xe000: 0x05
[21:49:59.259][D][bshdbus:090]: Missed ACK for dest 0x0f of preceding frame
[21:49:59.275][D][bshdbus:061]: Discarding 1 bytes of unparsed data after timeout of 24 ms: 0x0a
[21:49:59.290][D][main:661]: Received frame dest 0x1f cmd 0xe001: 0x0502
[21:50:01.256][D][main:661]: Received frame dest 0x0f cmd 0xe000: 0x05
[21:50:01.270][D][bshdbus:090]: Missed ACK for dest 0x0f of preceding frame
[21:50:01.280][D][bshdbus:061]: Discarding 1 bytes of unparsed data after timeout of 24 ms: 0x0a
[21:50:01.289][D][main:661]: Received frame dest 0x1f cmd 0xe001: 0x0502
[21:50:03.260][D][main:661]: Received frame dest 0x0f cmd 0xe000: 0x05
[21:50:03.273][D][bshdbus:090]: Missed ACK for dest 0x0f of preceding frame
[21:50:03.294][D][bshdbus:061]: Discarding 1 bytes of unparsed data after timeout of 28 ms: 0x0a
[21:50:03.301][D][main:661]: Received frame dest 0x1f cmd 0xe001: 0x0502
[21:50:05.270][D][main:661]: Received frame dest 0x0f cmd 0xe000: 0x05
[21:50:05.280][D][bshdbus:090]: Missed ACK for dest 0x0f of preceding frame
[21:50:05.293][D][bshdbus:061]: Discarding 1 bytes of unparsed data after timeout of 28 ms: 0x0a
[21:50:05.303][D][main:661]: Received frame dest 0x1f cmd 0xe001: 0x0502
[21:50:07.267][D][main:661]: Received frame dest 0x0f cmd 0xe000: 0x05
[21:50:07.274][D][bshdbus:090]: Missed ACK for dest 0x0f of preceding frame
[21:50:07.299][D][bshdbus:061]: Discarding 1 bytes of unparsed data after timeout of 29 ms: 0x0a
[21:50:07.366][D][main:661]: Received frame dest 0x1f cmd 0xe001: 0x0502
[21:50:09.282][D][main:661]: Received frame dest 0x0f cmd 0xe000: 0x05
[21:50:09.289][D][bshdbus:090]: Missed ACK for dest 0x0f of preceding frame
[21:50:09.320][D][bshdbus:061]: Discarding 10 bytes of unparsed data after timeout of 32 ms: 0x0a041fe00105020b6f1a
[21:50:11.277][D][main:661]: Received frame dest 0x0f cmd 0xe000: 0x05
[21:50:11.284][D][bshdbus:090]: Missed ACK for dest 0x0f of preceding frame
[21:50:11.331][D][bshdbus:061]: Discarding 10 bytes of unparsed data after timeout of 32 ms: 0x0a041fe00105020b6f1a
[21:50:13.316][D][main:661]: Received frame dest 0x0f cmd 0xe000: 0x05
[21:50:13.343][D][bshdbus:090]: Missed ACK for dest 0x0f of preceding frame
[21:50:13.351][D][bshdbus:061]: Discarding 1 bytes of unparsed data after timeout of 23 ms: 0x0a
[21:50:13.357][D][main:661]: Received frame dest 0x1f cmd 0xe001: 0x0502
[21:50:15.284][D][main:661]: Received frame dest 0x0f cmd 0xe000: 0x05
[21:50:15.310][D][bshdbus:090]: Missed ACK for dest 0x0f of preceding frame
[21:50:15.331][D][bshdbus:061]: Discarding 10 bytes of unparsed data after timeout of 32 ms: 0x0a041fe00105020b6f1a
[21:50:17.285][D][main:661]: Received frame dest 0x0f cmd 0xe000: 0x05
[21:50:17.302][D][bshdbus:090]: Missed ACK for dest 0x0f of preceding frame
[21:50:17.308][D][bshdbus:061]: Discarding 1 bytes of unparsed data after timeout of 21 ms: 0x0a
[21:50:17.314][D][main:661]: Received frame dest 0x1f cmd 0xe001: 0x0502
[21:50:19.149][S][sensor]: 'Uptime s' >> 782 s
[21:50:19.300][D][main:661]: Received frame dest 0x0f cmd 0xe000: 0x05
[21:50:19.322][D][bshdbus:090]: Missed ACK for dest 0x0f of preceding frame
[21:50:19.328][D][bshdbus:061]: Discarding 1 bytes of unparsed data after timeout of 24 ms: 0x0a
[21:50:19.334][D][main:661]: Received frame dest 0x1f cmd 0xe001: 0x0502
[21:50:19.404][S][sensor]: 'ESP Internal Temperature' >> 53.3 °C
[21:50:19.735][S][sensor]: 'WiFi RSSI' >> -76 dBm
[21:50:20.837][S][text_sensor]: 'Uptime' >> '00d 00h 13m 2s'
[21:50:21.292][D][main:661]: Received frame dest 0x0f cmd 0xe000: 0x05
[21:50:21.329][D][bshdbus:090]: Missed ACK for dest 0x0f of preceding frame
[21:50:21.338][D][bshdbus:061]: Discarding 1 bytes of unparsed data after timeout of 26 ms: 0x0a
[21:50:21.345][D][main:661]: Received frame dest 0x1f cmd 0xe001: 0x0502
[21:50:23.295][D][main:661]: Received frame dest 0x0f cmd 0xe000: 0x05
[21:50:23.309][D][bshdbus:090]: Missed ACK for dest 0x0f of preceding frame
[21:50:23.349][D][bshdbus:061]: Discarding 10 bytes of unparsed data after timeout of 33 ms: 0x0a041fe00105020b6f1a
[21:50:25.299][D][main:661]: Received frame dest 0x0f cmd 0xe000: 0x05
[21:50:25.312][D][bshdbus:090]: Missed ACK for dest 0x0f of preceding frame
[21:50:25.347][D][bshdbus:061]: Discarding 10 bytes of unparsed data after timeout of 32 ms: 0x0a041fe00105020b6f1a
[21:50:27.302][D][main:661]: Received frame dest 0x0f cmd 0xe000: 0x05
[21:50:27.310][D][bshdbus:090]: Missed ACK for dest 0x0f of preceding frame
[21:50:27.351][D][bshdbus:061]: Discarding 10 bytes of unparsed data after timeout of 32 ms: 0x0a041fe00105020b6f1a
[21:50:29.306][D][main:661]: Received frame dest 0x0f cmd 0xe000: 0x05
[21:50:29.319][D][bshdbus:090]: Missed ACK for dest 0x0f of preceding frame
[21:50:29.337][D][bshdbus:061]: Discarding 1 bytes of unparsed data after timeout of 25 ms: 0x0a
[21:50:29.352][D][main:661]: Received frame dest 0x1f cmd 0xe001: 0x0502
[21:50:31.311][D][main:661]: Received frame dest 0x0f cmd 0xe000: 0x05
[21:50:31.321][D][bshdbus:090]: Missed ACK for dest 0x0f of preceding frame
[21:50:31.355][D][bshdbus:061]: Discarding 10 bytes of unparsed data after timeout of 32 ms: 0x0a041fe00105020b6f1a
[21:50:33.313][D][main:661]: Received frame dest 0x0f cmd 0xe000: 0x05
[21:50:33.331][D][bshdbus:090]: Missed ACK for dest 0x0f of preceding frame
[21:50:33.366][D][bshdbus:061]: Discarding 10 bytes of unparsed data after timeout of 32 ms: 0x0a041fe00105020b6f1a
[21:50:35.317][D][main:661]: Received frame dest 0x0f cmd 0xe000: 0x05
[21:50:35.324][D][bshdbus:090]: Missed ACK for dest 0x0f of preceding frame
[21:50:35.379][D][bshdbus:061]: Discarding 10 bytes of unparsed data after timeout of 32 ms: 0x0a041fe00105020b6f1a
[21:50:37.330][D][main:661]: Received frame dest 0x0f cmd 0xe000: 0x05
[21:50:37.343][D][bshdbus:090]: Missed ACK for dest 0x0f of preceding frame
[21:50:37.373][D][bshdbus:061]: Discarding 10 bytes of unparsed data after timeout of 32 ms: 0x0a041fe00105020b6f1a
[21:50:39.324][D][main:661]: Received frame dest 0x0f cmd 0xe000: 0x05
[21:50:39.336][D][bshdbus:090]: Missed ACK for dest 0x0f of preceding frame
[21:50:39.456][D][bshdbus:061]: Discarding 10 bytes of unparsed data after timeout of 32 ms: 0x0a041fe00105020b6f1a
[21:50:41.330][D][main:661]: Received frame dest 0x0f cmd 0xe000: 0x05
[21:50:41.337][D][bshdbus:090]: Missed ACK for dest 0x0f of preceding frame
[21:50:41.381][D][bshdbus:061]: Discarding 10 bytes of unparsed data after timeout of 32 ms: 0x0a041fe00105020b6f1a
[21:50:43.331][D][main:661]: Received frame dest 0x0f cmd 0xe000: 0x05
[21:50:43.340][D][bshdbus:090]: Missed ACK for dest 0x0f of preceding frame
[21:50:43.363][D][bshdbus:061]: Discarding 1 bytes of unparsed data after timeout of 22 ms: 0x0a
[21:50:43.380][D][main:661]: Received frame dest 0x1f cmd 0xe001: 0x0502
[21:50:45.334][D][main:661]: Received frame dest 0x0f cmd 0xe000: 0x05
[21:50:45.345][D][bshdbus:090]: Missed ACK for dest 0x0f of preceding frame
[21:50:45.356][D][bshdbus:061]: Discarding 1 bytes of unparsed data after timeout of 23 ms: 0x0a
[21:50:45.362][D][main:661]: Received frame dest 0x1f cmd 0xe001: 0x0502
[21:50:47.338][D][main:661]: Received frame dest 0x0f cmd 0xe000: 0x05
[21:50:47.352][D][bshdbus:090]: Missed ACK for dest 0x0f of preceding frame
[21:50:47.369][D][bshdbus:061]: Discarding 1 bytes of unparsed data after timeout of 28 ms: 0x0a
[21:50:47.383][D][main:661]: Received frame dest 0x1f cmd 0xe001: 0x0502
[21:50:49.341][D][main:661]: Received frame dest 0x0f cmd 0xe000: 0x05
[21:50:49.352][D][bshdbus:090]: Missed ACK for dest 0x0f of preceding frame
[21:50:49.407][D][bshdbus:061]: Discarding 10 bytes of unparsed data after timeout of 32 ms: 0x0a041fe00105020b6f1a
[21:50:51.351][D][main:661]: Received frame dest 0x0f cmd 0xe000: 0x05
[21:50:51.360][D][bshdbus:090]: Missed ACK for dest 0x0f of preceding frame
[21:50:51.398][D][bshdbus:061]: Discarding 10 bytes of unparsed data after timeout of 32 ms: 0x0a041fe00105020b6f1a
[21:50:53.349][D][main:661]: Received frame dest 0x0f cmd 0xe000: 0x05
[21:50:53.366][D][bshdbus:090]: Missed ACK for dest 0x0f of preceding frame
[21:50:53.375][D][bshdbus:061]: Discarding 1 bytes of unparsed data after timeout of 27 ms: 0x0a
[21:50:53.382][D][main:661]: Received frame dest 0x1f cmd 0xe001: 0x0502
[21:50:55.353][D][main:661]: Received frame dest 0x0f cmd 0xe000: 0x05
[21:50:55.360][D][bshdbus:090]: Missed ACK for dest 0x0f of preceding frame
[21:50:55.402][D][bshdbus:061]: Discarding 10 bytes of unparsed data after timeout of 32 ms: 0x0a041fe00105020b6f1a
[21:50:57.358][D][main:661]: Received frame dest 0x0f cmd 0xe000: 0x05
[21:50:57.367][D][bshdbus:090]: Missed ACK for dest 0x0f of preceding frame
[21:50:57.411][D][bshdbus:061]: Discarding 10 bytes of unparsed data after timeout of 32 ms: 0x0a041fe00105020b6f1a
[21:50:59.360][D][main:661]: Received frame dest 0x0f cmd 0xe000: 0x05
[21:50:59.368][D][bshdbus:090]: Missed ACK for dest 0x0f of preceding frame
[21:50:59.386][D][bshdbus:061]: Discarding 1 bytes of unparsed data after timeout of 28 ms: 0x0a
[21:50:59.392][D][main:661]: Received frame dest 0x1f cmd 0xe001: 0x0502
[21:51:01.363][D][main:661]: Received frame dest 0x0f cmd 0xe000: 0x05
[21:51:01.370][D][bshdbus:090]: Missed ACK for dest 0x0f of preceding frame
[21:51:01.416][D][bshdbus:061]: Discarding 10 bytes of unparsed data after timeout of 32 ms: 0x0a041fe00105020b6f1a
[21:51:03.367][D][main:661]: Received frame dest 0x0f cmd 0xe000: 0x05
[21:51:03.375][D][bshdbus:090]: Missed ACK for dest 0x0f of preceding frame
[21:51:03.390][D][bshdbus:061]: Discarding 1 bytes of unparsed data after timeout of 22 ms: 0x0a
[21:51:03.397][D][main:661]: Received frame dest 0x1f cmd 0xe001: 0x0502
[21:51:05.398][D][main:661]: Received frame dest 0x0f cmd 0xe000: 0x05
[21:51:05.405][D][bshdbus:090]: Missed ACK for dest 0x0f of preceding frame
[21:51:05.412][D][bshdbus:061]: Discarding 1 bytes of unparsed data after timeout of 27 ms: 0x0a
[21:51:05.416][D][main:661]: Received frame dest 0x1f cmd 0xe001: 0x0502
[21:51:07.375][D][main:661]: Received frame dest 0x0f cmd 0xe000: 0x05
[21:51:07.382][D][bshdbus:090]: Missed ACK for dest 0x0f of preceding frame
[21:51:07.428][D][bshdbus:061]: Discarding 10 bytes of unparsed data after timeout of 32 ms: 0x0a041fe00105020b6f1a
[21:51:09.378][D][main:661]: Received frame dest 0x0f cmd 0xe000: 0x05
[21:51:09.385][D][bshdbus:090]: Missed ACK for dest 0x0f of preceding frame
[21:51:09.433][D][bshdbus:061]: Discarding 10 bytes of unparsed data after timeout of 32 ms: 0x0a041fe00105020b6f1a
[21:51:11.381][D][main:661]: Received frame dest 0x0f cmd 0xe000: 0x05
[21:51:11.388][D][bshdbus:090]: Missed ACK for dest 0x0f of preceding frame
[21:51:11.436][D][bshdbus:061]: Discarding 10 bytes of unparsed data after timeout of 32 ms: 0x0a041fe00105020b6f1a
[21:51:13.386][D][main:661]: Received frame dest 0x0f cmd 0xe000: 0x05
[21:51:13.397][D][bshdbus:090]: Missed ACK for dest 0x0f of preceding frame
[21:51:13.407][D][bshdbus:061]: Discarding 1 bytes of unparsed data after timeout of 24 ms: 0x0a
[21:51:13.413][D][main:661]: Received frame dest 0x1f cmd 0xe001: 0x0502
[21:51:15.392][D][main:661]: Received frame dest 0x0f cmd 0xe000: 0x05
[21:51:15.407][D][bshdbus:090]: Missed ACK for dest 0x0f of preceding frame
[21:51:15.439][D][bshdbus:061]: Discarding 10 bytes of unparsed data after timeout of 33 ms: 0x0a041fe00105020b6f1a
[21:51:17.391][D][main:661]: Received frame dest 0x0f cmd 0xe000: 0x05
[21:51:17.399][D][bshdbus:090]: Missed ACK for dest 0x0f of preceding frame
[21:51:17.412][D][bshdbus:061]: Discarding 1 bytes of unparsed data after timeout of 21 ms: 0x0a
[21:51:17.418][D][main:661]: Received frame dest 0x1f cmd 0xe001: 0x0502
[21:51:19.149][S][sensor]: 'Uptime s' >> 842 s
[21:51:19.411][S][sensor]: 'ESP Internal Temperature' >> 53.3 °C
[21:51:19.418][D][main:661]: Received frame dest 0x0f cmd 0xe000: 0x05
[21:51:19.424][D][bshdbus:090]: Missed ACK for dest 0x0f of preceding frame
[21:51:19.441][D][bshdbus:061]: Discarding 10 bytes of unparsed data after timeout of 32 ms: 0x0a041fe00105020b6f1a
[21:51:19.731][S][sensor]: 'WiFi RSSI' >> -77 dBm
[21:51:20.775][S][text_sensor]: 'Uptime' >> '00d 00h 14m 2s'
[21:51:21.399][D][main:661]: Received frame dest 0x0f cmd 0xe000: 0x05
[21:51:21.410][D][bshdbus:090]: Missed ACK for dest 0x0f of preceding frame
[21:51:21.425][D][bshdbus:061]: Discarding 1 bytes of unparsed data after timeout of 27 ms: 0x0a
[21:51:21.431][D][main:661]: Received frame dest 0x1f cmd 0xe001: 0x0502
[21:51:23.411][D][main:661]: Received frame dest 0x0f cmd 0xe000: 0x05
[21:51:23.422][D][bshdbus:090]: Missed ACK for dest 0x0f of preceding frame
[21:51:23.432][D][bshdbus:061]: Discarding 1 bytes of unparsed data after timeout of 24 ms: 0x0a
[21:51:23.444][D][main:661]: Received frame dest 0x1f cmd 0xe001: 0x0502
[21:51:25.463][D][main:661]: Received frame dest 0x0f cmd 0xe000: 0x05
[21:51:25.474][D][bshdbus:090]: Missed ACK for dest 0x0f of preceding frame
[21:51:25.480][D][bshdbus:061]: Discarding 10 bytes of unparsed data after timeout of 32 ms: 0x0a041fe00105020b6f1a
[21:51:27.410][D][main:661]: Received frame dest 0x0f cmd 0xe000: 0x05
[21:51:27.420][D][bshdbus:090]: Missed ACK for dest 0x0f of preceding frame
[21:51:27.463][D][bshdbus:061]: Discarding 10 bytes of unparsed data after timeout of 32 ms: 0x0a041fe00105020b6f1a
[21:51:29.417][D][main:661]: Received frame dest 0x0f cmd 0xe000: 0x05
[21:51:29.428][D][bshdbus:090]: Missed ACK for dest 0x0f of preceding frame
[21:51:29.452][D][bshdbus:061]: Discarding 1 bytes of unparsed data after timeout of 21 ms: 0x0a
[21:51:29.465][D][main:661]: Received frame dest 0x1f cmd 0xe001: 0x0502
[21:51:31.417][D][main:661]: Received frame dest 0x0f cmd 0xe000: 0x05
[21:51:31.427][D][bshdbus:090]: Missed ACK for dest 0x0f of preceding frame
[21:51:31.464][D][bshdbus:061]: Discarding 10 bytes of unparsed data after timeout of 32 ms: 0x0a041fe00105020b6f1a
[21:51:33.444][D][main:661]: Received frame dest 0x0f cmd 0xe000: 0x05
[21:51:33.456][D][bshdbus:090]: Missed ACK for dest 0x0f of preceding frame
[21:51:33.469][D][bshdbus:061]: Discarding 1 bytes of unparsed data after timeout of 23 ms: 0x0a
[21:51:33.475][D][main:661]: Received frame dest 0x1f cmd 0xe001: 0x0502
[21:51:35.424][D][main:661]: Received frame dest 0x0f cmd 0xe000: 0x05
[21:51:35.431][D][bshdbus:090]: Missed ACK for dest 0x0f of preceding frame
[21:51:35.450][D][bshdbus:061]: Discarding 1 bytes of unparsed data after timeout of 25 ms: 0x0a
[21:51:35.470][D][main:661]: Received frame dest 0x1f cmd 0xe001: 0x0502
[21:51:37.432][D][main:661]: Received frame dest 0x0f cmd 0xe000: 0x05
[21:51:37.440][D][bshdbus:090]: Missed ACK for dest 0x0f of preceding frame
[21:51:37.448][D][bshdbus:061]: Discarding 1 bytes of unparsed data after timeout of 22 ms: 0x0a
[21:51:37.455][D][main:661]: Received frame dest 0x1f cmd 0xe001: 0x0502
[21:51:39.431][D][main:661]: Received frame dest 0x0f cmd 0xe000: 0x05
[21:51:39.441][D][bshdbus:090]: Missed ACK for dest 0x0f of preceding frame
[21:51:39.481][D][bshdbus:061]: Discarding 10 bytes of unparsed data after timeout of 32 ms: 0x0a041fe00105020b6f1a
[21:51:41.442][D][main:661]: Received frame dest 0x0f cmd 0xe000: 0x05
[21:51:41.449][D][bshdbus:090]: Missed ACK for dest 0x0f of preceding frame
[21:51:41.457][D][bshdbus:061]: Discarding 1 bytes of unparsed data after timeout of 23 ms: 0x0a
[21:51:41.463][D][main:661]: Received frame dest 0x1f cmd 0xe001: 0x0502
[21:51:43.438][D][main:661]: Received frame dest 0x0f cmd 0xe000: 0x05
[21:51:43.446][D][bshdbus:090]: Missed ACK for dest 0x0f of preceding frame
[21:51:43.489][D][bshdbus:061]: Discarding 1 bytes of unparsed data after timeout of 27 ms: 0x0a
[21:51:43.498][D][main:661]: Received frame dest 0x1f cmd 0xe001: 0x0502
[21:51:45.442][D][main:661]: Received frame dest 0x0f cmd 0xe000: 0x05
[21:51:45.455][D][bshdbus:090]: Missed ACK for dest 0x0f of preceding frame
[21:51:45.491][D][bshdbus:061]: Discarding 10 bytes of unparsed data after timeout of 32 ms: 0x0a041fe00105020b6f1a
[21:51:47.446][D][main:661]: Received frame dest 0x0f cmd 0xe000: 0x05
[21:51:47.456][D][bshdbus:090]: Missed ACK for dest 0x0f of preceding frame
[21:51:47.498][D][bshdbus:061]: Discarding 10 bytes of unparsed data after timeout of 32 ms: 0x0a041fe00105020b6f1a
[21:51:49.449][D][main:661]: Received frame dest 0x0f cmd 0xe000: 0x05
[21:51:49.511][D][bshdbus:090]: Missed ACK for dest 0x0f of preceding frame
[21:51:49.624][D][bshdbus:061]: Discarding 1 bytes of unparsed data after timeout of 26 ms: 0x0a
[21:51:49.631][D][main:661]: Received frame dest 0x1f cmd 0xe001: 0x0502
[21:51:51.461][D][main:661]: Received frame dest 0x0f cmd 0xe000: 0x05
[21:51:51.469][D][bshdbus:090]: Missed ACK for dest 0x0f of preceding frame
[21:51:51.504][D][bshdbus:061]: Discarding 10 bytes of unparsed data after timeout of 32 ms: 0x0a041fe00105020b6f1a
[21:51:53.456][D][main:661]: Received frame dest 0x0f cmd 0xe000: 0x05
[21:51:53.470][D][bshdbus:090]: Missed ACK for dest 0x0f of preceding frame
[21:51:53.510][D][bshdbus:061]: Discarding 10 bytes of unparsed data after timeout of 32 ms: 0x0a041fe00105020b6f1a
[21:51:55.462][D][main:661]: Received frame dest 0x0f cmd 0xe000: 0x05
[21:51:55.469][D][bshdbus:090]: Missed ACK for dest 0x0f of preceding frame
[21:51:55.511][D][bshdbus:061]: Discarding 10 bytes of unparsed data after timeout of 32 ms: 0x0a041fe00105020b6f1a
[21:51:57.463][D][main:661]: Received frame dest 0x0f cmd 0xe000: 0x05
[21:51:57.471][D][bshdbus:090]: Missed ACK for dest 0x0f of preceding frame
[21:51:57.507][D][bshdbus:061]: Discarding 1 bytes of unparsed data after timeout of 27 ms: 0x0a
[21:51:57.514][D][main:661]: Received frame dest 0x1f cmd 0xe001: 0x0502
[21:51:59.472][D][main:661]: Received frame dest 0x0f cmd 0xe000: 0x05
[21:51:59.491][D][bshdbus:090]: Missed ACK for dest 0x0f of preceding frame
[21:51:59.498][D][bshdbus:061]: Discarding 1 bytes of unparsed data after timeout of 23 ms: 0x0a
[21:51:59.503][D][main:661]: Received frame dest 0x1f cmd 0xe001: 0x0502
[21:52:01.471][D][main:661]: Received frame dest 0x0f cmd 0xe000: 0x05
[21:52:01.478][D][bshdbus:090]: Missed ACK for dest 0x0f of preceding frame
[21:52:01.564][D][bshdbus:061]: Discarding 10 bytes of unparsed data after timeout of 32 ms: 0x0a041fe00105020b6f1a
[21:52:03.474][D][main:661]: Received frame dest 0x0f cmd 0xe000: 0x05
[21:52:03.482][D][bshdbus:090]: Missed ACK for dest 0x0f of preceding frame
[21:52:03.522][D][bshdbus:061]: Discarding 10 bytes of unparsed data after timeout of 32 ms: 0x0a041fe00105020b6f1a
[21:52:05.478][D][main:661]: Received frame dest 0x0f cmd 0xe000: 0x05
[21:52:05.494][D][bshdbus:090]: Missed ACK for dest 0x0f of preceding frame
[21:52:05.527][D][bshdbus:061]: Discarding 10 bytes of unparsed data after timeout of 32 ms: 0x0a041fe00105020b6f1a
[21:52:07.481][D][main:661]: Received frame dest 0x0f cmd 0xe000: 0x05
[21:52:07.496][D][bshdbus:090]: Missed ACK for dest 0x0f of preceding frame
[21:52:07.506][D][bshdbus:061]: Discarding 1 bytes of unparsed data after timeout of 26 ms: 0x0a
[21:52:07.514][D][main:661]: Received frame dest 0x1f cmd 0xe001: 0x0502
[21:52:09.488][D][main:661]: Received frame dest 0x0f cmd 0xe000: 0x05
[21:52:09.498][D][bshdbus:090]: Missed ACK for dest 0x0f of preceding frame
[21:52:09.512][D][bshdbus:061]: Discarding 1 bytes of unparsed data after timeout of 28 ms: 0x0a
[21:52:09.522][D][main:661]: Received frame dest 0x1f cmd 0xe001: 0x0502
[21:52:11.490][D][main:661]: Received frame dest 0x0f cmd 0xe000: 0x05
[21:52:11.550][D][bshdbus:090]: Missed ACK for dest 0x0f of preceding frame
[21:52:11.600][D][bshdbus:061]: Discarding 10 bytes of unparsed data after timeout of 32 ms: 0x0a041fe00105020b6f1a
[21:52:13.492][D][main:661]: Received frame dest 0x0f cmd 0xe000: 0x05
[21:52:13.503][D][bshdbus:090]: Missed ACK for dest 0x0f of preceding frame
[21:52:13.513][D][bshdbus:061]: Discarding 1 bytes of unparsed data after timeout of 22 ms: 0x0a
[21:52:13.519][D][main:661]: Received frame dest 0x1f cmd 0xe001: 0x0502
[21:52:15.496][D][main:661]: Received frame dest 0x0f cmd 0xe000: 0x05
[21:52:15.503][D][bshdbus:090]: Missed ACK for dest 0x0f of preceding frame
[21:52:15.535][D][bshdbus:061]: Discarding 1 bytes of unparsed data after timeout of 21 ms: 0x0a
[21:52:15.541][D][main:661]: Received frame dest 0x1f cmd 0xe001: 0x0502
[21:52:17.499][D][main:661]: Received frame dest 0x0f cmd 0xe000: 0x05
[21:52:17.512][D][bshdbus:090]: Missed ACK for dest 0x0f of preceding frame
[21:52:17.522][D][bshdbus:061]: Discarding 1 bytes of unparsed data after timeout of 24 ms: 0x0a
[21:52:17.528][D][main:661]: Received frame dest 0x1f cmd 0xe001: 0x0502
[21:52:19.133][S][sensor]: 'Uptime s' >> 902 s
[21:52:19.401][S][sensor]: 'ESP Internal Temperature' >> 53.3 °C
[21:52:19.502][D][main:661]: Received frame dest 0x0f cmd 0xe000: 0x05
[21:52:19.525][D][bshdbus:090]: Missed ACK for dest 0x0f of preceding frame
[21:52:19.535][D][bshdbus:061]: Discarding 1 bytes of unparsed data after timeout of 29 ms: 0x0a
[21:52:19.541][D][main:661]: Received frame dest 0x1f cmd 0xe001: 0x0502
[21:52:19.745][S][sensor]: 'WiFi RSSI' >> -77 dBm
[21:52:20.771][S][text_sensor]: 'Uptime' >> '00d 00h 15m 2s'
[21:52:21.506][D][main:661]: Received frame dest 0x0f cmd 0xe000: 0x05
[21:52:21.513][D][bshdbus:090]: Missed ACK for dest 0x0f of preceding frame
[21:52:21.522][D][wifi:2485]: Roam scan (-77 dBm, attempt 3/3)
[21:52:21.826][D][bshdbus:061]: Discarding 10 bytes of unparsed data after timeout of 32 ms: 0x0a041fe00105020b6f1a
[21:52:22.441][D][sntp:099]: Synchronized time: 2026-09-16 21:52:46
[21:52:23.779][D][main:661]: Received frame dest 0x0f cmd 0xe000: 0x05
[21:52:23.788][D][bshdbus:090]: Missed ACK for dest 0x0f of preceding frame
[21:52:23.794][D][bshdbus:061]: Discarding 1 bytes of unparsed data after timeout of 27 ms: 0x0a
[21:52:23.800][D][main:661]: Received frame dest 0x1f cmd 0xe001: 0x0502
[21:52:25.514][D][main:661]: Received frame dest 0x0f cmd 0xe000: 0x05
[21:52:25.521][D][bshdbus:090]: Missed ACK for dest 0x0f of preceding frame
[21:52:25.536][D][bshdbus:061]: Discarding 1 bytes of unparsed data after timeout of 23 ms: 0x0a
[21:52:25.543][D][main:661]: Received frame dest 0x1f cmd 0xe001: 0x0502
[21:52:27.520][D][main:661]: Received frame dest 0x0f cmd 0xe000: 0x05
[21:52:27.532][D][bshdbus:090]: Missed ACK for dest 0x0f of preceding frame
[21:52:27.566][D][bshdbus:061]: Discarding 10 bytes of unparsed data after timeout of 32 ms: 0x0a041fe00105020b6f1a
[21:52:29.521][D][main:661]: Received frame dest 0x0f cmd 0xe000: 0x05
[21:52:29.530][D][bshdbus:090]: Missed ACK for dest 0x0f of preceding frame
[21:52:29.575][D][bshdbus:061]: Discarding 10 bytes of unparsed data after timeout of 32 ms: 0x0a041fe00105020b6f1a
[21:52:31.524][D][main:661]: Received frame dest 0x0f cmd 0xe000: 0x05
[21:52:31.535][D][bshdbus:090]: Missed ACK for dest 0x0f of preceding frame
[21:52:31.551][D][bshdbus:061]: Discarding 1 bytes of unparsed data after timeout of 21 ms: 0x0a
[21:52:31.563][D][main:661]: Received frame dest 0x1f cmd 0xe001: 0x0502
[21:52:33.529][D][main:661]: Received frame dest 0x0f cmd 0xe000: 0x05
[21:52:33.545][D][bshdbus:090]: Missed ACK for dest 0x0f of preceding frame
[21:52:33.581][D][bshdbus:061]: Discarding 10 bytes of unparsed data after timeout of 32 ms: 0x0a041fe00105020b6f1a
[21:52:35.532][D][main:661]: Received frame dest 0x0f cmd 0xe000: 0x05
[21:52:35.544][D][bshdbus:090]: Missed ACK for dest 0x0f of preceding frame
[21:52:35.598][D][bshdbus:061]: Discarding 10 bytes of unparsed data after timeout of 32 ms: 0x0a041fe00105020b6f1a
[21:52:37.543][D][main:661]: Received frame dest 0x0f cmd 0xe000: 0x05
[21:52:37.553][D][bshdbus:090]: Missed ACK for dest 0x0f of preceding frame
[21:52:37.587][D][bshdbus:061]: Discarding 10 bytes of unparsed data after timeout of 32 ms: 0x0a041fe00105020b6f1a
[21:52:39.541][D][main:661]: Received frame dest 0x0f cmd 0xe000: 0x05
[21:52:39.607][D][bshdbus:090]: Missed ACK for dest 0x0f of preceding frame
[21:52:39.646][D][bshdbus:061]: Discarding 10 bytes of unparsed data after timeout of 32 ms: 0x0a041fe00105020b6f1a
[21:52:41.544][D][main:661]: Received frame dest 0x0f cmd 0xe000: 0x05
[21:52:41.551][D][bshdbus:090]: Missed ACK for dest 0x0f of preceding frame
[21:52:41.593][D][bshdbus:061]: Discarding 10 bytes of unparsed data after timeout of 32 ms: 0x0a041fe00105020b6f1a
[21:52:43.546][D][main:661]: Received frame dest 0x0f cmd 0xe000: 0x05
[21:52:43.552][D][bshdbus:090]: Missed ACK for dest 0x0f of preceding frame
[21:52:43.595][D][bshdbus:061]: Discarding 10 bytes of unparsed data after timeout of 32 ms: 0x0a041fe00105020b6f1a
[21:52:45.549][D][main:661]: Received frame dest 0x0f cmd 0xe000: 0x05
[21:52:45.575][D][bshdbus:090]: Missed ACK for dest 0x0f of preceding frame
[21:52:45.598][D][bshdbus:061]: Discarding 10 bytes of unparsed data after timeout of 33 ms: 0x0a041fe00105020b6f1a
[21:52:47.554][D][main:661]: Received frame dest 0x0f cmd 0xe000: 0x05
[21:52:47.563][D][bshdbus:090]: Missed ACK for dest 0x0f of preceding frame
[21:52:47.601][D][bshdbus:061]: Discarding 10 bytes of unparsed data after timeout of 32 ms: 0x0a041fe00105020b6f1a
[21:52:49.559][D][main:661]: Received frame dest 0x0f cmd 0xe000: 0x05
[21:52:49.566][D][bshdbus:090]: Missed ACK for dest 0x0f of preceding frame
[21:52:49.580][D][bshdbus:061]: Discarding 1 bytes of unparsed data after timeout of 23 ms: 0x0a
[21:52:49.598][D][main:661]: Received frame dest 0x1f cmd 0xe001: 0x0502
[21:52:51.589][D][main:661]: Received frame dest 0x0f cmd 0xe000: 0x05
[21:52:51.598][D][bshdbus:090]: Missed ACK for dest 0x0f of preceding frame
[21:52:51.614][D][bshdbus:061]: Discarding 10 bytes of unparsed data after timeout of 32 ms: 0x0a041fe00105020b6f1a
[21:52:53.563][D][main:661]: Received frame dest 0x0f cmd 0xe000: 0x05
[21:52:53.570][D][bshdbus:090]: Missed ACK for dest 0x0f of preceding frame
[21:52:53.622][D][bshdbus:061]: Discarding 10 bytes of unparsed data after timeout of 32 ms: 0x0a041fe00105020b6f1a
[21:52:55.570][D][main:661]: Received frame dest 0x0f cmd 0xe000: 0x05
[21:52:55.578][D][bshdbus:090]: Missed ACK for dest 0x0f of preceding frame
[21:52:55.620][D][bshdbus:061]: Discarding 10 bytes of unparsed data after timeout of 32 ms: 0x0a041fe00105020b6f1a
[21:52:57.571][D][main:661]: Received frame dest 0x0f cmd 0xe000: 0x05
[21:52:57.578][D][bshdbus:090]: Missed ACK for dest 0x0f of preceding frame
[21:52:57.590][D][bshdbus:061]: Discarding 1 bytes of unparsed data after timeout of 21 ms: 0x0a
[21:52:57.597][D][main:661]: Received frame dest 0x1f cmd 0xe001: 0x0502
[21:52:59.574][D][main:661]: Received frame dest 0x0f cmd 0xe000: 0x05
[21:52:59.582][D][bshdbus:090]: Missed ACK for dest 0x0f of preceding frame
[21:52:59.623][D][bshdbus:061]: Discarding 10 bytes of unparsed data after timeout of 32 ms: 0x0a041fe00105020b6f1a
[21:53:01.578][D][main:661]: Received frame dest 0x0f cmd 0xe000: 0x05
[21:53:01.590][D][bshdbus:090]: Missed ACK for dest 0x0f of preceding frame
[21:53:01.630][D][bshdbus:061]: Discarding 10 bytes of unparsed data after timeout of 32 ms: 0x0a041fe00105020b6f1a
[21:53:03.586][D][main:661]: Received frame dest 0x0f cmd 0xe000: 0x05
[21:53:03.600][D][bshdbus:090]: Missed ACK for dest 0x0f of preceding frame
[21:53:03.607][D][bshdbus:061]: Discarding 1 bytes of unparsed data after timeout of 22 ms: 0x0a
[21:53:03.620][D][main:661]: Received frame dest 0x1f cmd 0xe001: 0x0502
[21:53:05.586][D][main:661]: Received frame dest 0x0f cmd 0xe000: 0x05
[21:53:05.609][D][bshdbus:090]: Missed ACK for dest 0x0f of preceding frame
[21:53:05.639][D][bshdbus:061]: Discarding 10 bytes of unparsed data after timeout of 32 ms: 0x0a041fe00105020b6f1a
[21:53:07.589][D][main:661]: Received frame dest 0x0f cmd 0xe000: 0x05
[21:53:07.597][D][bshdbus:090]: Missed ACK for dest 0x0f of preceding frame
[21:53:07.609][D][bshdbus:061]: Discarding 1 bytes of unparsed data after timeout of 21 ms: 0x0a
[21:53:07.619][D][main:661]: Received frame dest 0x1f cmd 0xe001: 0x0502
[21:53:09.604][D][main:661]: Received frame dest 0x0f cmd 0xe000: 0x05
[21:53:09.615][D][bshdbus:090]: Missed ACK for dest 0x0f of preceding frame
[21:53:09.650][D][bshdbus:061]: Discarding 10 bytes of unparsed data after timeout of 32 ms: 0x0a041fe00105020b6f1a
[21:53:11.600][D][main:661]: Received frame dest 0x0f cmd 0xe000: 0x05
[21:53:11.630][D][bshdbus:090]: Missed ACK for dest 0x0f of preceding frame
[21:53:11.661][D][bshdbus:061]: Discarding 10 bytes of unparsed data after timeout of 32 ms: 0x0a041fe00105020b6f1a
[21:53:13.601][D][main:661]: Received frame dest 0x0f cmd 0xe000: 0x05
[21:53:13.610][D][bshdbus:090]: Missed ACK for dest 0x0f of preceding frame
[21:53:13.651][D][bshdbus:061]: Discarding 10 bytes of unparsed data after timeout of 32 ms: 0x0a041fe00105020b6f1a
[21:53:15.604][D][main:661]: Received frame dest 0x0f cmd 0xe000: 0x05
[21:53:15.612][D][bshdbus:090]: Missed ACK for dest 0x0f of preceding frame
[21:53:15.652][D][bshdbus:061]: Discarding 10 bytes of unparsed data after timeout of 32 ms: 0x0a041fe00105020b6f1a
[21:53:17.607][D][main:661]: Received frame dest 0x0f cmd 0xe000: 0x05
[21:53:17.615][D][bshdbus:090]: Missed ACK for dest 0x0f of preceding frame
[21:53:17.656][D][bshdbus:061]: Discarding 10 bytes of unparsed data after timeout of 32 ms: 0x0a041fe00105020b6f1a
[21:53:19.148][S][sensor]: 'Uptime s' >> 962 s
[21:53:19.402][S][sensor]: 'ESP Internal Temperature' >> 53.3 °C
[21:53:19.614][D][main:661]: Received frame dest 0x0f cmd 0xe000: 0x05
[21:53:19.648][D][bshdbus:090]: Missed ACK for dest 0x0f of preceding frame
[21:53:19.662][D][bshdbus:061]: Discarding 10 bytes of unparsed data after timeout of 33 ms: 0x0a041fe00105020b6f1a
[21:53:19.743][S][sensor]: 'WiFi RSSI' >> -76 dBm
[21:53:20.787][S][text_sensor]: 'Uptime' >> '00d 00h 16m 2s'
[21:53:21.619][D][main:661]: Received frame dest 0x0f cmd 0xe000: 0x05
[21:53:21.629][D][bshdbus:090]: Missed ACK for dest 0x0f of preceding frame
[21:53:21.662][D][bshdbus:061]: Discarding 10 bytes of unparsed data after timeout of 32 ms: 0x0a041fe00105020b6f1a
[21:53:23.624][D][main:661]: Received frame dest 0x0f cmd 0xe000: 0x05
[21:53:23.631][D][bshdbus:090]: Missed ACK for dest 0x0f of preceding frame
[21:53:23.666][D][bshdbus:061]: Discarding 10 bytes of unparsed data after timeout of 32 ms: 0x0a041fe00105020b6f1a
[21:53:25.621][D][main:661]: Received frame dest 0x0f cmd 0xe000: 0x05
[21:53:25.637][D][bshdbus:090]: Missed ACK for dest 0x0f of preceding frame
[21:53:25.647][D][bshdbus:061]: Discarding 1 bytes of unparsed data after timeout of 25 ms: 0x0a
[21:53:25.676][D][main:661]: Received frame dest 0x1f cmd 0xe001: 0x0502
[21:53:27.638][D][main:661]: Received frame dest 0x0f cmd 0xe000: 0x05
[21:53:27.645][D][bshdbus:090]: Missed ACK for dest 0x0f of preceding frame
[21:53:27.655][D][bshdbus:061]: Discarding 1 bytes of unparsed data after timeout of 23 ms: 0x0a
[21:53:27.667][D][main:661]: Received frame dest 0x1f cmd 0xe001: 0x0502
[21:53:29.629][D][main:661]: Received frame dest 0x0f cmd 0xe000: 0x05
[21:53:29.649][D][bshdbus:090]: Missed ACK for dest 0x0f of preceding frame
[21:53:29.658][D][bshdbus:061]: Discarding 1 bytes of unparsed data after timeout of 21 ms: 0x0a
[21:53:29.670][D][main:661]: Received frame dest 0x1f cmd 0xe001: 0x0502
[21:53:31.631][D][main:661]: Received frame dest 0x0f cmd 0xe000: 0x05
[21:53:31.639][D][bshdbus:090]: Missed ACK for dest 0x0f of preceding frame
[21:53:31.654][D][bshdbus:061]: Discarding 1 bytes of unparsed data after timeout of 22 ms: 0x0a
[21:53:31.667][D][main:661]: Received frame dest 0x1f cmd 0xe001: 0x0502
[21:53:33.635][D][main:661]: Received frame dest 0x0f cmd 0xe000: 0x05
[21:53:33.647][D][bshdbus:090]: Missed ACK for dest 0x0f of preceding frame
[21:53:33.689][D][bshdbus:061]: Discarding 10 bytes of unparsed data after timeout of 32 ms: 0x0a041fe00105020b6f1a
[21:53:35.639][D][main:661]: Received frame dest 0x0f cmd 0xe000: 0x05
[21:53:35.648][D][bshdbus:090]: Missed ACK for dest 0x0f of preceding frame
[21:53:35.692][D][bshdbus:061]: Discarding 10 bytes of unparsed data after timeout of 32 ms: 0x0a041fe00105020b6f1a
[21:53:37.659][D][main:661]: Received frame dest 0x0f cmd 0xe000: 0x05
[21:53:37.669][D][bshdbus:090]: Missed ACK for dest 0x0f of preceding frame
[21:53:37.676][D][bshdbus:061]: Discarding 1 bytes of unparsed data after timeout of 21 ms: 0x0a
[21:53:37.682][D][main:661]: Received frame dest 0x1f cmd 0xe001: 0x0502
[21:53:39.651][D][main:661]: Received frame dest 0x0f cmd 0xe000: 0x05
[21:53:39.665][D][bshdbus:090]: Missed ACK for dest 0x0f of preceding frame
[21:53:39.689][D][bshdbus:061]: Discarding 1 bytes of unparsed data after timeout of 22 ms: 0x0a
[21:53:39.731][D][main:661]: Received frame dest 0x1f cmd 0xe001: 0x0502
[21:53:41.650][D][main:661]: Received frame dest 0x0f cmd 0xe000: 0x05
[21:53:41.663][D][bshdbus:090]: Missed ACK for dest 0x0f of preceding frame
[21:53:41.672][D][bshdbus:061]: Discarding 1 bytes of unparsed data after timeout of 23 ms: 0x0a
[21:53:41.678][D][main:661]: Received frame dest 0x1f cmd 0xe001: 0x0502
[21:53:43.654][D][main:661]: Received frame dest 0x0f cmd 0xe000: 0x05
[21:53:43.662][D][bshdbus:090]: Missed ACK for dest 0x0f of preceding frame
[21:53:43.695][D][bshdbus:061]: Discarding 1 bytes of unparsed data after timeout of 25 ms: 0x0a
[21:53:43.702][D][main:661]: Received frame dest 0x1f cmd 0xe001: 0x0502
[21:53:45.660][D][main:661]: Received frame dest 0x0f cmd 0xe000: 0x05
[21:53:45.708][D][bshdbus:090]: Missed ACK for dest 0x0f of preceding frame
[21:53:45.720][D][bshdbus:061]: Discarding 10 bytes of unparsed data after timeout of 32 ms: 0x0a041fe00105020b6f1a
[21:53:47.661][D][main:661]: Received frame dest 0x0f cmd 0xe000: 0x05
[21:53:47.668][D][bshdbus:090]: Missed ACK for dest 0x0f of preceding frame
[21:53:47.709][D][bshdbus:061]: Discarding 10 bytes of unparsed data after timeout of 32 ms: 0x0a041fe00105020b6f1a
[21:53:49.667][D][main:661]: Received frame dest 0x0f cmd 0xe000: 0x05
[21:53:49.699][D][bshdbus:090]: Missed ACK for dest 0x0f of preceding frame
[21:53:49.712][D][bshdbus:061]: Discarding 10 bytes of unparsed data after timeout of 32 ms: 0x0a041fe00105020b6f1a
[21:53:51.670][D][main:661]: Received frame dest 0x0f cmd 0xe000: 0x05
[21:53:51.686][D][bshdbus:090]: Missed ACK for dest 0x0f of preceding frame
[21:53:51.695][D][bshdbus:061]: Discarding 1 bytes of unparsed data after timeout of 21 ms: 0x0a
[21:53:51.701][D][main:661]: Received frame dest 0x1f cmd 0xe001: 0x0502
[21:53:53.672][D][main:661]: Received frame dest 0x0f cmd 0xe000: 0x05
[21:53:53.680][D][bshdbus:090]: Missed ACK for dest 0x0f of preceding frame
[21:53:53.700][D][bshdbus:061]: Discarding 1 bytes of unparsed data after timeout of 28 ms: 0x0a
[21:53:53.707][D][main:661]: Received frame dest 0x1f cmd 0xe001: 0x0502
[21:53:55.677][D][main:661]: Received frame dest 0x0f cmd 0xe000: 0x05
[21:53:55.690][D][bshdbus:090]: Missed ACK for dest 0x0f of preceding frame
[21:53:55.698][D][bshdbus:061]: Discarding 1 bytes of unparsed data after timeout of 21 ms: 0x0a
[21:53:55.705][D][main:661]: Received frame dest 0x1f cmd 0xe001: 0x0502
[21:53:57.679][D][main:661]: Received frame dest 0x0f cmd 0xe000: 0x05
[21:53:57.690][D][bshdbus:090]: Missed ACK for dest 0x0f of preceding frame
[21:53:57.704][D][bshdbus:061]: Discarding 1 bytes of unparsed data after timeout of 27 ms: 0x0a
[21:53:57.731][D][main:661]: Received frame dest 0x1f cmd 0xe001: 0x0502
[21:53:59.682][D][main:661]: Received frame dest 0x0f cmd 0xe000: 0x05
[21:53:59.697][D][bshdbus:090]: Missed ACK for dest 0x0f of preceding frame
[21:53:59.710][D][bshdbus:061]: Discarding 1 bytes of unparsed data after timeout of 29 ms: 0x0a
[21:53:59.721][D][main:661]: Received frame dest 0x1f cmd 0xe001: 0x0502
[21:54:01.686][D][main:661]: Received frame dest 0x0f cmd 0xe000: 0x05
[21:54:01.694][D][bshdbus:090]: Missed ACK for dest 0x0f of preceding frame
[21:54:01.719][D][bshdbus:061]: Discarding 1 bytes of unparsed data after timeout of 29 ms: 0x0a
[21:54:01.726][D][main:661]: Received frame dest 0x1f cmd 0xe001: 0x0502
[21:54:03.690][D][main:661]: Received frame dest 0x0f cmd 0xe000: 0x05
[21:54:03.703][D][bshdbus:090]: Missed ACK for dest 0x0f of preceding frame
[21:54:03.736][D][bshdbus:061]: Discarding 10 bytes of unparsed data after timeout of 32 ms: 0x0a041fe00105020b6f1a
[21:54:05.694][D][main:661]: Received frame dest 0x0f cmd 0xe000: 0x05
[21:54:05.719][D][bshdbus:090]: Missed ACK for dest 0x0f of preceding frame
[21:54:05.742][D][bshdbus:061]: Discarding 10 bytes of unparsed data after timeout of 32 ms: 0x0a041fe00105020b6f1a
[21:54:07.698][D][main:661]: Received frame dest 0x0f cmd 0xe000: 0x05
[21:54:07.707][D][bshdbus:090]: Missed ACK for dest 0x0f of preceding frame
[21:54:07.744][D][bshdbus:061]: Discarding 10 bytes of unparsed data after timeout of 32 ms: 0x0a041fe00105020b6f1a
[21:54:09.712][D][main:661]: Received frame dest 0x0f cmd 0xe000: 0x05
[21:54:09.719][D][bshdbus:090]: Missed ACK for dest 0x0f of preceding frame
[21:54:09.750][D][bshdbus:061]: Discarding 10 bytes of unparsed data after timeout of 32 ms: 0x0a041fe00105020b6f1a
[21:54:11.705][D][main:661]: Received frame dest 0x0f cmd 0xe000: 0x05
[21:54:11.711][D][bshdbus:090]: Missed ACK for dest 0x0f of preceding frame
[21:54:11.734][D][bshdbus:061]: Discarding 1 bytes of unparsed data after timeout of 28 ms: 0x0a
[21:54:11.781][D][main:661]: Received frame dest 0x1f cmd 0xe001: 0x0502
[21:54:13.708][D][main:661]: Received frame dest 0x0f cmd 0xe000: 0x05
[21:54:13.722][D][bshdbus:090]: Missed ACK for dest 0x0f of preceding frame
[21:54:13.758][D][bshdbus:061]: Discarding 10 bytes of unparsed data after timeout of 32 ms: 0x0a041fe00105020b6f1a
[21:54:15.712][D][main:661]: Received frame dest 0x0f cmd 0xe000: 0x05
[21:54:15.721][D][bshdbus:090]: Missed ACK for dest 0x0f of preceding frame
[21:54:15.762][D][bshdbus:061]: Discarding 10 bytes of unparsed data after timeout of 32 ms: 0x0a041fe00105020b6f1a
[21:54:17.715][D][main:661]: Received frame dest 0x0f cmd 0xe000: 0x05
[21:54:17.723][D][bshdbus:090]: Missed ACK for dest 0x0f of preceding frame
[21:54:17.739][D][bshdbus:061]: Discarding 1 bytes of unparsed data after timeout of 24 ms: 0x0a
[21:54:17.751][D][main:661]: Received frame dest 0x1f cmd 0xe001: 0x0502
[21:54:19.164][S][sensor]: 'Uptime s' >> 1022 s
[21:54:19.395][S][sensor]: 'ESP Internal Temperature' >> 53.3 °C
[21:54:19.719][D][main:661]: Received frame dest 0x0f cmd 0xe000: 0x05
[21:54:19.728][D][bshdbus:090]: Missed ACK for dest 0x0f of preceding frame
[21:54:19.742][S][sensor]: 'WiFi RSSI' >> -77 dBm
[21:54:19.769][D][bshdbus:061]: Discarding 10 bytes of unparsed data after timeout of 33 ms: 0x0a041fe00105020b6f1a
[21:54:20.778][S][text_sensor]: 'Uptime' >> '00d 00h 17m 2s'
[21:54:21.722][D][main:661]: Received frame dest 0x0f cmd 0xe000: 0x05
[21:54:21.729][D][bshdbus:090]: Missed ACK for dest 0x0f of preceding frame
[21:54:21.750][D][bshdbus:061]: Discarding 1 bytes of unparsed data after timeout of 29 ms: 0x0a
[21:54:21.757][D][main:661]: Received frame dest 0x1f cmd 0xe001: 0x0502
[21:54:23.734][D][main:661]: Received frame dest 0x0f cmd 0xe000: 0x05
[21:54:23.744][D][bshdbus:090]: Missed ACK for dest 0x0f of preceding frame
[21:54:23.758][D][bshdbus:061]: Discarding 1 bytes of unparsed data after timeout of 28 ms: 0x0a
[21:54:23.764][D][main:661]: Received frame dest 0x1f cmd 0xe001: 0x0502
[21:54:25.729][D][main:661]: Received frame dest 0x0f cmd 0xe000: 0x05
[21:54:25.738][D][bshdbus:090]: Missed ACK for dest 0x0f of preceding frame
[21:54:25.756][D][bshdbus:061]: Discarding 1 bytes of unparsed data after timeout of 27 ms: 0x0a
[21:54:25.763][D][main:661]: Received frame dest 0x1f cmd 0xe001: 0x0502
[21:54:27.752][D][main:661]: Received frame dest 0x0f cmd 0xe000: 0x05
[21:54:27.761][D][bshdbus:090]: Missed ACK for dest 0x0f of preceding frame
[21:54:27.767][D][bshdbus:061]: Discarding 1 bytes of unparsed data after timeout of 21 ms: 0x0a
[21:54:27.772][D][main:661]: Received frame dest 0x1f cmd 0xe001: 0x0502
[21:54:29.737][D][main:661]: Received frame dest 0x0f cmd 0xe000: 0x05
[21:54:29.746][D][bshdbus:090]: Missed ACK for dest 0x0f of preceding frame
[21:54:29.765][D][bshdbus:061]: Discarding 1 bytes of unparsed data after timeout of 26 ms: 0x0a
[21:54:29.779][D][main:661]: Received frame dest 0x1f cmd 0xe001: 0x0502
[21:54:31.742][D][main:661]: Received frame dest 0x0f cmd 0xe000: 0x05
[21:54:31.751][D][bshdbus:090]: Missed ACK for dest 0x0f of preceding frame
[21:54:31.792][D][bshdbus:061]: Discarding 10 bytes of unparsed data after timeout of 32 ms: 0x0a041fe00105020b6f1a
[21:54:33.744][D][main:661]: Received frame dest 0x0f cmd 0xe000: 0x05
[21:54:33.751][D][bshdbus:090]: Missed ACK for dest 0x0f of preceding frame
[21:54:33.795][D][bshdbus:061]: Discarding 10 bytes of unparsed data after timeout of 32 ms: 0x0a041fe00105020b6f1a
[21:54:35.748][D][main:661]: Received frame dest 0x0f cmd 0xe000: 0x05
[21:54:35.769][D][bshdbus:090]: Missed ACK for dest 0x0f of preceding frame
[21:54:35.801][D][bshdbus:061]: Discarding 10 bytes of unparsed data after timeout of 32 ms: 0x0a041fe00105020b6f1a
[21:54:37.764][D][main:661]: Received frame dest 0x0f cmd 0xe000: 0x05
[21:54:37.787][D][bshdbus:090]: Missed ACK for dest 0x0f of preceding frame
[21:54:37.803][D][bshdbus:061]: Discarding 10 bytes of unparsed data after timeout of 32 ms: 0x0a041fe00105020b6f1a
[21:54:39.754][D][main:661]: Received frame dest 0x0f cmd 0xe000: 0x05
[21:54:39.762][D][bshdbus:090]: Missed ACK for dest 0x0f of preceding frame
[21:54:39.814][D][bshdbus:061]: Discarding 10 bytes of unparsed data after timeout of 32 ms: 0x0a041fe00105020b6f1a
[21:54:41.758][D][main:661]: Received frame dest 0x0f cmd 0xe000: 0x05
[21:54:41.768][D][bshdbus:090]: Missed ACK for dest 0x0f of preceding frame
[21:54:41.807][D][bshdbus:061]: Discarding 10 bytes of unparsed data after timeout of 32 ms: 0x0a041fe00105020b6f1a
[21:54:43.761][D][main:661]: Received frame dest 0x0f cmd 0xe000: 0x05
[21:54:43.770][D][bshdbus:090]: Missed ACK for dest 0x0f of preceding frame
[21:54:43.783][D][bshdbus:061]: Discarding 1 bytes of unparsed data after timeout of 23 ms: 0x0a
[21:54:43.790][D][main:661]: Received frame dest 0x1f cmd 0xe001: 0x0502
[21:54:45.766][D][main:661]: Received frame dest 0x0f cmd 0xe000: 0x05
[21:54:45.772][D][bshdbus:090]: Missed ACK for dest 0x0f of preceding frame
[21:54:45.821][D][bshdbus:061]: Discarding 10 bytes of unparsed data after timeout of 32 ms: 0x0a041fe00105020b6f1a
[21:54:47.792][D][main:661]: Received frame dest 0x0f cmd 0xe000: 0x05
[21:54:47.801][D][bshdbus:090]: Missed ACK for dest 0x0f of preceding frame
[21:54:47.818][D][bshdbus:061]: Discarding 10 bytes of unparsed data after timeout of 32 ms: 0x0a041fe00105020b6f1a
[21:54:49.772][D][main:661]: Received frame dest 0x0f cmd 0xe000: 0x05
[21:54:49.781][D][bshdbus:090]: Missed ACK for dest 0x0f of preceding frame
[21:54:49.825][D][bshdbus:061]: Discarding 10 bytes of unparsed data after timeout of 32 ms: 0x0a041fe00105020b6f1a
[21:54:51.780][D][main:661]: Received frame dest 0x0f cmd 0xe000: 0x05
[21:54:51.812][D][bshdbus:090]: Missed ACK for dest 0x0f of preceding frame
[21:54:51.828][D][bshdbus:061]: Discarding 10 bytes of unparsed data after timeout of 32 ms: 0x0a041fe00105020b6f1a
[21:54:53.780][D][main:661]: Received frame dest 0x0f cmd 0xe000: 0x05
[21:54:53.788][D][bshdbus:090]: Missed ACK for dest 0x0f of preceding frame
[21:54:53.847][D][bshdbus:061]: Discarding 10 bytes of unparsed data after timeout of 32 ms: 0x0a041fe00105020b6f1a
[21:54:55.799][D][main:661]: Received frame dest 0x0f cmd 0xe000: 0x05
[21:54:55.812][D][bshdbus:090]: Missed ACK for dest 0x0f of preceding frame
[21:54:55.835][D][bshdbus:061]: Discarding 10 bytes of unparsed data after timeout of 33 ms: 0x0a041fe00105020b6f1a
[21:54:57.789][D][main:661]: Received frame dest 0x0f cmd 0xe000: 0x05
[21:54:57.807][D][bshdbus:090]: Missed ACK for dest 0x0f of preceding frame
[21:54:57.817][D][bshdbus:061]: Discarding 1 bytes of unparsed data after timeout of 29 ms: 0x0a
[21:54:57.826][D][main:661]: Received frame dest 0x1f cmd 0xe001: 0x0502
[21:54:59.790][D][main:661]: Received frame dest 0x0f cmd 0xe000: 0x05
[21:54:59.802][D][bshdbus:090]: Missed ACK for dest 0x0f of preceding frame
[21:54:59.828][D][bshdbus:061]: Discarding 1 bytes of unparsed data after timeout of 27 ms: 0x0a
[21:54:59.837][D][main:661]: Received frame dest 0x1f cmd 0xe001: 0x0502
[21:55:01.794][D][main:661]: Received frame dest 0x0f cmd 0xe000: 0x05
[21:55:01.803][D][bshdbus:090]: Missed ACK for dest 0x0f of preceding frame
[21:55:01.849][D][bshdbus:061]: Discarding 10 bytes of unparsed data after timeout of 32 ms: 0x0a041fe00105020b6f1a
[21:55:03.799][D][main:661]: Received frame dest 0x0f cmd 0xe000: 0x05
[21:55:03.806][D][bshdbus:090]: Missed ACK for dest 0x0f of preceding frame
[21:55:03.817][D][bshdbus:061]: Discarding 1 bytes of unparsed data after timeout of 21 ms: 0x0a
[21:55:03.823][D][main:661]: Received frame dest 0x1f cmd 0xe001: 0x0502
[21:55:05.802][D][main:661]: Received frame dest 0x0f cmd 0xe000: 0x05
[21:55:05.813][D][bshdbus:090]: Missed ACK for dest 0x0f of preceding frame
[21:55:05.830][D][bshdbus:061]: Discarding 1 bytes of unparsed data after timeout of 21 ms: 0x0a
[21:55:05.836][D][main:661]: Received frame dest 0x1f cmd 0xe001: 0x0502
[21:55:07.805][D][main:661]: Received frame dest 0x0f cmd 0xe000: 0x05
[21:55:07.813][D][bshdbus:090]: Missed ACK for dest 0x0f of preceding frame
[21:55:07.870][D][bshdbus:061]: Discarding 10 bytes of unparsed data after timeout of 32 ms: 0x0a041fe00105020b6f1a
[21:55:09.817][D][main:661]: Received frame dest 0x0f cmd 0xe000: 0x05
[21:55:09.824][D][bshdbus:090]: Missed ACK for dest 0x0f of preceding frame
[21:55:09.860][D][bshdbus:061]: Discarding 10 bytes of unparsed data after timeout of 32 ms: 0x0a041fe00105020b6f1a
[21:55:11.812][D][main:661]: Received frame dest 0x0f cmd 0xe000: 0x05
[21:55:11.822][D][bshdbus:090]: Missed ACK for dest 0x0f of preceding frame
[21:55:11.839][D][bshdbus:061]: Discarding 1 bytes of unparsed data after timeout of 27 ms: 0x0a
[21:55:11.883][D][main:661]: Received frame dest 0x1f cmd 0xe001: 0x0502
[21:55:13.816][D][main:661]: Received frame dest 0x0f cmd 0xe000: 0x05
[21:55:13.827][D][bshdbus:090]: Missed ACK for dest 0x0f of preceding frame
[21:55:13.845][D][bshdbus:061]: Discarding 1 bytes of unparsed data after timeout of 31 ms: 0x0a
[21:55:13.855][D][main:661]: Received frame dest 0x1f cmd 0xe001: 0x0502
[21:55:15.821][D][main:661]: Received frame dest 0x0f cmd 0xe000: 0x05
[21:55:15.829][D][bshdbus:090]: Missed ACK for dest 0x0f of preceding frame
[21:55:15.858][D][bshdbus:061]: Discarding 1 bytes of unparsed data after timeout of 28 ms: 0x0a
[21:55:15.864][D][main:661]: Received frame dest 0x1f cmd 0xe001: 0x0502
[21:55:17.823][D][main:661]: Received frame dest 0x0f cmd 0xe000: 0x05
[21:55:17.832][D][bshdbus:090]: Missed ACK for dest 0x0f of preceding frame
[21:55:17.850][D][bshdbus:061]: Discarding 1 bytes of unparsed data after timeout of 25 ms: 0x0a
[21:55:17.860][D][main:661]: Received frame dest 0x1f cmd 0xe001: 0x0502
[21:55:19.122][S][sensor]: 'Uptime s' >> 1082 s
[21:55:19.448][S][sensor]: 'ESP Internal Temperature' >> 53.3 °C
[21:55:19.751][S][sensor]: 'WiFi RSSI' >> -75 dBm
[21:55:19.827][D][main:661]: Received frame dest 0x0f cmd 0xe000: 0x05
[21:55:19.857][D][bshdbus:090]: Missed ACK for dest 0x0f of preceding frame
[21:55:19.865][D][bshdbus:061]: Discarding 1 bytes of unparsed data after timeout of 24 ms: 0x0a
[21:55:19.870][D][main:661]: Received frame dest 0x1f cmd 0xe001: 0x0502
[21:55:20.783][S][text_sensor]: 'Uptime' >> '00d 00h 18m 2s'
[21:55:21.849][D][main:661]: Received frame dest 0x0f cmd 0xe000: 0x05
[21:55:21.858][D][bshdbus:090]: Missed ACK for dest 0x0f of preceding frame
[21:55:21.864][D][bshdbus:061]: Discarding 1 bytes of unparsed data after timeout of 21 ms: 0x0a
[21:55:21.873][D][main:661]: Received frame dest 0x1f cmd 0xe001: 0x0502
[21:55:23.846][D][main:661]: Received frame dest 0x0f cmd 0xe000: 0x05
[21:55:23.861][D][bshdbus:090]: Missed ACK for dest 0x0f of preceding frame
[21:55:23.866][D][bshdbus:061]: Discarding 1 bytes of unparsed data after timeout of 27 ms: 0x0a
[21:55:23.871][D][main:661]: Received frame dest 0x1f cmd 0xe001: 0x0502
[21:55:25.839][D][main:661]: Received frame dest 0x0f cmd 0xe000: 0x05
[21:55:25.860][D][bshdbus:090]: Missed ACK for dest 0x0f of preceding frame
[21:55:25.870][D][bshdbus:061]: Discarding 1 bytes of unparsed data after timeout of 26 ms: 0x0a
[21:55:25.876][D][main:661]: Received frame dest 0x1f cmd 0xe001: 0x0502
[21:55:27.854][D][main:661]: Received frame dest 0x0f cmd 0xe000: 0x05
[21:55:27.890][D][bshdbus:090]: Missed ACK for dest 0x0f of preceding frame
[21:55:27.896][D][bshdbus:061]: Discarding 1 bytes of unparsed data after timeout of 24 ms: 0x0a
[21:55:27.902][D][main:661]: Received frame dest 0x1f cmd 0xe001: 0x0502
[21:55:29.844][D][main:661]: Received frame dest 0x0f cmd 0xe000: 0x05
[21:55:29.852][D][bshdbus:090]: Missed ACK for dest 0x0f of preceding frame
[21:55:29.867][D][bshdbus:061]: Discarding 1 bytes of unparsed data after timeout of 23 ms: 0x0a
[21:55:29.876][D][main:661]: Received frame dest 0x1f cmd 0xe001: 0x0502
[21:55:31.848][D][main:661]: Received frame dest 0x0f cmd 0xe000: 0x05
[21:55:31.859][D][bshdbus:090]: Missed ACK for dest 0x0f of preceding frame
[21:55:31.871][D][bshdbus:061]: Discarding 1 bytes of unparsed data after timeout of 21 ms: 0x0a
[21:55:31.889][D][main:661]: Received frame dest 0x1f cmd 0xe001: 0x0502
[21:55:33.854][D][main:661]: Received frame dest 0x0f cmd 0xe000: 0x05
[21:55:33.880][D][bshdbus:090]: Missed ACK for dest 0x0f of preceding frame
[21:55:33.886][D][bshdbus:061]: Discarding 1 bytes of unparsed data after timeout of 22 ms: 0x0a
[21:55:33.891][D][main:661]: Received frame dest 0x1f cmd 0xe001: 0x0502
[21:55:35.855][D][main:661]: Received frame dest 0x0f cmd 0xe000: 0x05
[21:55:35.873][D][bshdbus:090]: Missed ACK for dest 0x0f of preceding frame
[21:55:35.906][D][bshdbus:061]: Discarding 10 bytes of unparsed data after timeout of 32 ms: 0x0a041fe00105020b6f1a
[21:55:37.894][D][main:661]: Received frame dest 0x0f cmd 0xe000: 0x05
[21:55:37.901][D][bshdbus:090]: Missed ACK for dest 0x0f of preceding frame
[21:55:37.908][D][bshdbus:061]: Discarding 10 bytes of unparsed data after timeout of 32 ms: 0x0a041fe00105020b6f1a
[21:55:39.863][D][main:661]: Received frame dest 0x0f cmd 0xe000: 0x05
[21:55:39.872][D][bshdbus:090]: Missed ACK for dest 0x0f of preceding frame
[21:55:39.883][D][bshdbus:061]: Discarding 1 bytes of unparsed data after timeout of 21 ms: 0x0a
[21:55:39.891][D][main:661]: Received frame dest 0x1f cmd 0xe001: 0x0502
[21:55:41.884][D][main:661]: Received frame dest 0x0f cmd 0xe000: 0x05
[21:55:41.908][D][bshdbus:090]: Missed ACK for dest 0x0f of preceding frame
[21:55:41.922][D][bshdbus:061]: Discarding 10 bytes of unparsed data after timeout of 32 ms: 0x0a041fe00105020b6f1a
[21:55:43.872][D][main:661]: Received frame dest 0x0f cmd 0xe000: 0x05
[21:55:43.883][D][bshdbus:090]: Missed ACK for dest 0x0f of preceding frame
[21:55:43.918][D][bshdbus:061]: Discarding 10 bytes of unparsed data after timeout of 32 ms: 0x0a041fe00105020b6f1a
[21:55:45.874][D][main:661]: Received frame dest 0x0f cmd 0xe000: 0x05
[21:55:45.943][D][bshdbus:090]: Missed ACK for dest 0x0f of preceding frame
[21:55:45.963][D][bshdbus:061]: Discarding 10 bytes of unparsed data after timeout of 32 ms: 0x0a041fe00105020b6f1a
[21:55:47.877][D][main:661]: Received frame dest 0x0f cmd 0xe000: 0x05
[21:55:47.891][D][bshdbus:090]: Missed ACK for dest 0x0f of preceding frame
[21:55:47.926][D][bshdbus:061]: Discarding 10 bytes of unparsed data after timeout of 32 ms: 0x0a041fe00105020b6f1a
[21:55:49.881][D][main:661]: Received frame dest 0x0f cmd 0xe000: 0x05
[21:55:49.888][D][bshdbus:090]: Missed ACK for dest 0x0f of preceding frame
[21:55:49.914][D][bshdbus:061]: Discarding 1 bytes of unparsed data after timeout of 31 ms: 0x0a
[21:55:49.922][D][main:661]: Received frame dest 0x1f cmd 0xe001: 0x0502
[21:55:51.985][D][main:661]: Received frame dest 0x0f cmd 0xe000: 0x05
[21:55:51.994][D][bshdbus:090]: Missed ACK for dest 0x0f of preceding frame
[21:55:52.009][D][bshdbus:061]: Discarding 1 bytes of unparsed data after timeout of 28 ms: 0x0a
[21:55:52.014][D][main:661]: Received frame dest 0x1f cmd 0xe001: 0x0502
[21:55:53.892][D][main:661]: Received frame dest 0x0f cmd 0xe000: 0x05
[21:55:53.903][D][bshdbus:090]: Missed ACK for dest 0x0f of preceding frame
[21:55:53.919][D][bshdbus:061]: Discarding 1 bytes of unparsed data after timeout of 30 ms: 0x0a
[21:55:53.929][D][main:661]: Received frame dest 0x1f cmd 0xe001: 0x0502
[21:55:55.899][D][main:661]: Received frame dest 0x0f cmd 0xe000: 0x05
[21:55:55.910][D][bshdbus:090]: Missed ACK for dest 0x0f of preceding frame
[21:55:55.945][D][bshdbus:061]: Discarding 10 bytes of unparsed data after timeout of 32 ms: 0x0a041fe00105020b6f1a
[21:55:57.896][D][main:661]: Received frame dest 0x0f cmd 0xe000: 0x05
[21:55:57.914][D][bshdbus:090]: Missed ACK for dest 0x0f of preceding frame
[21:55:57.945][D][bshdbus:061]: Discarding 10 bytes of unparsed data after timeout of 32 ms: 0x0a041fe00105020b6f1a
[21:55:59.902][D][main:661]: Received frame dest 0x0f cmd 0xe000: 0x05
[21:55:59.912][D][bshdbus:090]: Missed ACK for dest 0x0f of preceding frame
[21:55:59.949][D][bshdbus:061]: Discarding 10 bytes of unparsed data after timeout of 32 ms: 0x0a041fe00105020b6f1a
[21:56:01.905][D][main:661]: Received frame dest 0x0f cmd 0xe000: 0x05
[21:56:01.916][D][bshdbus:090]: Missed ACK for dest 0x0f of preceding frame
[21:56:01.953][D][bshdbus:061]: Discarding 10 bytes of unparsed data after timeout of 32 ms: 0x0a041fe00105020b6f1a
[21:56:03.911][D][main:661]: Received frame dest 0x0f cmd 0xe000: 0x05
[21:56:03.919][D][bshdbus:090]: Missed ACK for dest 0x0f of preceding frame
[21:56:03.936][D][bshdbus:061]: Discarding 1 bytes of unparsed data after timeout of 31 ms: 0x0a
[21:56:03.942][D][main:661]: Received frame dest 0x1f cmd 0xe001: 0x0502
[21:56:05.913][D][main:661]: Received frame dest 0x0f cmd 0xe000: 0x05
[21:56:05.927][D][bshdbus:090]: Missed ACK for dest 0x0f of preceding frame
[21:56:06.050][D][bshdbus:061]: Discarding 10 bytes of unparsed data after timeout of 32 ms: 0x0a041fe00105020b6f1a
[21:56:07.913][D][main:661]: Received frame dest 0x0f cmd 0xe000: 0x05
[21:56:07.922][D][bshdbus:090]: Missed ACK for dest 0x0f of preceding frame
[21:56:07.942][D][bshdbus:061]: Discarding 1 bytes of unparsed data after timeout of 29 ms: 0x0a
[21:56:07.948][D][main:661]: Received frame dest 0x1f cmd 0xe001: 0x0502
[21:56:09.927][D][main:661]: Received frame dest 0x0f cmd 0xe000: 0x05
[21:56:09.934][D][bshdbus:090]: Missed ACK for dest 0x0f of preceding frame
[21:56:09.953][D][bshdbus:061]: Discarding 1 bytes of unparsed data after timeout of 23 ms: 0x0a
[21:56:09.958][D][main:661]: Received frame dest 0x1f cmd 0xe001: 0x0502
[21:56:11.921][D][main:661]: Received frame dest 0x0f cmd 0xe000: 0x05
[21:56:11.928][D][bshdbus:090]: Missed ACK for dest 0x0f of preceding frame
[21:56:11.942][D][bshdbus:061]: Discarding 1 bytes of unparsed data after timeout of 22 ms: 0x0a
[21:56:11.949][D][main:661]: Received frame dest 0x1f cmd 0xe001: 0x0502
[21:56:13.928][D][main:661]: Received frame dest 0x0f cmd 0xe000: 0x05
[21:56:13.938][D][bshdbus:090]: Missed ACK for dest 0x0f of preceding frame
[21:56:13.975][D][bshdbus:061]: Discarding 10 bytes of unparsed data after timeout of 32 ms: 0x0a041fe00105020b6f1a
[21:56:15.930][D][main:661]: Received frame dest 0x0f cmd 0xe000: 0x05
[21:56:15.937][D][bshdbus:090]: Missed ACK for dest 0x0f of preceding frame
[21:56:15.990][D][bshdbus:061]: Discarding 1 bytes of unparsed data after timeout of 29 ms: 0x0a
[21:56:15.996][D][main:661]: Received frame dest 0x1f cmd 0xe001: 0x0502
[21:56:17.967][D][main:661]: Received frame dest 0x0f cmd 0xe000: 0x05
[21:56:17.974][D][bshdbus:090]: Missed ACK for dest 0x0f of preceding frame
[21:56:17.980][D][bshdbus:061]: Discarding 1 bytes of unparsed data after timeout of 23 ms: 0x0a
[21:56:17.985][D][main:661]: Received frame dest 0x1f cmd 0xe001: 0x0502
[21:56:19.130][S][sensor]: 'Uptime s' >> 1142 s
[21:56:19.402][S][sensor]: 'ESP Internal Temperature' >> 54.3 °C
[21:56:19.747][S][sensor]: 'WiFi RSSI' >> -78 dBm
[21:56:19.935][D][main:661]: Received frame dest 0x0f cmd 0xe000: 0x05
[21:56:19.950][D][bshdbus:090]: Missed ACK for dest 0x0f of preceding frame
[21:56:19.989][D][bshdbus:061]: Discarding 10 bytes of unparsed data after timeout of 32 ms: 0x0a041fe00105020b6f1a
[21:56:20.783][S][text_sensor]: 'Uptime' >> '00d 00h 19m 2s'
[21:56:21.938][D][main:661]: Received frame dest 0x0f cmd 0xe000: 0x05
[21:56:21.949][D][bshdbus:090]: Missed ACK for dest 0x0f of preceding frame
[21:56:21.987][D][bshdbus:061]: Discarding 10 bytes of unparsed data after timeout of 33 ms: 0x0a041fe00105020b6f1a
[21:56:23.955][D][main:661]: Received frame dest 0x0f cmd 0xe000: 0x05
[21:56:23.961][D][bshdbus:090]: Missed ACK for dest 0x0f of preceding frame
[21:56:23.968][D][bshdbus:061]: Discarding 1 bytes of unparsed data after timeout of 26 ms: 0x0a
[21:56:23.978][D][main:661]: Received frame dest 0x1f cmd 0xe001: 0x0502
[21:56:25.948][D][main:661]: Received frame dest 0x0f cmd 0xe000: 0x05
[21:56:25.968][D][bshdbus:090]: Missed ACK for dest 0x0f of preceding frame
[21:56:25.986][D][bshdbus:061]: Discarding 1 bytes of unparsed data after timeout of 24 ms: 0x0a
[21:56:25.995][D][main:661]: Received frame dest 0x1f cmd 0xe001: 0x0502
[21:56:27.956][D][main:661]: Received frame dest 0x0f cmd 0xe000: 0x05
[21:56:27.964][D][bshdbus:090]: Missed ACK for dest 0x0f of preceding frame
[21:56:28.002][D][bshdbus:061]: Discarding 10 bytes of unparsed data after timeout of 32 ms: 0x0a041fe00105020b6f1a
[21:56:29.953][D][main:661]: Received frame dest 0x0f cmd 0xe000: 0x05
[21:56:29.967][D][bshdbus:090]: Missed ACK for dest 0x0f of preceding frame
[21:56:30.001][D][bshdbus:061]: Discarding 10 bytes of unparsed data after timeout of 32 ms: 0x0a041fe00105020b6f1a
[21:56:31.958][D][main:661]: Received frame dest 0x0f cmd 0xe000: 0x05
[21:56:31.965][D][bshdbus:090]: Missed ACK for dest 0x0f of preceding frame
[21:56:31.977][D][bshdbus:061]: Discarding 1 bytes of unparsed data after timeout of 22 ms: 0x0a
[21:56:31.990][D][main:661]: Received frame dest 0x1f cmd 0xe001: 0x0502
[21:56:33.963][D][main:661]: Received frame dest 0x0f cmd 0xe000: 0x05
[21:56:33.969][D][bshdbus:090]: Missed ACK for dest 0x0f of preceding frame
[21:56:33.990][D][bshdbus:061]: Discarding 1 bytes of unparsed data after timeout of 22 ms: 0x0a
[21:56:34.024][D][main:661]: Received frame dest 0x1f cmd 0xe001: 0x0502
[21:56:35.968][D][main:661]: Received frame dest 0x0f cmd 0xe000: 0x05
[21:56:35.975][D][bshdbus:090]: Missed ACK for dest 0x0f of preceding frame
[21:56:36.016][D][bshdbus:061]: Discarding 10 bytes of unparsed data after timeout of 32 ms: 0x0a041fe00105020b6f1a
[21:56:37.972][D][main:661]: Received frame dest 0x0f cmd 0xe000: 0x05
[21:56:37.992][D][bshdbus:090]: Missed ACK for dest 0x0f of preceding frame
[21:56:38.119][D][bshdbus:061]: Discarding 1 bytes of unparsed data after timeout of 29 ms: 0x0a
[21:56:38.131][D][main:661]: Received frame dest 0x1f cmd 0xe001: 0x0502
[21:56:39.972][D][main:661]: Received frame dest 0x0f cmd 0xe000: 0x05
[21:56:39.983][D][bshdbus:090]: Missed ACK for dest 0x0f of preceding frame
[21:56:39.992][D][bshdbus:061]: Discarding 1 bytes of unparsed data after timeout of 21 ms: 0x0a
[21:56:40.003][D][main:661]: Received frame dest 0x1f cmd 0xe001: 0x0502
[21:56:41.978][D][main:661]: Received frame dest 0x0f cmd 0xe000: 0x05
[21:56:41.992][D][bshdbus:090]: Missed ACK for dest 0x0f of preceding frame
[21:56:41.999][D][bshdbus:061]: Discarding 1 bytes of unparsed data after timeout of 22 ms: 0x0a
[21:56:42.007][D][main:661]: Received frame dest 0x1f cmd 0xe001: 0x0502
[21:56:43.978][D][main:661]: Received frame dest 0x0f cmd 0xe000: 0x05
[21:56:43.996][D][bshdbus:090]: Missed ACK for dest 0x0f of preceding frame
[21:56:44.032][D][bshdbus:061]: Discarding 10 bytes of unparsed data after timeout of 32 ms: 0x0a041fe00105020b6f1a
[21:56:45.985][D][main:661]: Received frame dest 0x0f cmd 0xe000: 0x05
[21:56:46.001][D][bshdbus:090]: Missed ACK for dest 0x0f of preceding frame
[21:56:46.006][D][bshdbus:061]: Discarding 1 bytes of unparsed data after timeout of 25 ms: 0x0a
[21:56:46.016][D][main:661]: Received frame dest 0x1f cmd 0xe001: 0x0502
[21:56:47.986][D][main:661]: Received frame dest 0x0f cmd 0xe000: 0x05
[21:56:47.993][D][bshdbus:090]: Missed ACK for dest 0x0f of preceding frame
[21:56:48.041][D][bshdbus:061]: Discarding 10 bytes of unparsed data after timeout of 32 ms: 0x0a041fe00105020b6f1a
[21:56:49.989][D][main:661]: Received frame dest 0x0f cmd 0xe000: 0x05
[21:56:49.995][D][bshdbus:090]: Missed ACK for dest 0x0f of preceding frame
[21:56:50.044][D][bshdbus:061]: Discarding 10 bytes of unparsed data after timeout of 32 ms: 0x0a041fe00105020b6f1a
[21:56:52.004][D][main:661]: Received frame dest 0x0f cmd 0xe000: 0x05
[21:56:52.011][D][bshdbus:090]: Missed ACK for dest 0x0f of preceding frame
[21:56:52.039][D][bshdbus:061]: Discarding 1 bytes of unparsed data after timeout of 21 ms: 0x0a
[21:56:52.045][D][main:661]: Received frame dest 0x1f cmd 0xe001: 0x0502
[21:56:53.996][D][main:661]: Received frame dest 0x0f cmd 0xe000: 0x05
[21:56:54.011][D][bshdbus:090]: Missed ACK for dest 0x0f of preceding frame
[21:56:54.018][D][bshdbus:061]: Discarding 1 bytes of unparsed data after timeout of 21 ms: 0x0a
[21:56:54.023][D][main:661]: Received frame dest 0x1f cmd 0xe001: 0x0502
[21:56:56.032][D][main:661]: Received frame dest 0x0f cmd 0xe000: 0x05
[21:56:56.039][D][bshdbus:090]: Missed ACK for dest 0x0f of preceding frame
[21:56:56.049][D][bshdbus:061]: Discarding 10 bytes of unparsed data after timeout of 32 ms: 0x0a041fe00105020b6f1a
[21:56:58.004][D][main:661]: Received frame dest 0x0f cmd 0xe000: 0x05
[21:56:58.016][D][bshdbus:090]: Missed ACK for dest 0x0f of preceding frame
[21:56:58.064][D][bshdbus:061]: Discarding 10 bytes of unparsed data after timeout of 32 ms: 0x0a041fe00105020b6f1a
[21:57:00.009][D][main:661]: Received frame dest 0x0f cmd 0xe000: 0x05
[21:57:00.016][D][bshdbus:090]: Missed ACK for dest 0x0f of preceding frame
[21:57:00.058][D][bshdbus:061]: Discarding 10 bytes of unparsed data after timeout of 32 ms: 0x0a041fe00105020b6f1a
[21:57:02.011][D][main:661]: Received frame dest 0x0f cmd 0xe000: 0x05
[21:57:02.018][D][bshdbus:090]: Missed ACK for dest 0x0f of preceding frame
[21:57:02.054][D][bshdbus:061]: Discarding 1 bytes of unparsed data after timeout of 26 ms: 0x0a
[21:57:02.061][D][main:661]: Received frame dest 0x1f cmd 0xe001: 0x0502
[21:57:04.014][D][main:661]: Received frame dest 0x0f cmd 0xe000: 0x05
[21:57:04.027][D][bshdbus:090]: Missed ACK for dest 0x0f of preceding frame
[21:57:04.037][D][bshdbus:061]: Discarding 1 bytes of unparsed data after timeout of 21 ms: 0x0a
[21:57:04.051][D][main:661]: Received frame dest 0x1f cmd 0xe001: 0x0502
[21:57:06.018][D][main:661]: Received frame dest 0x0f cmd 0xe000: 0x05
[21:57:06.024][D][bshdbus:090]: Missed ACK for dest 0x0f of preceding frame
[21:57:06.068][D][bshdbus:061]: Discarding 10 bytes of unparsed data after timeout of 32 ms: 0x0a041fe00105020b6f1a
[21:57:08.022][D][main:661]: Received frame dest 0x0f cmd 0xe000: 0x05
[21:57:08.032][D][bshdbus:090]: Missed ACK for dest 0x0f of preceding frame
[21:57:08.125][D][bshdbus:061]: Discarding 10 bytes of unparsed data after timeout of 32 ms: 0x0a041fe00105020b6f1a
[21:57:10.044][D][main:661]: Received frame dest 0x0f cmd 0xe000: 0x05
[21:57:10.052][D][bshdbus:090]: Missed ACK for dest 0x0f of preceding frame
[21:57:10.061][D][bshdbus:061]: Discarding 1 bytes of unparsed data after timeout of 28 ms: 0x0a
[21:57:10.070][D][main:661]: Received frame dest 0x1f cmd 0xe001: 0x0502
[21:57:12.035][D][main:661]: Received frame dest 0x0f cmd 0xe000: 0x05
[21:57:12.043][D][bshdbus:090]: Missed ACK for dest 0x0f of preceding frame
[21:57:12.051][D][bshdbus:061]: Discarding 1 bytes of unparsed data after timeout of 21 ms: 0x0a
[21:57:12.057][D][main:661]: Received frame dest 0x1f cmd 0xe001: 0x0502
[21:57:14.049][D][main:661]: Received frame dest 0x0f cmd 0xe000: 0x05
[21:57:14.069][D][bshdbus:090]: Missed ACK for dest 0x0f of preceding frame
[21:57:14.076][D][bshdbus:061]: Discarding 1 bytes of unparsed data after timeout of 28 ms: 0x0a
[21:57:14.082][D][main:661]: Received frame dest 0x1f cmd 0xe001: 0x0502
[21:57:16.038][D][main:661]: Received frame dest 0x0f cmd 0xe000: 0x05
[21:57:16.045][D][bshdbus:090]: Missed ACK for dest 0x0f of preceding frame
[21:57:16.060][D][bshdbus:061]: Discarding 1 bytes of unparsed data after timeout of 25 ms: 0x0a
[21:57:16.083][D][main:661]: Received frame dest 0x1f cmd 0xe001: 0x0502
[21:57:18.070][D][main:661]: Received frame dest 0x0f cmd 0xe000: 0x05
[21:57:18.078][D][bshdbus:090]: Missed ACK for dest 0x0f of preceding frame
[21:57:18.087][D][bshdbus:061]: Discarding 10 bytes of unparsed data after timeout of 32 ms: 0x0a041fe00105020b6f1a
[21:57:19.129][S][sensor]: 'Uptime s' >> 1202 s
[21:57:19.404][S][sensor]: 'ESP Internal Temperature' >> 53.3 °C
[21:57:19.742][S][sensor]: 'WiFi RSSI' >> -77 dBm
[21:57:20.044][D][main:661]: Received frame dest 0x0f cmd 0xe000: 0x05
[21:57:20.052][D][bshdbus:090]: Missed ACK for dest 0x0f of preceding frame
[21:57:20.091][D][bshdbus:061]: Discarding 10 bytes of unparsed data after timeout of 32 ms: 0x0a041fe00105020b6f1a
[21:57:20.800][S][text_sensor]: 'Uptime' >> '00d 00h 20m 2s'
[21:57:22.047][D][main:661]: Received frame dest 0x0f cmd 0xe000: 0x05
[21:57:22.066][D][bshdbus:090]: Missed ACK for dest 0x0f of preceding frame
[21:57:22.095][D][bshdbus:061]: Discarding 10 bytes of unparsed data after timeout of 32 ms: 0x0a041fe00105020b6f1a
[21:57:24.082][D][main:661]: Received frame dest 0x0f cmd 0xe000: 0x05
[21:57:24.090][D][bshdbus:090]: Missed ACK for dest 0x0f of preceding frame
[21:57:24.095][D][bshdbus:061]: Discarding 1 bytes of unparsed data after timeout of 27 ms: 0x0a
[21:57:24.101][D][main:661]: Received frame dest 0x1f cmd 0xe001: 0x0502
[21:57:26.055][D][main:661]: Received frame dest 0x0f cmd 0xe000: 0x05
[21:57:26.071][D][bshdbus:090]: Missed ACK for dest 0x0f of preceding frame
[21:57:26.113][D][bshdbus:061]: Discarding 10 bytes of unparsed data after timeout of 32 ms: 0x0a041fe00105020b6f1a
[21:57:28.072][D][main:661]: Received frame dest 0x0f cmd 0xe000: 0x05
[21:57:28.089][D][bshdbus:090]: Missed ACK for dest 0x0f of preceding frame
[21:57:28.094][D][bshdbus:061]: Discarding 1 bytes of unparsed data after timeout of 21 ms: 0x0a
[21:57:28.100][D][main:661]: Received frame dest 0x1f cmd 0xe001: 0x0502
[21:57:30.062][D][main:661]: Received frame dest 0x0f cmd 0xe000: 0x05
[21:57:30.072][D][bshdbus:090]: Missed ACK for dest 0x0f of preceding frame
[21:57:30.117][D][bshdbus:061]: Discarding 10 bytes of unparsed data after timeout of 32 ms: 0x0a041fe00105020b6f1a
[21:57:32.064][D][main:661]: Received frame dest 0x0f cmd 0xe000: 0x05
[21:57:32.082][D][bshdbus:090]: Missed ACK for dest 0x0f of preceding frame
[21:57:32.117][D][bshdbus:061]: Discarding 10 bytes of unparsed data after timeout of 32 ms: 0x0a041fe00105020b6f1a
[21:57:34.069][D][main:661]: Received frame dest 0x0f cmd 0xe000: 0x05
[21:57:34.094][D][bshdbus:090]: Missed ACK for dest 0x0f of preceding frame
[21:57:34.123][D][bshdbus:061]: Discarding 10 bytes of unparsed data after timeout of 32 ms: 0x0a041fe00105020b6f1a
[21:57:36.073][D][main:661]: Received frame dest 0x0f cmd 0xe000: 0x05
[21:57:36.085][D][bshdbus:090]: Missed ACK for dest 0x0f of preceding frame
[21:57:36.106][D][bshdbus:061]: Discarding 1 bytes of unparsed data after timeout of 21 ms: 0x0a
[21:57:36.126][D][main:661]: Received frame dest 0x1f cmd 0xe001: 0x0502
[21:57:38.076][D][main:661]: Received frame dest 0x0f cmd 0xe000: 0x05
[21:57:38.100][D][bshdbus:090]: Missed ACK for dest 0x0f of preceding frame
[21:57:38.113][D][bshdbus:061]: Discarding 1 bytes of unparsed data after timeout of 23 ms: 0x0a
[21:57:38.137][D][main:661]: Received frame dest 0x1f cmd 0xe001: 0x0502
[21:57:40.084][D][main:661]: Received frame dest 0x0f cmd 0xe000: 0x05
[21:57:40.119][D][bshdbus:090]: Missed ACK for dest 0x0f of preceding frame
[21:57:40.133][D][bshdbus:061]: Discarding 1 bytes of unparsed data after timeout of 24 ms: 0x0a
[21:57:40.146][D][main:661]: Received frame dest 0x1f cmd 0xe001: 0x0502
[21:57:42.088][D][main:661]: Received frame dest 0x0f cmd 0xe000: 0x05
[21:57:42.095][D][bshdbus:090]: Missed ACK for dest 0x0f of preceding frame
[21:57:42.135][D][bshdbus:061]: Discarding 10 bytes of unparsed data after timeout of 32 ms: 0x0a041fe00105020b6f1a
[21:57:44.087][D][main:661]: Received frame dest 0x0f cmd 0xe000: 0x05
[21:57:44.100][D][bshdbus:090]: Missed ACK for dest 0x0f of preceding frame
[21:57:44.115][D][bshdbus:061]: Discarding 1 bytes of unparsed data after timeout of 29 ms: 0x0a
[21:57:44.129][D][main:661]: Received frame dest 0x1f cmd 0xe001: 0x0502
[21:57:46.092][D][main:661]: Received frame dest 0x0f cmd 0xe000: 0x05
[21:57:46.101][D][bshdbus:090]: Missed ACK for dest 0x0f of preceding frame
[21:57:46.117][D][bshdbus:061]: Discarding 1 bytes of unparsed data after timeout of 27 ms: 0x0a
[21:57:46.126][D][main:661]: Received frame dest 0x1f cmd 0xe001: 0x0502
[21:57:48.095][D][main:661]: Received frame dest 0x0f cmd 0xe000: 0x05
[21:57:48.118][D][bshdbus:090]: Missed ACK for dest 0x0f of preceding frame
[21:57:48.138][D][bshdbus:061]: Discarding 1 bytes of unparsed data after timeout of 29 ms: 0x0a
[21:57:48.151][D][main:661]: Received frame dest 0x1f cmd 0xe001: 0x0502
[21:57:50.098][D][main:661]: Received frame dest 0x0f cmd 0xe000: 0x05
[21:57:50.104][D][bshdbus:090]: Missed ACK for dest 0x0f of preceding frame
[21:57:50.150][D][bshdbus:061]: Discarding 10 bytes of unparsed data after timeout of 32 ms: 0x0a041fe00105020b6f1a
[21:57:52.101][D][main:661]: Received frame dest 0x0f cmd 0xe000: 0x05
[21:57:52.113][D][bshdbus:090]: Missed ACK for dest 0x0f of preceding frame
[21:57:52.150][D][bshdbus:061]: Discarding 10 bytes of unparsed data after timeout of 32 ms: 0x0a041fe00105020b6f1a
[21:57:54.105][D][main:661]: Received frame dest 0x0f cmd 0xe000: 0x05
[21:57:54.112][D][bshdbus:090]: Missed ACK for dest 0x0f of preceding frame
[21:57:54.159][D][bshdbus:061]: Discarding 10 bytes of unparsed data after timeout of 32 ms: 0x0a041fe00105020b6f1a
[21:57:56.128][D][main:661]: Received frame dest 0x0f cmd 0xe000: 0x05
[21:57:56.135][D][bshdbus:090]: Missed ACK for dest 0x0f of preceding frame
[21:57:56.160][D][bshdbus:061]: Discarding 10 bytes of unparsed data after timeout of 32 ms: 0x0a041fe00105020b6f1a
[21:57:58.112][D][main:661]: Received frame dest 0x0f cmd 0xe000: 0x05
[21:57:58.119][D][bshdbus:090]: Missed ACK for dest 0x0f of preceding frame
[21:57:58.140][D][bshdbus:061]: Discarding 1 bytes of unparsed data after timeout of 27 ms: 0x0a
[21:57:58.169][D][main:661]: Received frame dest 0x1f cmd 0xe001: 0x0502
[21:58:00.115][D][main:661]: Received frame dest 0x0f cmd 0xe000: 0x05
[21:58:00.123][D][bshdbus:090]: Missed ACK for dest 0x0f of preceding frame
[21:58:00.143][D][bshdbus:061]: Discarding 1 bytes of unparsed data after timeout of 28 ms: 0x0a
[21:58:00.149][D][main:661]: Received frame dest 0x1f cmd 0xe001: 0x0502
[21:58:02.119][D][main:661]: Received frame dest 0x0f cmd 0xe000: 0x05
[21:58:02.127][D][bshdbus:090]: Missed ACK for dest 0x0f of preceding frame
[21:58:02.140][D][bshdbus:061]: Discarding 1 bytes of unparsed data after timeout of 22 ms: 0x0a
[21:58:02.148][D][main:661]: Received frame dest 0x1f cmd 0xe001: 0x0502
[21:58:04.124][D][main:661]: Received frame dest 0x0f cmd 0xe000: 0x05
[21:58:04.133][D][bshdbus:090]: Missed ACK for dest 0x0f of preceding frame
[21:58:04.170][D][bshdbus:061]: Discarding 10 bytes of unparsed data after timeout of 32 ms: 0x0a041fe00105020b6f1a
[21:58:06.127][D][main:661]: Received frame dest 0x0f cmd 0xe000: 0x05
[21:58:06.135][D][bshdbus:090]: Missed ACK for dest 0x0f of preceding frame
[21:58:06.162][D][bshdbus:061]: Discarding 1 bytes of unparsed data after timeout of 24 ms: 0x0a
[21:58:06.168][D][main:661]: Received frame dest 0x1f cmd 0xe001: 0x0502
[21:58:08.131][D][main:661]: Received frame dest 0x0f cmd 0xe000: 0x05
[21:58:08.145][D][bshdbus:090]: Missed ACK for dest 0x0f of preceding frame
[21:58:08.179][D][bshdbus:061]: Discarding 10 bytes of unparsed data after timeout of 32 ms: 0x0a041fe00105020b6f1a
[21:58:10.149][D][main:661]: Received frame dest 0x0f cmd 0xe000: 0x05
[21:58:10.160][D][bshdbus:090]: Missed ACK for dest 0x0f of preceding frame
[21:58:10.186][D][bshdbus:061]: Discarding 10 bytes of unparsed data after timeout of 32 ms: 0x0a041fe00105020b6f1a
[21:58:12.138][D][main:661]: Received frame dest 0x0f cmd 0xe000: 0x05
[21:58:12.145][D][bshdbus:090]: Missed ACK for dest 0x0f of preceding frame
[21:58:12.165][D][bshdbus:061]: Discarding 1 bytes of unparsed data after timeout of 28 ms: 0x0a
[21:58:12.172][D][main:661]: Received frame dest 0x1f cmd 0xe001: 0x0502
[21:58:14.151][D][main:661]: Received frame dest 0x0f cmd 0xe000: 0x05
[21:58:14.168][D][bshdbus:090]: Missed ACK for dest 0x0f of preceding frame
[21:58:14.195][D][bshdbus:061]: Discarding 10 bytes of unparsed data after timeout of 32 ms: 0x0a041fe00105020b6f1a
[21:58:16.145][D][main:661]: Received frame dest 0x0f cmd 0xe000: 0x05
[21:58:16.152][D][bshdbus:090]: Missed ACK for dest 0x0f of preceding frame
[21:58:16.191][D][bshdbus:061]: Discarding 10 bytes of unparsed data after timeout of 32 ms: 0x0a041fe00105020b6f1a
[21:58:18.148][D][main:661]: Received frame dest 0x0f cmd 0xe000: 0x05
[21:58:18.155][D][bshdbus:090]: Missed ACK for dest 0x0f of preceding frame
[21:58:18.171][D][bshdbus:061]: Discarding 1 bytes of unparsed data after timeout of 24 ms: 0x0a
[21:58:18.177][D][main:661]: Received frame dest 0x1f cmd 0xe001: 0x0502
[21:58:19.138][S][sensor]: 'Uptime s' >> 1262 s
[21:58:19.394][S][sensor]: 'ESP Internal Temperature' >> 53.3 °C
[21:58:19.733][S][sensor]: 'WiFi RSSI' >> -78 dBm
[21:58:20.152][D][main:661]: Received frame dest 0x0f cmd 0xe000: 0x05
[21:58:20.159][D][bshdbus:090]: Missed ACK for dest 0x0f of preceding frame
[21:58:20.198][D][bshdbus:061]: Discarding 10 bytes of unparsed data after timeout of 32 ms: 0x0a041fe00105020b6f1a
[21:58:20.786][S][text_sensor]: 'Uptime' >> '00d 00h 21m 2s'
[21:58:22.156][D][main:661]: Received frame dest 0x0f cmd 0xe000: 0x05
[21:58:22.275][D][bshdbus:090]: Missed ACK for dest 0x0f of preceding frame
[21:58:22.281][D][bshdbus:061]: Discarding 1 bytes of unparsed data after timeout of 29 ms: 0x0a
[21:58:22.288][D][main:661]: Received frame dest 0x1f cmd 0xe001: 0x0502
[21:58:24.160][D][main:661]: Received frame dest 0x0f cmd 0xe000: 0x05
[21:58:24.182][D][bshdbus:090]: Missed ACK for dest 0x0f of preceding frame
[21:58:24.188][D][bshdbus:061]: Discarding 1 bytes of unparsed data after timeout of 21 ms: 0x0a
[21:58:24.194][D][main:661]: Received frame dest 0x1f cmd 0xe001: 0x0502
[21:58:26.163][D][main:661]: Received frame dest 0x0f cmd 0xe000: 0x05
[21:58:26.171][D][bshdbus:090]: Missed ACK for dest 0x0f of preceding frame
[21:58:26.188][D][bshdbus:061]: Discarding 1 bytes of unparsed data after timeout of 25 ms: 0x0a
[21:58:26.198][D][main:661]: Received frame dest 0x1f cmd 0xe001: 0x0502
[21:58:28.170][D][main:661]: Received frame dest 0x0f cmd 0xe000: 0x05
[21:58:28.182][D][bshdbus:090]: Missed ACK for dest 0x0f of preceding frame
[21:58:28.218][D][bshdbus:061]: Discarding 10 bytes of unparsed data after timeout of 32 ms: 0x0a041fe00105020b6f1a
[21:58:30.170][D][main:661]: Received frame dest 0x0f cmd 0xe000: 0x05
[21:58:30.178][D][bshdbus:090]: Missed ACK for dest 0x0f of preceding frame
[21:58:30.243][D][bshdbus:061]: Discarding 10 bytes of unparsed data after timeout of 32 ms: 0x0a041fe00105020b6f1a
[21:58:32.177][D][main:661]: Received frame dest 0x0f cmd 0xe000: 0x05
[21:58:32.188][D][bshdbus:090]: Missed ACK for dest 0x0f of preceding frame
[21:58:32.241][D][bshdbus:061]: Discarding 10 bytes of unparsed data after timeout of 32 ms: 0x0a041fe00105020b6f1a
[21:58:34.177][D][main:661]: Received frame dest 0x0f cmd 0xe000: 0x05
[21:58:34.185][D][bshdbus:090]: Missed ACK for dest 0x0f of preceding frame
[21:58:34.234][D][bshdbus:061]: Discarding 1 bytes of unparsed data after timeout of 29 ms: 0x0a
[21:58:34.251][D][main:661]: Received frame dest 0x1f cmd 0xe001: 0x0502
[21:58:36.181][D][main:661]: Received frame dest 0x0f cmd 0xe000: 0x05
[21:58:36.191][D][bshdbus:090]: Missed ACK for dest 0x0f of preceding frame
[21:58:36.229][D][bshdbus:061]: Discarding 10 bytes of unparsed data after timeout of 32 ms: 0x0a041fe00105020b6f1a
[21:58:38.186][D][main:661]: Received frame dest 0x0f cmd 0xe000: 0x05
[21:58:38.199][D][bshdbus:090]: Missed ACK for dest 0x0f of preceding frame
[21:58:38.234][D][bshdbus:061]: Discarding 10 bytes of unparsed data after timeout of 33 ms: 0x0a041fe00105020b6f1a
[21:58:40.188][D][main:661]: Received frame dest 0x0f cmd 0xe000: 0x05
[21:58:40.201][D][bshdbus:090]: Missed ACK for dest 0x0f of preceding frame
[21:58:40.215][D][bshdbus:061]: Discarding 1 bytes of unparsed data after timeout of 21 ms: 0x0a
[21:58:40.235][D][main:661]: Received frame dest 0x1f cmd 0xe001: 0x0502
[21:58:42.201][D][main:661]: Received frame dest 0x0f cmd 0xe000: 0x05
[21:58:42.210][D][bshdbus:090]: Missed ACK for dest 0x0f of preceding frame
[21:58:42.241][D][bshdbus:061]: Discarding 10 bytes of unparsed data after timeout of 32 ms: 0x0a041fe00105020b6f1a
[21:58:44.195][D][main:661]: Received frame dest 0x0f cmd 0xe000: 0x05
[21:58:44.204][D][bshdbus:090]: Missed ACK for dest 0x0f of preceding frame
[21:58:44.262][D][bshdbus:061]: Discarding 10 bytes of unparsed data after timeout of 32 ms: 0x0a041fe00105020b6f1a
[21:58:46.199][D][main:661]: Received frame dest 0x0f cmd 0xe000: 0x05
[21:58:46.206][D][bshdbus:090]: Missed ACK for dest 0x0f of preceding frame
[21:58:46.253][D][bshdbus:061]: Discarding 10 bytes of unparsed data after timeout of 32 ms: 0x0a041fe00105020b6f1a
[21:58:48.203][D][main:661]: Received frame dest 0x0f cmd 0xe000: 0x05
[21:58:48.210][D][bshdbus:090]: Missed ACK for dest 0x0f of preceding frame
[21:58:48.249][D][bshdbus:061]: Discarding 10 bytes of unparsed data after timeout of 32 ms: 0x0a041fe00105020b6f1a
[21:58:50.206][D][main:661]: Received frame dest 0x0f cmd 0xe000: 0x05
[21:58:50.220][D][bshdbus:090]: Missed ACK for dest 0x0f of preceding frame
[21:58:50.258][D][bshdbus:061]: Discarding 10 bytes of unparsed data after timeout of 32 ms: 0x0a041fe00105020b6f1a
[21:58:52.210][D][main:661]: Received frame dest 0x0f cmd 0xe000: 0x05
[21:58:52.224][D][bshdbus:090]: Missed ACK for dest 0x0f of preceding frame
[21:58:52.239][D][bshdbus:061]: Discarding 1 bytes of unparsed data after timeout of 25 ms: 0x0a
[21:58:52.248][D][main:661]: Received frame dest 0x1f cmd 0xe001: 0x0502
[21:58:54.213][D][main:661]: Received frame dest 0x0f cmd 0xe000: 0x05
[21:58:54.224][D][bshdbus:090]: Missed ACK for dest 0x0f of preceding frame
[21:58:54.241][D][bshdbus:061]: Discarding 1 bytes of unparsed data after timeout of 29 ms: 0x0a
[21:58:54.248][D][main:661]: Received frame dest 0x1f cmd 0xe001: 0x0502
[21:58:56.247][D][main:661]: Received frame dest 0x0f cmd 0xe000: 0x05
[21:58:56.254][D][bshdbus:090]: Missed ACK for dest 0x0f of preceding frame
[21:58:56.261][D][bshdbus:061]: Discarding 1 bytes of unparsed data after timeout of 23 ms: 0x0a
[21:58:56.266][D][main:661]: Received frame dest 0x1f cmd 0xe001: 0x0502
[21:58:58.221][D][main:661]: Received frame dest 0x0f cmd 0xe000: 0x05
[21:58:58.228][D][bshdbus:090]: Missed ACK for dest 0x0f of preceding frame
[21:58:58.249][D][bshdbus:061]: Discarding 1 bytes of unparsed data after timeout of 29 ms: 0x0a
[21:58:58.256][D][main:661]: Received frame dest 0x1f cmd 0xe001: 0x0502
[21:59:00.243][D][main:661]: Received frame dest 0x0f cmd 0xe000: 0x05
[21:59:00.264][D][bshdbus:090]: Missed ACK for dest 0x0f of preceding frame
[21:59:00.272][D][bshdbus:061]: Discarding 10 bytes of unparsed data after timeout of 32 ms: 0x0a041fe00105020b6f1a
[21:59:02.229][D][main:661]: Received frame dest 0x0f cmd 0xe000: 0x05
[21:59:02.237][D][bshdbus:090]: Missed ACK for dest 0x0f of preceding frame
[21:59:02.252][D][bshdbus:061]: Discarding 1 bytes of unparsed data after timeout of 25 ms: 0x0a
[21:59:02.276][D][main:661]: Received frame dest 0x1f cmd 0xe001: 0x0502
[21:59:04.235][D][main:661]: Received frame dest 0x0f cmd 0xe000: 0x05
[21:59:04.265][D][bshdbus:090]: Missed ACK for dest 0x0f of preceding frame
[21:59:04.273][D][bshdbus:061]: Discarding 1 bytes of unparsed data after timeout of 27 ms: 0x0a
[21:59:04.285][D][main:661]: Received frame dest 0x1f cmd 0xe001: 0x0502
[21:59:06.237][D][main:661]: Received frame dest 0x0f cmd 0xe000: 0x05
[21:59:06.268][D][bshdbus:090]: Missed ACK for dest 0x0f of preceding frame
[21:59:06.274][D][bshdbus:061]: Discarding 1 bytes of unparsed data after timeout of 22 ms: 0x0a
[21:59:06.280][D][main:661]: Received frame dest 0x1f cmd 0xe001: 0x0502
[21:59:08.242][D][main:661]: Received frame dest 0x0f cmd 0xe000: 0x05
[21:59:08.257][D][bshdbus:090]: Missed ACK for dest 0x0f of preceding frame
[21:59:08.264][D][bshdbus:061]: Discarding 1 bytes of unparsed data after timeout of 23 ms: 0x0a
[21:59:08.272][D][main:661]: Received frame dest 0x1f cmd 0xe001: 0x0502
[21:59:10.246][D][main:661]: Received frame dest 0x0f cmd 0xe000: 0x05
[21:59:10.276][D][bshdbus:090]: Missed ACK for dest 0x0f of preceding frame
[21:59:10.287][D][bshdbus:061]: Discarding 1 bytes of unparsed data after timeout of 24 ms: 0x0a
[21:59:10.298][D][main:661]: Received frame dest 0x1f cmd 0xe001: 0x0502
[21:59:12.246][D][main:661]: Received frame dest 0x0f cmd 0xe000: 0x05
[21:59:12.263][D][bshdbus:090]: Missed ACK for dest 0x0f of preceding frame
[21:59:12.307][D][bshdbus:061]: Discarding 10 bytes of unparsed data after timeout of 32 ms: 0x0a041fe00105020b6f1a
[21:59:14.250][D][main:661]: Received frame dest 0x0f cmd 0xe000: 0x05
[21:59:14.270][D][bshdbus:090]: Missed ACK for dest 0x0f of preceding frame
[21:59:14.279][D][bshdbus:061]: Discarding 1 bytes of unparsed data after timeout of 28 ms: 0x0a
[21:59:14.285][D][main:661]: Received frame dest 0x1f cmd 0xe001: 0x0502
[21:59:16.255][D][main:661]: Received frame dest 0x0f cmd 0xe000: 0x05
[21:59:16.266][D][bshdbus:090]: Missed ACK for dest 0x0f of preceding frame
[21:59:16.287][D][bshdbus:061]: Discarding 1 bytes of unparsed data after timeout of 22 ms: 0x0a
[21:59:16.297][D][main:661]: Received frame dest 0x1f cmd 0xe001: 0x0502
[21:59:18.257][D][main:661]: Received frame dest 0x0f cmd 0xe000: 0x05
[21:59:18.266][D][bshdbus:090]: Missed ACK for dest 0x0f of preceding frame
[21:59:18.311][D][bshdbus:061]: Discarding 10 bytes of unparsed data after timeout of 32 ms: 0x0a041fe00105020b6f1a
[21:59:19.147][S][sensor]: 'Uptime s' >> 1322 s
[21:59:19.403][S][sensor]: 'ESP Internal Temperature' >> 53.3 °C
[21:59:19.741][S][sensor]: 'WiFi RSSI' >> -77 dBm
[21:59:20.261][D][main:661]: Received frame dest 0x0f cmd 0xe000: 0x05
[21:59:20.268][D][bshdbus:090]: Missed ACK for dest 0x0f of preceding frame
[21:59:20.305][D][bshdbus:061]: Discarding 1 bytes of unparsed data after timeout of 29 ms: 0x0a
[21:59:20.315][D][main:661]: Received frame dest 0x1f cmd 0xe001: 0x0502
[21:59:20.775][S][text_sensor]: 'Uptime' >> '00d 00h 22m 2s'
[21:59:22.266][D][main:661]: Received frame dest 0x0f cmd 0xe000: 0x05
[21:59:22.273][D][bshdbus:090]: Missed ACK for dest 0x0f of preceding frame
[21:59:22.293][D][bshdbus:061]: Discarding 1 bytes of unparsed data after timeout of 28 ms: 0x0a
[21:59:22.302][D][main:661]: Received frame dest 0x1f cmd 0xe001: 0x0502
[21:59:24.268][D][main:661]: Received frame dest 0x0f cmd 0xe000: 0x05
[21:59:24.287][D][bshdbus:090]: Missed ACK for dest 0x0f of preceding frame
[21:59:24.293][D][bshdbus:061]: Discarding 1 bytes of unparsed data after timeout of 21 ms: 0x0a
[21:59:24.302][D][main:661]: Received frame dest 0x1f cmd 0xe001: 0x0502
[21:59:26.305][D][main:661]: Received frame dest 0x0f cmd 0xe000: 0x05
[21:59:26.313][D][bshdbus:090]: Missed ACK for dest 0x0f of preceding frame
[21:59:26.327][D][bshdbus:061]: Discarding 1 bytes of unparsed data after timeout of 24 ms: 0x0a
[21:59:26.336][D][main:661]: Received frame dest 0x1f cmd 0xe001: 0x0502
[21:59:28.280][D][main:661]: Received frame dest 0x0f cmd 0xe000: 0x05
[21:59:28.305][D][bshdbus:090]: Missed ACK for dest 0x0f of preceding frame
[21:59:28.327][D][bshdbus:061]: Discarding 10 bytes of unparsed data after timeout of 32 ms: 0x0a041fe00105020b6f1a
[21:59:30.280][D][main:661]: Received frame dest 0x0f cmd 0xe000: 0x05
[21:59:30.293][D][bshdbus:090]: Missed ACK for dest 0x0f of preceding frame
[21:59:30.303][D][bshdbus:061]: Discarding 1 bytes of unparsed data after timeout of 25 ms: 0x0a
[21:59:30.312][D][main:661]: Received frame dest 0x1f cmd 0xe001: 0x0502
[21:59:32.283][D][main:661]: Received frame dest 0x0f cmd 0xe000: 0x05
[21:59:32.291][D][bshdbus:090]: Missed ACK for dest 0x0f of preceding frame
[21:59:32.337][D][bshdbus:061]: Discarding 10 bytes of unparsed data after timeout of 32 ms: 0x0a041fe00105020b6f1a
[21:59:34.286][D][main:661]: Received frame dest 0x0f cmd 0xe000: 0x05
[21:59:34.297][D][bshdbus:090]: Missed ACK for dest 0x0f of preceding frame
[21:59:34.321][D][bshdbus:061]: Discarding 1 bytes of unparsed data after timeout of 24 ms: 0x0a
[21:59:34.336][D][main:661]: Received frame dest 0x1f cmd 0xe001: 0x0502
[21:59:36.290][D][main:661]: Received frame dest 0x0f cmd 0xe000: 0x05
[21:59:36.299][D][bshdbus:090]: Missed ACK for dest 0x0f of preceding frame
[21:59:36.310][D][bshdbus:061]: Discarding 1 bytes of unparsed data after timeout of 22 ms: 0x0a
[21:59:36.327][D][main:661]: Received frame dest 0x1f cmd 0xe001: 0x0502
[21:59:38.294][D][main:661]: Received frame dest 0x0f cmd 0xe000: 0x05
[21:59:38.308][D][bshdbus:090]: Missed ACK for dest 0x0f of preceding frame
[21:59:38.390][D][bshdbus:061]: Discarding 10 bytes of unparsed data after timeout of 32 ms: 0x0a041fe00105020b6f1a
[21:59:40.297][D][main:661]: Received frame dest 0x0f cmd 0xe000: 0x05
[21:59:40.305][D][bshdbus:090]: Missed ACK for dest 0x0f of preceding frame
[21:59:40.322][D][bshdbus:061]: Discarding 1 bytes of unparsed data after timeout of 26 ms: 0x0a
[21:59:40.327][D][main:661]: Received frame dest 0x1f cmd 0xe001: 0x0502
[21:59:42.311][D][main:661]: Received frame dest 0x0f cmd 0xe000: 0x05
[21:59:42.326][D][bshdbus:090]: Missed ACK for dest 0x0f of preceding frame
[21:59:42.338][D][bshdbus:061]: Discarding 1 bytes of unparsed data after timeout of 21 ms: 0x0a
[21:59:42.345][D][main:661]: Received frame dest 0x1f cmd 0xe001: 0x0502
[21:59:44.304][D][main:661]: Received frame dest 0x0f cmd 0xe000: 0x05
[21:59:44.319][D][bshdbus:090]: Missed ACK for dest 0x0f of preceding frame
[21:59:44.367][D][bshdbus:061]: Discarding 10 bytes of unparsed data after timeout of 32 ms: 0x0a041fe00105020b6f1a
[21:59:46.309][D][main:661]: Received frame dest 0x0f cmd 0xe000: 0x05
[21:59:46.317][D][bshdbus:090]: Missed ACK for dest 0x0f of preceding frame
[21:59:46.396][D][bshdbus:061]: Discarding 10 bytes of unparsed data after timeout of 32 ms: 0x0a041fe00105020b6f1a
[21:59:48.313][D][main:661]: Received frame dest 0x0f cmd 0xe000: 0x05
[21:59:48.322][D][bshdbus:090]: Missed ACK for dest 0x0f of preceding frame
[21:59:48.351][D][bshdbus:061]: Discarding 1 bytes of unparsed data after timeout of 27 ms: 0x0a
[21:59:48.361][D][main:661]: Received frame dest 0x1f cmd 0xe001: 0x0502
[21:59:50.346][D][main:661]: Received frame dest 0x0f cmd 0xe000: 0x05
[21:59:50.358][D][bshdbus:090]: Missed ACK for dest 0x0f of preceding frame
[21:59:50.371][D][bshdbus:061]: Discarding 10 bytes of unparsed data after timeout of 32 ms: 0x0a041fe00105020b6f1a
[21:59:52.321][D][main:661]: Received frame dest 0x0f cmd 0xe000: 0x05
[21:59:52.334][D][bshdbus:090]: Missed ACK for dest 0x0f of preceding frame
[21:59:52.346][D][bshdbus:061]: Discarding 1 bytes of unparsed data after timeout of 28 ms: 0x0a
[21:59:52.355][D][main:661]: Received frame dest 0x1f cmd 0xe001: 0x0502
[21:59:54.324][D][main:661]: Received frame dest 0x0f cmd 0xe000: 0x05
[21:59:54.336][D][bshdbus:090]: Missed ACK for dest 0x0f of preceding frame
[21:59:54.346][D][bshdbus:061]: Discarding 1 bytes of unparsed data after timeout of 24 ms: 0x0a
[21:59:54.353][D][main:661]: Received frame dest 0x1f cmd 0xe001: 0x0502
[21:59:56.339][D][main:661]: Received frame dest 0x0f cmd 0xe000: 0x05
[21:59:56.347][D][bshdbus:090]: Missed ACK for dest 0x0f of preceding frame
[21:59:56.376][D][bshdbus:061]: Discarding 10 bytes of unparsed data after timeout of 32 ms: 0x0a041fe00105020b6f1a
[21:59:58.338][D][main:661]: Received frame dest 0x0f cmd 0xe000: 0x05
[21:59:58.365][D][bshdbus:090]: Missed ACK for dest 0x0f of preceding frame
[21:59:58.441][D][bshdbus:061]: Discarding 10 bytes of unparsed data after timeout of 32 ms: 0x0a041fe00105020b6f1a
[22:00:00.338][D][main:661]: Received frame dest 0x0f cmd 0xe000: 0x05
[22:00:00.350][D][bshdbus:090]: Missed ACK for dest 0x0f of preceding frame
[22:00:00.383][D][bshdbus:061]: Discarding 10 bytes of unparsed data after timeout of 32 ms: 0x0a041fe00105020b6f1a
[22:00:02.337][D][main:661]: Received frame dest 0x0f cmd 0xe000: 0x05
[22:00:02.350][D][bshdbus:090]: Missed ACK for dest 0x0f of preceding frame
[22:00:02.389][D][bshdbus:061]: Discarding 10 bytes of unparsed data after timeout of 32 ms: 0x0a041fe00105020b6f1a
[22:00:04.341][D][main:661]: Received frame dest 0x0f cmd 0xe000: 0x05
[22:00:04.353][D][bshdbus:090]: Missed ACK for dest 0x0f of preceding frame
[22:00:04.398][D][bshdbus:061]: Discarding 10 bytes of unparsed data after timeout of 32 ms: 0x0a041fe00105020b6f1a
[22:00:06.387][D][main:661]: Received frame dest 0x0f cmd 0xe000: 0x05
[22:00:06.408][D][bshdbus:090]: Missed ACK for dest 0x0f of preceding frame
[22:00:06.417][D][bshdbus:061]: Discarding 1 bytes of unparsed data after timeout of 23 ms: 0x0a
[22:00:06.422][D][main:661]: Received frame dest 0x1f cmd 0xe001: 0x0502
[22:00:08.403][D][main:661]: Received frame dest 0x0f cmd 0xe000: 0x05
[22:00:08.524][D][bshdbus:090]: Missed ACK for dest 0x0f of preceding frame
[22:00:08.537][D][bshdbus:061]: Discarding 1 bytes of unparsed data after timeout of 23 ms: 0x0a
[22:00:08.549][D][main:661]: Received frame dest 0x1f cmd 0xe001: 0x0502
[22:00:10.351][D][main:661]: Received frame dest 0x0f cmd 0xe000: 0x05
[22:00:10.396][D][bshdbus:090]: Missed ACK for dest 0x0f of preceding frame
[22:00:10.403][D][bshdbus:061]: Discarding 1 bytes of unparsed data after timeout of 21 ms: 0x0a
[22:00:10.411][D][main:661]: Received frame dest 0x1f cmd 0xe001: 0x0502
[22:00:12.357][D][main:661]: Received frame dest 0x0f cmd 0xe000: 0x05
[22:00:12.377][D][bshdbus:090]: Missed ACK for dest 0x0f of preceding frame
[22:00:12.384][D][bshdbus:061]: Discarding 1 bytes of unparsed data after timeout of 27 ms: 0x0a
[22:00:12.393][D][main:661]: Received frame dest 0x1f cmd 0xe001: 0x0502
[22:00:14.376][D][main:661]: Received frame dest 0x0f cmd 0xe000: 0x05
[22:00:14.386][D][bshdbus:090]: Missed ACK for dest 0x0f of preceding frame
[22:00:14.395][D][bshdbus:061]: Discarding 1 bytes of unparsed data after timeout of 30 ms: 0x0a
[22:00:14.408][D][main:661]: Received frame dest 0x1f cmd 0xe001: 0x0502
[22:00:16.364][D][main:661]: Received frame dest 0x0f cmd 0xe000: 0x05
[22:00:16.428][D][bshdbus:090]: Missed ACK for dest 0x0f of preceding frame
[22:00:16.434][D][bshdbus:061]: Discarding 1 bytes of unparsed data after timeout of 28 ms: 0x0a
[22:00:16.446][D][main:661]: Received frame dest 0x1f cmd 0xe001: 0x0502
[22:00:18.367][D][main:661]: Received frame dest 0x0f cmd 0xe000: 0x05
[22:00:18.398][D][bshdbus:090]: Missed ACK for dest 0x0f of preceding frame
[22:00:18.423][D][bshdbus:061]: Discarding 1 bytes of unparsed data after timeout of 28 ms: 0x0a
[22:00:18.449][D][main:661]: Received frame dest 0x1f cmd 0xe001: 0x0502
[22:00:19.120][S][sensor]: 'Uptime s' >> 1382 s
[22:00:19.409][S][sensor]: 'ESP Internal Temperature' >> 53.3 °C
[22:00:19.749][S][sensor]: 'WiFi RSSI' >> -77 dBm
[22:00:20.394][D][main:661]: Received frame dest 0x0f cmd 0xe000: 0x05
[22:00:20.421][D][bshdbus:090]: Missed ACK for dest 0x0f of preceding frame
[22:00:20.440][D][bshdbus:061]: Discarding 10 bytes of unparsed data after timeout of 32 ms: 0x0a041fe00105020b6f1a
[22:00:20.776][S][text_sensor]: 'Uptime' >> '00d 00h 23m 2s'
[22:00:22.414][D][main:661]: Received frame dest 0x0f cmd 0xe000: 0x05
[22:00:22.425][D][bshdbus:090]: Missed ACK for dest 0x0f of preceding frame
[22:00:22.432][D][bshdbus:061]: Discarding 1 bytes of unparsed data after timeout of 26 ms: 0x0a
[22:00:22.442][D][main:661]: Received frame dest 0x1f cmd 0xe001: 0x0502
[22:00:24.379][D][main:661]: Received frame dest 0x0f cmd 0xe000: 0x05
[22:00:24.408][D][bshdbus:090]: Missed ACK for dest 0x0f of preceding frame
[22:00:24.422][D][bshdbus:061]: Discarding 1 bytes of unparsed data after timeout of 27 ms: 0x0a
[22:00:24.433][D][main:661]: Received frame dest 0x1f cmd 0xe001: 0x0502
[22:00:26.381][D][main:661]: Received frame dest 0x0f cmd 0xe000: 0x05
[22:00:26.406][D][bshdbus:090]: Missed ACK for dest 0x0f of preceding frame
[22:00:26.416][D][bshdbus:061]: Discarding 1 bytes of unparsed data after timeout of 25 ms: 0x0a
[22:00:26.426][D][main:661]: Received frame dest 0x1f cmd 0xe001: 0x0502
[22:00:28.393][D][main:661]: Received frame dest 0x0f cmd 0xe000: 0x05
[22:00:28.412][D][bshdbus:090]: Missed ACK for dest 0x0f of preceding frame
[22:00:28.438][D][bshdbus:061]: Discarding 10 bytes of unparsed data after timeout of 32 ms: 0x0a041fe00105020b6f1a
[22:00:30.395][D][main:661]: Received frame dest 0x0f cmd 0xe000: 0x05
[22:00:30.418][D][bshdbus:090]: Missed ACK for dest 0x0f of preceding frame
[22:00:30.441][D][bshdbus:061]: Discarding 1 bytes of unparsed data after timeout of 21 ms: 0x0a
[22:00:30.454][D][main:661]: Received frame dest 0x1f cmd 0xe001: 0x0502
[22:00:32.395][D][main:661]: Received frame dest 0x0f cmd 0xe000: 0x05
[22:00:32.426][D][bshdbus:090]: Missed ACK for dest 0x0f of preceding frame
[22:00:32.451][D][bshdbus:061]: Discarding 1 bytes of unparsed data after timeout of 25 ms: 0x0a
[22:00:32.466][D][main:661]: Received frame dest 0x1f cmd 0xe001: 0x0502
[22:00:34.396][D][main:661]: Received frame dest 0x0f cmd 0xe000: 0x05
[22:00:34.404][D][bshdbus:090]: Missed ACK for dest 0x0f of preceding frame
[22:00:34.420][D][bshdbus:061]: Discarding 1 bytes of unparsed data after timeout of 22 ms: 0x0a
[22:00:34.442][D][main:661]: Received frame dest 0x1f cmd 0xe001: 0x0502
[22:00:36.416][D][main:661]: Received frame dest 0x0f cmd 0xe000: 0x05
[22:00:36.463][D][bshdbus:090]: Missed ACK for dest 0x0f of preceding frame
[22:00:36.472][D][bshdbus:061]: Discarding 10 bytes of unparsed data after timeout of 32 ms: 0x0a041fe00105020b6f1a
[22:00:38.404][D][main:661]: Received frame dest 0x0f cmd 0xe000: 0x05
[22:00:38.417][D][bshdbus:090]: Missed ACK for dest 0x0f of preceding frame
[22:00:38.440][D][bshdbus:061]: Discarding 1 bytes of unparsed data after timeout of 22 ms: 0x0a
[22:00:38.447][D][main:661]: Received frame dest 0x1f cmd 0xe001: 0x0502
[22:00:40.407][D][main:661]: Received frame dest 0x0f cmd 0xe000: 0x05
[22:00:40.416][D][bshdbus:090]: Missed ACK for dest 0x0f of preceding frame
[22:00:40.428][D][bshdbus:061]: Discarding 1 bytes of unparsed data after timeout of 22 ms: 0x0a
[22:00:40.437][D][main:661]: Received frame dest 0x1f cmd 0xe001: 0x0502
[22:00:42.426][D][main:661]: Received frame dest 0x0f cmd 0xe000: 0x05
[22:00:42.442][D][bshdbus:090]: Missed ACK for dest 0x0f of preceding frame
[22:00:42.457][D][bshdbus:061]: Discarding 10 bytes of unparsed data after timeout of 32 ms: 0x0a041fe00105020b6f1a
[22:00:44.414][D][main:661]: Received frame dest 0x0f cmd 0xe000: 0x05
[22:00:44.421][D][bshdbus:090]: Missed ACK for dest 0x0f of preceding frame
[22:00:44.469][D][bshdbus:061]: Discarding 10 bytes of unparsed data after timeout of 33 ms: 0x0a041fe00105020b6f1a
[22:00:46.419][D][main:661]: Received frame dest 0x0f cmd 0xe000: 0x05
[22:00:46.440][D][bshdbus:090]: Missed ACK for dest 0x0f of preceding frame
[22:00:46.453][D][bshdbus:061]: Discarding 1 bytes of unparsed data after timeout of 22 ms: 0x0a
[22:00:46.467][D][main:661]: Received frame dest 0x1f cmd 0xe001: 0x0502
[22:00:48.424][D][main:661]: Received frame dest 0x0f cmd 0xe000: 0x05
[22:00:48.442][D][bshdbus:090]: Missed ACK for dest 0x0f of preceding frame
[22:00:48.461][D][bshdbus:061]: Discarding 1 bytes of unparsed data after timeout of 29 ms: 0x0a
[22:00:48.526][D][main:661]: Received frame dest 0x1f cmd 0xe001: 0x0502
[22:00:50.425][D][main:661]: Received frame dest 0x0f cmd 0xe000: 0x05
[22:00:50.442][D][bshdbus:090]: Missed ACK for dest 0x0f of preceding frame
[22:00:50.452][D][bshdbus:061]: Discarding 1 bytes of unparsed data after timeout of 27 ms: 0x0a
[22:00:50.458][D][main:661]: Received frame dest 0x1f cmd 0xe001: 0x0502
[22:00:52.428][D][main:661]: Received frame dest 0x0f cmd 0xe000: 0x05
[22:00:52.462][D][bshdbus:090]: Missed ACK for dest 0x0f of preceding frame
[22:00:52.481][D][bshdbus:061]: Discarding 10 bytes of unparsed data after timeout of 32 ms: 0x0a041fe00105020b6f1a
[22:00:54.434][D][main:661]: Received frame dest 0x0f cmd 0xe000: 0x05
[22:00:54.444][D][bshdbus:090]: Missed ACK for dest 0x0f of preceding frame
[22:00:54.454][D][bshdbus:061]: Discarding 1 bytes of unparsed data after timeout of 22 ms: 0x0a
[22:00:54.461][D][main:661]: Received frame dest 0x1f cmd 0xe001: 0x0502
[22:00:56.456][D][main:661]: Received frame dest 0x0f cmd 0xe000: 0x05
[22:00:56.465][D][bshdbus:090]: Missed ACK for dest 0x0f of preceding frame
[22:00:56.485][D][bshdbus:061]: Discarding 10 bytes of unparsed data after timeout of 32 ms: 0x0a041fe00105020b6f1a
[22:00:58.440][D][main:661]: Received frame dest 0x0f cmd 0xe000: 0x05
[22:00:58.447][D][bshdbus:090]: Missed ACK for dest 0x0f of preceding frame
[22:00:58.462][D][bshdbus:061]: Discarding 1 bytes of unparsed data after timeout of 24 ms: 0x0a
[22:00:58.472][D][main:661]: Received frame dest 0x1f cmd 0xe001: 0x0502
[22:01:00.445][D][main:661]: Received frame dest 0x0f cmd 0xe000: 0x05
[22:01:00.453][D][bshdbus:090]: Missed ACK for dest 0x0f of preceding frame
[22:01:00.493][D][bshdbus:061]: Discarding 10 bytes of unparsed data after timeout of 32 ms: 0x0a041fe00105020b6f1a
[22:01:02.448][D][main:661]: Received frame dest 0x0f cmd 0xe000: 0x05
[22:01:02.457][D][bshdbus:090]: Missed ACK for dest 0x0f of preceding frame
[22:01:02.467][D][bshdbus:061]: Discarding 1 bytes of unparsed data after timeout of 21 ms: 0x0a
[22:01:02.473][D][main:661]: Received frame dest 0x1f cmd 0xe001: 0x0502
[22:01:04.456][D][main:661]: Received frame dest 0x0f cmd 0xe000: 0x05
[22:01:04.475][D][bshdbus:090]: Missed ACK for dest 0x0f of preceding frame
[22:01:04.507][D][bshdbus:061]: Discarding 10 bytes of unparsed data after timeout of 32 ms: 0x0a041fe00105020b6f1a
[22:01:06.457][D][main:661]: Received frame dest 0x0f cmd 0xe000: 0x05
[22:01:06.511][D][bshdbus:090]: Missed ACK for dest 0x0f of preceding frame
[22:01:06.518][D][bshdbus:061]: Discarding 1 bytes of unparsed data after timeout of 26 ms: 0x0a
[22:01:06.524][D][main:661]: Received frame dest 0x1f cmd 0xe001: 0x0502
[22:01:08.457][D][main:661]: Received frame dest 0x0f cmd 0xe000: 0x05
[22:01:08.464][D][bshdbus:090]: Missed ACK for dest 0x0f of preceding frame
[22:01:08.481][D][bshdbus:061]: Discarding 1 bytes of unparsed data after timeout of 25 ms: 0x0a
[22:01:08.487][D][main:661]: Received frame dest 0x1f cmd 0xe001: 0x0502
[22:01:10.478][D][main:661]: Received frame dest 0x0f cmd 0xe000: 0x05
[22:01:10.491][D][bshdbus:090]: Missed ACK for dest 0x0f of preceding frame
[22:01:10.536][D][bshdbus:061]: Discarding 10 bytes of unparsed data after timeout of 33 ms: 0x0a041fe00105020b6f1a
[22:01:12.467][D][main:661]: Received frame dest 0x0f cmd 0xe000: 0x05
[22:01:12.478][D][bshdbus:090]: Missed ACK for dest 0x0f of preceding frame
[22:01:12.525][D][bshdbus:061]: Discarding 10 bytes of unparsed data after timeout of 32 ms: 0x0a041fe00105020b6f1a
[22:01:14.492][D][main:661]: Received frame dest 0x0f cmd 0xe000: 0x05
[22:01:14.501][D][bshdbus:090]: Missed ACK for dest 0x0f of preceding frame
[22:01:14.522][D][bshdbus:061]: Discarding 10 bytes of unparsed data after timeout of 32 ms: 0x0a041fe00105020b6f1a
[22:01:16.516][D][main:661]: Received frame dest 0x0f cmd 0xe000: 0x05
[22:01:16.526][D][bshdbus:090]: Missed ACK for dest 0x0f of preceding frame
[22:01:16.535][D][bshdbus:061]: Discarding 10 bytes of unparsed data after timeout of 32 ms: 0x0a041fe00105020b6f1a
[22:01:18.494][D][main:661]: Received frame dest 0x0f cmd 0xe000: 0x05
[22:01:18.510][D][bshdbus:090]: Missed ACK for dest 0x0f of preceding frame
[22:01:18.525][D][bshdbus:061]: Discarding 10 bytes of unparsed data after timeout of 32 ms: 0x0a041fe00105020b6f1a
[22:01:19.120][S][sensor]: 'Uptime s' >> 1442 s
[22:01:19.408][S][sensor]: 'ESP Internal Temperature' >> 53.3 °C
[22:01:19.746][S][sensor]: 'WiFi RSSI' >> -77 dBm
[22:01:20.479][D][main:661]: Received frame dest 0x0f cmd 0xe000: 0x05
[22:01:20.488][D][bshdbus:090]: Missed ACK for dest 0x0f of preceding frame
[22:01:20.512][D][bshdbus:061]: Discarding 1 bytes of unparsed data after timeout of 28 ms: 0x0a
[22:01:20.519][D][main:661]: Received frame dest 0x1f cmd 0xe001: 0x0502
[22:01:20.784][S][text_sensor]: 'Uptime' >> '00d 00h 24m 2s'
[22:01:22.483][D][main:661]: Received frame dest 0x0f cmd 0xe000: 0x05
[22:01:22.490][D][bshdbus:090]: Missed ACK for dest 0x0f of preceding frame
[22:01:22.534][D][bshdbus:061]: Discarding 10 bytes of unparsed data after timeout of 32 ms: 0x0a041fe00105020b6f1a
[22:01:24.487][D][main:661]: Received frame dest 0x0f cmd 0xe000: 0x05
[22:01:24.509][D][bshdbus:090]: Missed ACK for dest 0x0f of preceding frame
[22:01:24.539][D][bshdbus:061]: Discarding 10 bytes of unparsed data after timeout of 32 ms: 0x0a041fe00105020b6f1a
[22:01:26.490][D][main:661]: Received frame dest 0x0f cmd 0xe000: 0x05
[22:01:26.497][D][bshdbus:090]: Missed ACK for dest 0x0f of preceding frame
[22:01:26.539][D][bshdbus:061]: Discarding 10 bytes of unparsed data after timeout of 33 ms: 0x0a041fe00105020b6f1a
[22:01:28.500][D][main:661]: Received frame dest 0x0f cmd 0xe000: 0x05
[22:01:28.566][D][bshdbus:090]: Missed ACK for dest 0x0f of preceding frame
[22:01:28.572][D][bshdbus:061]: Discarding 1 bytes of unparsed data after timeout of 23 ms: 0x0a
[22:01:28.606][D][main:661]: Received frame dest 0x1f cmd 0xe001: 0x0502
[22:01:30.498][D][main:661]: Received frame dest 0x0f cmd 0xe000: 0x05
[22:01:30.506][D][bshdbus:090]: Missed ACK for dest 0x0f of preceding frame
[22:01:30.517][D][bshdbus:061]: Discarding 1 bytes of unparsed data after timeout of 21 ms: 0x0a
[22:01:30.525][D][main:661]: Received frame dest 0x1f cmd 0xe001: 0x0502
[22:01:32.510][D][main:661]: Received frame dest 0x0f cmd 0xe000: 0x05
[22:01:32.527][D][bshdbus:090]: Missed ACK for dest 0x0f of preceding frame
[22:01:32.555][D][bshdbus:061]: Discarding 10 bytes of unparsed data after timeout of 32 ms: 0x0a041fe00105020b6f1a
[22:01:34.505][D][main:661]: Received frame dest 0x0f cmd 0xe000: 0x05
[22:01:34.511][D][bshdbus:090]: Missed ACK for dest 0x0f of preceding frame
[22:01:34.557][D][bshdbus:061]: Discarding 10 bytes of unparsed data after timeout of 32 ms: 0x0a041fe00105020b6f1a
[22:01:36.510][D][main:661]: Received frame dest 0x0f cmd 0xe000: 0x05
[22:01:36.519][D][bshdbus:090]: Missed ACK for dest 0x0f of preceding frame
[22:01:36.557][D][bshdbus:061]: Discarding 10 bytes of unparsed data after timeout of 33 ms: 0x0a041fe00105020b6f1a
[22:01:38.515][D][main:661]: Received frame dest 0x0f cmd 0xe000: 0x05
[22:01:38.524][D][bshdbus:090]: Missed ACK for dest 0x0f of preceding frame
[22:01:38.558][D][bshdbus:061]: Discarding 1 bytes of unparsed data after timeout of 28 ms: 0x0a
[22:01:38.568][D][main:661]: Received frame dest 0x1f cmd 0xe001: 0x0502
[22:01:40.518][D][main:661]: Received frame dest 0x0f cmd 0xe000: 0x05
[22:01:40.526][D][bshdbus:090]: Missed ACK for dest 0x0f of preceding frame
[22:01:40.587][D][bshdbus:061]: Discarding 10 bytes of unparsed data after timeout of 32 ms: 0x0a041fe00105020b6f1a
[22:01:42.537][D][main:661]: Received frame dest 0x0f cmd 0xe000: 0x05
[22:01:42.546][D][bshdbus:090]: Missed ACK for dest 0x0f of preceding frame
[22:01:42.553][D][bshdbus:061]: Discarding 1 bytes of unparsed data after timeout of 25 ms: 0x0a
[22:01:42.559][D][main:661]: Received frame dest 0x1f cmd 0xe001: 0x0502
[22:01:44.524][D][main:661]: Received frame dest 0x0f cmd 0xe000: 0x05
[22:01:44.531][D][bshdbus:090]: Missed ACK for dest 0x0f of preceding frame
[22:01:44.548][D][bshdbus:061]: Discarding 1 bytes of unparsed data after timeout of 25 ms: 0x0a
[22:01:44.554][D][main:661]: Received frame dest 0x1f cmd 0xe001: 0x0502
[22:01:46.528][D][main:661]: Received frame dest 0x0f cmd 0xe000: 0x05
[22:01:46.536][D][bshdbus:090]: Missed ACK for dest 0x0f of preceding frame
[22:01:46.554][D][bshdbus:061]: Discarding 1 bytes of unparsed data after timeout of 27 ms: 0x0a
[22:01:46.560][D][main:661]: Received frame dest 0x1f cmd 0xe001: 0x0502
[22:01:48.534][D][main:661]: Received frame dest 0x0f cmd 0xe000: 0x05
[22:01:48.543][D][bshdbus:090]: Missed ACK for dest 0x0f of preceding frame
[22:01:48.554][D][bshdbus:061]: Discarding 1 bytes of unparsed data after timeout of 23 ms: 0x0a
[22:01:48.573][D][main:661]: Received frame dest 0x1f cmd 0xe001: 0x0502
[22:01:50.536][D][main:661]: Received frame dest 0x0f cmd 0xe000: 0x05
[22:01:50.543][D][bshdbus:090]: Missed ACK for dest 0x0f of preceding frame
[22:01:50.562][D][bshdbus:061]: Discarding 1 bytes of unparsed data after timeout of 28 ms: 0x0a
[22:01:50.571][D][main:661]: Received frame dest 0x1f cmd 0xe001: 0x0502
[22:01:52.540][D][main:661]: Received frame dest 0x0f cmd 0xe000: 0x05
[22:01:52.548][D][bshdbus:090]: Missed ACK for dest 0x0f of preceding frame
[22:01:52.564][D][bshdbus:061]: Discarding 1 bytes of unparsed data after timeout of 22 ms: 0x0a
[22:01:52.571][D][main:661]: Received frame dest 0x1f cmd 0xe001: 0x0502
[22:01:54.573][D][main:661]: Received frame dest 0x0f cmd 0xe000: 0x05
[22:01:54.583][D][bshdbus:090]: Missed ACK for dest 0x0f of preceding frame
[22:01:54.595][D][bshdbus:061]: Discarding 1 bytes of unparsed data after timeout of 26 ms: 0x0a
[22:01:54.609][D][main:661]: Received frame dest 0x1f cmd 0xe001: 0x0502
[22:01:56.587][D][main:661]: Received frame dest 0x0f cmd 0xe000: 0x05
[22:01:56.600][D][bshdbus:090]: Missed ACK for dest 0x0f of preceding frame
[22:01:56.611][D][bshdbus:061]: Discarding 1 bytes of unparsed data after timeout of 23 ms: 0x0a
[22:01:56.628][D][main:661]: Received frame dest 0x1f cmd 0xe001: 0x0502
[22:01:58.550][D][main:661]: Received frame dest 0x0f cmd 0xe000: 0x05
[22:01:58.556][D][bshdbus:090]: Missed ACK for dest 0x0f of preceding frame
[22:01:58.622][D][bshdbus:061]: Discarding 10 bytes of unparsed data after timeout of 33 ms: 0x0a041fe00105020b6f1a
[22:02:00.558][D][main:661]: Received frame dest 0x0f cmd 0xe000: 0x05
[22:02:00.569][D][bshdbus:090]: Missed ACK for dest 0x0f of preceding frame
[22:02:00.605][D][bshdbus:061]: Discarding 10 bytes of unparsed data after timeout of 32 ms: 0x0a041fe00105020b6f1a
[22:02:02.558][D][main:661]: Received frame dest 0x0f cmd 0xe000: 0x05
[22:02:02.574][D][bshdbus:090]: Missed ACK for dest 0x0f of preceding frame
[22:02:02.591][D][bshdbus:061]: Discarding 1 bytes of unparsed data after timeout of 22 ms: 0x0a
[22:02:02.613][D][main:661]: Received frame dest 0x1f cmd 0xe001: 0x0502
[22:02:04.561][D][main:661]: Received frame dest 0x0f cmd 0xe000: 0x05
[22:02:04.568][D][bshdbus:090]: Missed ACK for dest 0x0f of preceding frame
[22:02:04.580][D][bshdbus:061]: Discarding 1 bytes of unparsed data after timeout of 21 ms: 0x0a
[22:02:04.587][D][main:661]: Received frame dest 0x1f cmd 0xe001: 0x0502
[22:02:06.565][D][main:661]: Received frame dest 0x0f cmd 0xe000: 0x05
[22:02:06.574][D][bshdbus:090]: Missed ACK for dest 0x0f of preceding frame
[22:02:06.597][D][bshdbus:061]: Discarding 1 bytes of unparsed data after timeout of 24 ms: 0x0a
[22:02:06.608][D][main:661]: Received frame dest 0x1f cmd 0xe001: 0x0502
[22:02:08.571][D][main:661]: Received frame dest 0x0f cmd 0xe000: 0x05
[22:02:08.585][D][bshdbus:090]: Missed ACK for dest 0x0f of preceding frame
[22:02:08.601][D][bshdbus:061]: Discarding 1 bytes of unparsed data after timeout of 26 ms: 0x0a
[22:02:08.613][D][main:661]: Received frame dest 0x1f cmd 0xe001: 0x0502
[22:02:10.578][D][main:661]: Received frame dest 0x0f cmd 0xe000: 0x05
[22:02:10.621][D][bshdbus:090]: Missed ACK for dest 0x0f of preceding frame
[22:02:10.629][D][bshdbus:061]: Discarding 10 bytes of unparsed data after timeout of 32 ms: 0x0a041fe00105020b6f1a
[22:02:12.578][D][main:661]: Received frame dest 0x0f cmd 0xe000: 0x05
[22:02:12.589][D][bshdbus:090]: Missed ACK for dest 0x0f of preceding frame
[22:02:12.637][D][bshdbus:061]: Discarding 10 bytes of unparsed data after timeout of 33 ms: 0x0a041fe00105020b6f1a
[22:02:14.581][D][main:661]: Received frame dest 0x0f cmd 0xe000: 0x05
[22:02:14.587][D][bshdbus:090]: Missed ACK for dest 0x0f of preceding frame
[22:02:14.601][D][bshdbus:061]: Discarding 1 bytes of unparsed data after timeout of 22 ms: 0x0a
[22:02:14.612][D][main:661]: Received frame dest 0x1f cmd 0xe001: 0x0502
[22:02:16.583][D][main:661]: Received frame dest 0x0f cmd 0xe000: 0x05
[22:02:16.596][D][bshdbus:090]: Missed ACK for dest 0x0f of preceding frame
[22:02:16.610][D][bshdbus:061]: Discarding 1 bytes of unparsed data after timeout of 25 ms: 0x0a
[22:02:16.621][D][main:661]: Received frame dest 0x1f cmd 0xe001: 0x0502
[22:02:18.587][D][main:661]: Received frame dest 0x0f cmd 0xe000: 0x05
[22:02:18.604][D][bshdbus:090]: Missed ACK for dest 0x0f of preceding frame
[22:02:18.641][D][bshdbus:061]: Discarding 10 bytes of unparsed data after timeout of 32 ms: 0x0a041fe00105020b6f1a
[22:02:19.132][S][sensor]: 'Uptime s' >> 1502 s
[22:02:19.397][S][sensor]: 'ESP Internal Temperature' >> 53.3 °C
[22:02:19.736][S][sensor]: 'WiFi RSSI' >> -77 dBm
[22:02:20.592][D][main:661]: Received frame dest 0x0f cmd 0xe000: 0x05
[22:02:20.603][D][bshdbus:090]: Missed ACK for dest 0x0f of preceding frame
[22:02:20.644][D][bshdbus:061]: Discarding 10 bytes of unparsed data after timeout of 32 ms: 0x0a041fe00105020b6f1a
[22:02:20.779][S][text_sensor]: 'Uptime' >> '00d 00h 25m 2s'
[22:02:22.595][D][main:661]: Received frame dest 0x0f cmd 0xe000: 0x05
[22:02:22.619][D][bshdbus:090]: Missed ACK for dest 0x0f of preceding frame
[22:02:22.631][D][bshdbus:061]: Discarding 1 bytes of unparsed data after timeout of 24 ms: 0x0a
[22:02:22.646][D][main:661]: Received frame dest 0x1f cmd 0xe001: 0x0502
[22:02:24.598][D][main:661]: Received frame dest 0x0f cmd 0xe000: 0x05
[22:02:24.624][D][bshdbus:090]: Missed ACK for dest 0x0f of preceding frame
[22:02:24.633][D][bshdbus:061]: Discarding 1 bytes of unparsed data after timeout of 25 ms: 0x0a
[22:02:24.642][D][main:661]: Received frame dest 0x1f cmd 0xe001: 0x0502
[22:02:26.604][D][main:661]: Received frame dest 0x0f cmd 0xe000: 0x05
[22:02:26.678][D][bshdbus:090]: Missed ACK for dest 0x0f of preceding frame
[22:02:26.778][D][bshdbus:061]: Discarding 10 bytes of unparsed data after timeout of 32 ms: 0x0a041fe00105020b6f1a
[22:02:28.621][D][main:661]: Received frame dest 0x0f cmd 0xe000: 0x05
[22:02:28.651][D][bshdbus:090]: Missed ACK for dest 0x0f of preceding frame
[22:02:28.663][D][bshdbus:061]: Discarding 1 bytes of unparsed data after timeout of 25 ms: 0x0a
[22:02:28.671][D][main:661]: Received frame dest 0x1f cmd 0xe001: 0x0502
[22:02:30.610][D][main:661]: Received frame dest 0x0f cmd 0xe000: 0x05
[22:02:30.625][D][bshdbus:090]: Missed ACK for dest 0x0f of preceding frame
[22:02:30.633][D][bshdbus:061]: Discarding 1 bytes of unparsed data after timeout of 27 ms: 0x0a
[22:02:30.642][D][main:661]: Received frame dest 0x1f cmd 0xe001: 0x0502
[22:02:32.653][D][main:661]: Received frame dest 0x0f cmd 0xe000: 0x05
[22:02:32.668][D][bshdbus:090]: Missed ACK for dest 0x0f of preceding frame
[22:02:32.682][D][bshdbus:061]: Discarding 1 bytes of unparsed data after timeout of 28 ms: 0x0a
[22:02:32.699][D][main:661]: Received frame dest 0x1f cmd 0xe001: 0x0502
[22:02:34.621][D][main:661]: Received frame dest 0x0f cmd 0xe000: 0x05
[22:02:34.634][D][bshdbus:090]: Missed ACK for dest 0x0f of preceding frame
[22:02:34.651][D][bshdbus:061]: Discarding 1 bytes of unparsed data after timeout of 25 ms: 0x0a
[22:02:34.657][D][main:661]: Received frame dest 0x1f cmd 0xe001: 0x0502
[22:02:36.619][D][main:661]: Received frame dest 0x0f cmd 0xe000: 0x05
[22:02:36.646][D][bshdbus:090]: Missed ACK for dest 0x0f of preceding frame
[22:02:36.666][D][bshdbus:061]: Discarding 10 bytes of unparsed data after timeout of 33 ms: 0x0a041fe00105020b6f1a
[22:02:38.623][D][main:661]: Received frame dest 0x0f cmd 0xe000: 0x05
[22:02:38.639][D][bshdbus:090]: Missed ACK for dest 0x0f of preceding frame
[22:02:38.680][D][bshdbus:061]: Discarding 10 bytes of unparsed data after timeout of 32 ms: 0x0a041fe00105020b6f1a
[22:02:40.626][D][main:661]: Received frame dest 0x0f cmd 0xe000: 0x05
[22:02:40.635][D][bshdbus:090]: Missed ACK for dest 0x0f of preceding frame
[22:02:40.677][D][bshdbus:061]: Discarding 10 bytes of unparsed data after timeout of 32 ms: 0x0a041fe00105020b6f1a
[22:02:42.640][D][main:661]: Received frame dest 0x0f cmd 0xe000: 0x05
[22:02:42.649][D][bshdbus:090]: Missed ACK for dest 0x0f of preceding frame
[22:02:42.656][D][bshdbus:061]: Discarding 1 bytes of unparsed data after timeout of 22 ms: 0x0a
[22:02:42.670][D][main:661]: Received frame dest 0x1f cmd 0xe001: 0x0502
[22:02:44.636][D][main:661]: Received frame dest 0x0f cmd 0xe000: 0x05
[22:02:44.654][D][bshdbus:090]: Missed ACK for dest 0x0f of preceding frame
[22:02:44.689][D][bshdbus:061]: Discarding 10 bytes of unparsed data after timeout of 32 ms: 0x0a041fe00105020b6f1a
[22:02:46.637][D][main:661]: Received frame dest 0x0f cmd 0xe000: 0x05
[22:02:46.647][D][bshdbus:090]: Missed ACK for dest 0x0f of preceding frame
[22:02:46.692][D][bshdbus:061]: Discarding 10 bytes of unparsed data after timeout of 32 ms: 0x0a041fe00105020b6f1a
[22:02:48.642][D][main:661]: Received frame dest 0x0f cmd 0xe000: 0x05
[22:02:48.657][D][bshdbus:090]: Missed ACK for dest 0x0f of preceding frame
[22:02:48.727][D][bshdbus:061]: Discarding 10 bytes of unparsed data after timeout of 32 ms: 0x0a041fe00105020b6f1a
[22:02:50.647][D][main:661]: Received frame dest 0x0f cmd 0xe000: 0x05
[22:02:50.653][D][bshdbus:090]: Missed ACK for dest 0x0f of preceding frame
[22:02:50.671][D][bshdbus:061]: Discarding 1 bytes of unparsed data after timeout of 27 ms: 0x0a
[22:02:50.676][D][main:661]: Received frame dest 0x1f cmd 0xe001: 0x0502
[22:02:52.648][D][main:661]: Received frame dest 0x0f cmd 0xe000: 0x05
[22:02:52.656][D][bshdbus:090]: Missed ACK for dest 0x0f of preceding frame
[22:02:52.699][D][bshdbus:061]: Discarding 10 bytes of unparsed data after timeout of 32 ms: 0x0a041fe00105020b6f1a
[22:02:54.652][D][main:661]: Received frame dest 0x0f cmd 0xe000: 0x05
[22:02:54.660][D][bshdbus:090]: Missed ACK for dest 0x0f of preceding frame
[22:02:54.703][D][bshdbus:061]: Discarding 10 bytes of unparsed data after timeout of 32 ms: 0x0a041fe00105020b6f1a
[22:02:56.671][D][main:661]: Received frame dest 0x0f cmd 0xe000: 0x05
[22:02:56.681][D][bshdbus:090]: Missed ACK for dest 0x0f of preceding frame
[22:02:56.688][D][bshdbus:061]: Discarding 1 bytes of unparsed data after timeout of 21 ms: 0x0a
[22:02:56.695][D][main:661]: Received frame dest 0x1f cmd 0xe001: 0x0502
[22:02:58.659][D][main:661]: Received frame dest 0x0f cmd 0xe000: 0x05
[22:02:58.667][D][bshdbus:090]: Missed ACK for dest 0x0f of preceding frame
[22:02:58.681][D][bshdbus:061]: Discarding 1 bytes of unparsed data after timeout of 23 ms: 0x0a
[22:02:58.688][D][main:661]: Received frame dest 0x1f cmd 0xe001: 0x0502
[22:03:00.667][D][main:661]: Received frame dest 0x0f cmd 0xe000: 0x05
[22:03:00.678][D][bshdbus:090]: Missed ACK for dest 0x0f of preceding frame
[22:03:00.717][D][bshdbus:061]: Discarding 10 bytes of unparsed data after timeout of 32 ms: 0x0a041fe00105020b6f1a
[22:03:02.675][D][main:661]: Received frame dest 0x0f cmd 0xe000: 0x05
[22:03:02.702][D][bshdbus:090]: Missed ACK for dest 0x0f of preceding frame
[22:03:02.722][D][bshdbus:061]: Discarding 1 bytes of unparsed data after timeout of 22 ms: 0x0a
[22:03:02.732][D][main:661]: Received frame dest 0x1f cmd 0xe001: 0x0502
[22:03:04.673][D][main:661]: Received frame dest 0x0f cmd 0xe000: 0x05
[22:03:04.698][D][bshdbus:090]: Missed ACK for dest 0x0f of preceding frame
[22:03:04.713][D][bshdbus:061]: Discarding 1 bytes of unparsed data after timeout of 21 ms: 0x0a
[22:03:04.750][D][main:661]: Received frame dest 0x1f cmd 0xe001: 0x0502
[22:03:06.692][D][main:661]: Received frame dest 0x0f cmd 0xe000: 0x05
[22:03:06.770][D][bshdbus:090]: Missed ACK for dest 0x0f of preceding frame
[22:03:06.785][D][bshdbus:061]: Discarding 1 bytes of unparsed data after timeout of 25 ms: 0x0a
[22:03:06.806][D][main:661]: Received frame dest 0x1f cmd 0xe001: 0x0502
[22:03:08.681][D][main:661]: Received frame dest 0x0f cmd 0xe000: 0x05
[22:03:08.687][D][bshdbus:090]: Missed ACK for dest 0x0f of preceding frame
[22:03:08.704][D][bshdbus:061]: Discarding 1 bytes of unparsed data after timeout of 28 ms: 0x0a
[22:03:08.710][D][main:661]: Received frame dest 0x1f cmd 0xe001: 0x0502
[22:03:10.681][D][main:661]: Received frame dest 0x0f cmd 0xe000: 0x05
[22:03:10.693][D][bshdbus:090]: Missed ACK for dest 0x0f of preceding frame
[22:03:10.732][D][bshdbus:061]: Discarding 10 bytes of unparsed data after timeout of 32 ms: 0x0a041fe00105020b6f1a
[22:03:12.686][D][main:661]: Received frame dest 0x0f cmd 0xe000: 0x05
[22:03:12.694][D][bshdbus:090]: Missed ACK for dest 0x0f of preceding frame
[22:03:12.750][D][bshdbus:061]: Discarding 10 bytes of unparsed data after timeout of 32 ms: 0x0a041fe00105020b6f1a
[22:03:14.691][D][main:661]: Received frame dest 0x0f cmd 0xe000: 0x05
[22:03:14.700][D][bshdbus:090]: Missed ACK for dest 0x0f of preceding frame
[22:03:14.710][D][bshdbus:061]: Discarding 1 bytes of unparsed data after timeout of 23 ms: 0x0a
[22:03:14.719][D][main:661]: Received frame dest 0x1f cmd 0xe001: 0x0502
[22:03:16.691][D][main:661]: Received frame dest 0x0f cmd 0xe000: 0x05
[22:03:16.702][D][bshdbus:090]: Missed ACK for dest 0x0f of preceding frame
[22:03:16.743][D][bshdbus:061]: Discarding 10 bytes of unparsed data after timeout of 32 ms: 0x0a041fe00105020b6f1a
[22:03:18.695][D][main:661]: Received frame dest 0x0f cmd 0xe000: 0x05
[22:03:18.708][D][bshdbus:090]: Missed ACK for dest 0x0f of preceding frame
[22:03:18.745][D][bshdbus:061]: Discarding 10 bytes of unparsed data after timeout of 32 ms: 0x0a041fe00105020b6f1a
[22:03:19.130][S][sensor]: 'Uptime s' >> 1562 s
[22:03:19.418][S][sensor]: 'ESP Internal Temperature' >> 53.3 °C
[22:03:19.770][S][sensor]: 'WiFi RSSI' >> -75 dBm
[22:03:20.699][D][main:661]: Received frame dest 0x0f cmd 0xe000: 0x05
[22:03:20.707][D][bshdbus:090]: Missed ACK for dest 0x0f of preceding frame
[22:03:20.748][D][bshdbus:061]: Discarding 10 bytes of unparsed data after timeout of 32 ms: 0x0a041fe00105020b6f1a
[22:03:20.782][S][text_sensor]: 'Uptime' >> '00d 00h 26m 2s'
[22:03:22.703][D][main:661]: Received frame dest 0x0f cmd 0xe000: 0x05
[22:03:22.779][D][bshdbus:090]: Missed ACK for dest 0x0f of preceding frame
[22:03:22.785][D][bshdbus:061]: Discarding 1 bytes of unparsed data after timeout of 26 ms: 0x0a
[22:03:22.791][D][main:661]: Received frame dest 0x1f cmd 0xe001: 0x0502
[22:03:24.706][D][main:661]: Received frame dest 0x0f cmd 0xe000: 0x05
[22:03:24.715][D][bshdbus:090]: Missed ACK for dest 0x0f of preceding frame
[22:03:24.761][D][bshdbus:061]: Discarding 10 bytes of unparsed data after timeout of 32 ms: 0x0a041fe00105020b6f1a
[22:03:26.710][D][main:661]: Received frame dest 0x0f cmd 0xe000: 0x05
[22:03:26.722][D][bshdbus:090]: Missed ACK for dest 0x0f of preceding frame
[22:03:26.732][D][bshdbus:061]: Discarding 1 bytes of unparsed data after timeout of 23 ms: 0x0a
[22:03:26.739][D][main:661]: Received frame dest 0x1f cmd 0xe001: 0x0502
[22:03:28.722][D][main:661]: Received frame dest 0x0f cmd 0xe000: 0x05
[22:03:28.729][D][bshdbus:090]: Missed ACK for dest 0x0f of preceding frame
[22:03:28.767][D][bshdbus:061]: Discarding 10 bytes of unparsed data after timeout of 32 ms: 0x0a041fe00105020b6f1a
[22:03:30.717][D][main:661]: Received frame dest 0x0f cmd 0xe000: 0x05
[22:03:30.723][D][bshdbus:090]: Missed ACK for dest 0x0f of preceding frame
[22:03:30.772][D][bshdbus:061]: Discarding 10 bytes of unparsed data after timeout of 32 ms: 0x0a041fe00105020b6f1a
[22:03:32.720][D][main:661]: Received frame dest 0x0f cmd 0xe000: 0x05
[22:03:32.728][D][bshdbus:090]: Missed ACK for dest 0x0f of preceding frame
[22:03:32.745][D][bshdbus:061]: Discarding 1 bytes of unparsed data after timeout of 26 ms: 0x0a
[22:03:32.753][D][main:661]: Received frame dest 0x1f cmd 0xe001: 0x0502
[22:03:34.730][D][main:661]: Received frame dest 0x0f cmd 0xe000: 0x05
[22:03:34.746][D][bshdbus:090]: Missed ACK for dest 0x0f of preceding frame
[22:03:34.802][D][bshdbus:061]: Discarding 10 bytes of unparsed data after timeout of 32 ms: 0x0a041fe00105020b6f1a
[22:03:36.728][D][main:661]: Received frame dest 0x0f cmd 0xe000: 0x05
[22:03:36.734][D][bshdbus:090]: Missed ACK for dest 0x0f of preceding frame
[22:03:36.775][D][bshdbus:061]: Discarding 10 bytes of unparsed data after timeout of 32 ms: 0x0a041fe00105020b6f1a
[22:03:38.733][D][main:661]: Received frame dest 0x0f cmd 0xe000: 0x05
[22:03:38.746][D][bshdbus:090]: Missed ACK for dest 0x0f of preceding frame
[22:03:38.784][D][bshdbus:061]: Discarding 10 bytes of unparsed data after timeout of 32 ms: 0x0a041fe00105020b6f1a
[22:03:40.735][D][main:661]: Received frame dest 0x0f cmd 0xe000: 0x05
[22:03:40.745][D][bshdbus:090]: Missed ACK for dest 0x0f of preceding frame
[22:03:40.765][D][bshdbus:061]: Discarding 1 bytes of unparsed data after timeout of 29 ms: 0x0a
[22:03:40.784][D][main:661]: Received frame dest 0x1f cmd 0xe001: 0x0502
[22:03:42.755][D][main:661]: Received frame dest 0x0f cmd 0xe000: 0x05
[22:03:42.761][D][bshdbus:090]: Missed ACK for dest 0x0f of preceding frame
[22:03:42.767][D][bshdbus:061]: Discarding 1 bytes of unparsed data after timeout of 29 ms: 0x0a
[22:03:42.786][D][main:661]: Received frame dest 0x1f cmd 0xe001: 0x0502
[22:03:44.746][D][main:661]: Received frame dest 0x0f cmd 0xe000: 0x05
[22:03:44.754][D][bshdbus:090]: Missed ACK for dest 0x0f of preceding frame
[22:03:44.803][D][bshdbus:061]: Discarding 10 bytes of unparsed data after timeout of 32 ms: 0x0a041fe00105020b6f1a
[22:03:46.748][D][main:661]: Received frame dest 0x0f cmd 0xe000: 0x05
[22:03:46.755][D][bshdbus:090]: Missed ACK for dest 0x0f of preceding frame
[22:03:46.773][D][bshdbus:061]: Discarding 1 bytes of unparsed data after timeout of 28 ms: 0x0a
[22:03:46.789][D][main:661]: Received frame dest 0x1f cmd 0xe001: 0x0502
[22:03:48.753][D][main:661]: Received frame dest 0x0f cmd 0xe000: 0x05
[22:03:48.791][D][bshdbus:090]: Missed ACK for dest 0x0f of preceding frame
[22:03:48.800][D][bshdbus:061]: Discarding 1 bytes of unparsed data after timeout of 27 ms: 0x0a
[22:03:48.836][D][main:661]: Received frame dest 0x1f cmd 0xe001: 0x0502
[22:03:50.755][D][main:661]: Received frame dest 0x0f cmd 0xe000: 0x05
[22:03:50.763][D][bshdbus:090]: Missed ACK for dest 0x0f of preceding frame
[22:03:50.783][D][bshdbus:061]: Discarding 1 bytes of unparsed data after timeout of 28 ms: 0x0a
[22:03:50.792][D][main:661]: Received frame dest 0x1f cmd 0xe001: 0x0502
[22:03:52.760][D][main:661]: Received frame dest 0x0f cmd 0xe000: 0x05
[22:03:52.775][D][bshdbus:090]: Missed ACK for dest 0x0f of preceding frame
[22:03:52.794][D][bshdbus:061]: Discarding 1 bytes of unparsed data after timeout of 26 ms: 0x0a
[22:03:52.803][D][main:661]: Received frame dest 0x1f cmd 0xe001: 0x0502
[22:03:54.761][D][main:661]: Received frame dest 0x0f cmd 0xe000: 0x05
[22:03:54.776][D][bshdbus:090]: Missed ACK for dest 0x0f of preceding frame
[22:03:54.812][D][bshdbus:061]: Discarding 10 bytes of unparsed data after timeout of 32 ms: 0x0a041fe00105020b6f1a
[22:03:56.814][D][main:661]: Received frame dest 0x0f cmd 0xe000: 0x05
[22:03:56.825][D][bshdbus:090]: Missed ACK for dest 0x0f of preceding frame
[22:03:56.834][D][bshdbus:061]: Discarding 10 bytes of unparsed data after timeout of 32 ms: 0x0a041fe00105020b6f1a
[22:03:58.769][D][main:661]: Received frame dest 0x0f cmd 0xe000: 0x05
[22:03:58.811][D][bshdbus:090]: Missed ACK for dest 0x0f of preceding frame
[22:03:58.834][D][bshdbus:061]: Discarding 1 bytes of unparsed data after timeout of 23 ms: 0x0a
[22:03:58.846][D][main:661]: Received frame dest 0x1f cmd 0xe001: 0x0502
[22:04:00.774][D][main:661]: Received frame dest 0x0f cmd 0xe000: 0x05
[22:04:00.786][D][bshdbus:090]: Missed ACK for dest 0x0f of preceding frame
[22:04:00.824][D][bshdbus:061]: Discarding 10 bytes of unparsed data after timeout of 32 ms: 0x0a041fe00105020b6f1a
[22:04:02.777][D][main:661]: Received frame dest 0x0f cmd 0xe000: 0x05
[22:04:02.783][D][bshdbus:090]: Missed ACK for dest 0x0f of preceding frame
[22:04:02.826][D][bshdbus:061]: Discarding 10 bytes of unparsed data after timeout of 32 ms: 0x0a041fe00105020b6f1a
[22:04:04.779][D][main:661]: Received frame dest 0x0f cmd 0xe000: 0x05
[22:04:04.788][D][bshdbus:090]: Missed ACK for dest 0x0f of preceding frame
[22:04:04.808][D][bshdbus:061]: Discarding 1 bytes of unparsed data after timeout of 22 ms: 0x0a
[22:04:04.901][D][main:661]: Received frame dest 0x1f cmd 0xe001: 0x0502
[22:04:06.782][D][main:661]: Received frame dest 0x0f cmd 0xe000: 0x05
[22:04:06.789][D][bshdbus:090]: Missed ACK for dest 0x0f of preceding frame
[22:04:06.833][D][bshdbus:061]: Discarding 10 bytes of unparsed data after timeout of 32 ms: 0x0a041fe00105020b6f1a
[22:04:08.786][D][main:661]: Received frame dest 0x0f cmd 0xe000: 0x05
[22:04:08.810][D][bshdbus:090]: Missed ACK for dest 0x0f of preceding frame
[22:04:08.837][D][bshdbus:061]: Discarding 1 bytes of unparsed data after timeout of 24 ms: 0x0a
[22:04:08.855][D][main:661]: Received frame dest 0x1f cmd 0xe001: 0x0502
[22:04:10.789][D][main:661]: Received frame dest 0x0f cmd 0xe000: 0x05
[22:04:10.800][D][bshdbus:090]: Missed ACK for dest 0x0f of preceding frame
[22:04:10.835][D][bshdbus:061]: Discarding 10 bytes of unparsed data after timeout of 32 ms: 0x0a041fe00105020b6f1a
[22:04:12.794][D][main:661]: Received frame dest 0x0f cmd 0xe000: 0x05
[22:04:12.811][D][bshdbus:090]: Missed ACK for dest 0x0f of preceding frame
[22:04:12.857][D][bshdbus:061]: Discarding 10 bytes of unparsed data after timeout of 32 ms: 0x0a041fe00105020b6f1a
[22:04:14.851][D][main:661]: Received frame dest 0x0f cmd 0xe000: 0x05
[22:04:14.858][D][bshdbus:090]: Missed ACK for dest 0x0f of preceding frame
[22:04:14.886][D][bshdbus:061]: Discarding 1 bytes of unparsed data after timeout of 28 ms: 0x0a
[22:04:14.894][D][main:661]: Received frame dest 0x1f cmd 0xe001: 0x0502
[22:04:16.801][D][main:661]: Received frame dest 0x0f cmd 0xe000: 0x05
[22:04:16.827][D][bshdbus:090]: Missed ACK for dest 0x0f of preceding frame
[22:04:16.853][D][bshdbus:061]: Discarding 10 bytes of unparsed data after timeout of 32 ms: 0x0a041fe00105020b6f1a
[22:04:18.809][D][main:661]: Received frame dest 0x0f cmd 0xe000: 0x05
[22:04:18.832][D][bshdbus:090]: Missed ACK for dest 0x0f of preceding frame
[22:04:18.903][D][bshdbus:061]: Discarding 10 bytes of unparsed data after timeout of 33 ms: 0x0a041fe00105020b6f1a
[22:04:19.126][S][sensor]: 'Uptime s' >> 1622 s
[22:04:19.438][S][sensor]: 'ESP Internal Temperature' >> 53.3 °C
[22:04:19.740][S][sensor]: 'WiFi RSSI' >> -75 dBm
[22:04:20.792][S][text_sensor]: 'Uptime' >> '00d 00h 27m 2s'
[22:04:20.833][D][main:661]: Received frame dest 0x0f cmd 0xe000: 0x05
[22:04:20.854][D][bshdbus:090]: Missed ACK for dest 0x0f of preceding frame
[22:04:20.882][D][bshdbus:061]: Discarding 10 bytes of unparsed data after timeout of 32 ms: 0x0a041fe00105020b6f1a
[22:04:22.811][D][main:661]: Received frame dest 0x0f cmd 0xe000: 0x05
[22:04:22.879][D][bshdbus:090]: Missed ACK for dest 0x0f of preceding frame
[22:04:23.024][D][bshdbus:061]: Discarding 10 bytes of unparsed data after timeout of 32 ms: 0x0a041fe00105020b6f1a
[22:04:24.815][D][main:661]: Received frame dest 0x0f cmd 0xe000: 0x05
[22:04:24.841][D][bshdbus:090]: Missed ACK for dest 0x0f of preceding frame
[22:04:24.849][D][bshdbus:061]: Discarding 1 bytes of unparsed data after timeout of 27 ms: 0x0a
[22:04:24.861][D][main:661]: Received frame dest 0x1f cmd 0xe001: 0x0502
[22:04:26.820][D][main:661]: Received frame dest 0x0f cmd 0xe000: 0x05
[22:04:26.826][D][bshdbus:090]: Missed ACK for dest 0x0f of preceding frame
[22:04:26.866][D][bshdbus:061]: Discarding 10 bytes of unparsed data after timeout of 32 ms: 0x0a041fe00105020b6f1a
[22:04:28.835][D][main:661]: Received frame dest 0x0f cmd 0xe000: 0x05
[22:04:28.842][D][bshdbus:090]: Missed ACK for dest 0x0f of preceding frame
[22:04:28.853][D][bshdbus:061]: Discarding 1 bytes of unparsed data after timeout of 23 ms: 0x0a
[22:04:28.858][D][main:661]: Received frame dest 0x1f cmd 0xe001: 0x0502
[22:04:31.008][D][main:661]: Received frame dest 0x0f cmd 0xe000: 0x05
[22:04:31.059][D][bshdbus:090]: Missed ACK for dest 0x0f of preceding frame
[22:04:31.067][D][bshdbus:061]: Discarding 1 bytes of unparsed data after timeout of 24 ms: 0x0a
[22:04:31.080][D][main:661]: Received frame dest 0x1f cmd 0xe001: 0x0502
[22:04:32.829][D][main:661]: Received frame dest 0x0f cmd 0xe000: 0x05
[22:04:32.840][D][bshdbus:090]: Missed ACK for dest 0x0f of preceding frame
[22:04:32.853][D][bshdbus:061]: Discarding 1 bytes of unparsed data after timeout of 24 ms: 0x0a
[22:04:32.864][D][main:661]: Received frame dest 0x1f cmd 0xe001: 0x0502
[22:04:34.832][D][main:661]: Received frame dest 0x0f cmd 0xe000: 0x05
[22:04:34.842][D][bshdbus:090]: Missed ACK for dest 0x0f of preceding frame
[22:04:34.883][D][bshdbus:061]: Discarding 10 bytes of unparsed data after timeout of 32 ms: 0x0a041fe00105020b6f1a
[22:04:36.836][D][main:661]: Received frame dest 0x0f cmd 0xe000: 0x05
[22:04:36.845][D][bshdbus:090]: Missed ACK for dest 0x0f of preceding frame
[22:04:36.866][D][bshdbus:061]: Discarding 1 bytes of unparsed data after timeout of 29 ms: 0x0a
[22:04:36.872][D][main:661]: Received frame dest 0x1f cmd 0xe001: 0x0502
[22:04:38.840][D][main:661]: Received frame dest 0x0f cmd 0xe000: 0x05
[22:04:38.851][D][bshdbus:090]: Missed ACK for dest 0x0f of preceding frame
[22:04:38.893][D][bshdbus:061]: Discarding 10 bytes of unparsed data after timeout of 32 ms: 0x0a041fe00105020b6f1a
[22:04:40.843][D][main:661]: Received frame dest 0x0f cmd 0xe000: 0x05
[22:04:40.854][D][bshdbus:090]: Missed ACK for dest 0x0f of preceding frame
[22:04:40.892][D][bshdbus:061]: Discarding 10 bytes of unparsed data after timeout of 32 ms: 0x0a041fe00105020b6f1a
[22:04:42.860][D][main:661]: Received frame dest 0x0f cmd 0xe000: 0x05
[22:04:42.869][D][bshdbus:090]: Missed ACK for dest 0x0f of preceding frame
[22:04:42.945][D][bshdbus:061]: Discarding 10 bytes of unparsed data after timeout of 32 ms: 0x0a041fe00105020b6f1a
[22:04:44.878][D][main:661]: Received frame dest 0x0f cmd 0xe000: 0x05
[22:04:44.913][D][bshdbus:090]: Missed ACK for dest 0x0f of preceding frame
[22:04:44.921][D][bshdbus:061]: Discarding 10 bytes of unparsed data after timeout of 32 ms: 0x0a041fe00105020b6f1a
[22:04:46.854][D][main:661]: Received frame dest 0x0f cmd 0xe000: 0x05
[22:04:46.864][D][bshdbus:090]: Missed ACK for dest 0x0f of preceding frame
[22:04:46.878][D][bshdbus:061]: Discarding 1 bytes of unparsed data after timeout of 25 ms: 0x0a
[22:04:46.886][D][main:661]: Received frame dest 0x1f cmd 0xe001: 0x0502
[22:04:48.858][D][main:661]: Received frame dest 0x0f cmd 0xe000: 0x05
[22:04:48.866][D][bshdbus:090]: Missed ACK for dest 0x0f of preceding frame
[22:04:48.881][D][bshdbus:061]: Discarding 1 bytes of unparsed data after timeout of 24 ms: 0x0a
[22:04:48.892][D][main:661]: Received frame dest 0x1f cmd 0xe001: 0x0502
[22:04:50.862][D][main:661]: Received frame dest 0x0f cmd 0xe000: 0x05
[22:04:50.876][D][bshdbus:090]: Missed ACK for dest 0x0f of preceding frame
[22:04:50.909][D][bshdbus:061]: Discarding 10 bytes of unparsed data after timeout of 32 ms: 0x0a041fe00105020b6f1a
[22:04:52.865][D][main:661]: Received frame dest 0x0f cmd 0xe000: 0x05
[22:04:52.877][D][bshdbus:090]: Missed ACK for dest 0x0f of preceding frame
[22:04:52.896][D][bshdbus:061]: Discarding 1 bytes of unparsed data after timeout of 21 ms: 0x0a
[22:04:52.903][D][main:661]: Received frame dest 0x1f cmd 0xe001: 0x0502
[22:04:54.870][D][main:661]: Received frame dest 0x0f cmd 0xe000: 0x05
[22:04:54.894][D][bshdbus:090]: Missed ACK for dest 0x0f of preceding frame
[22:04:54.902][D][bshdbus:061]: Discarding 1 bytes of unparsed data after timeout of 24 ms: 0x0a
[22:04:54.926][D][main:661]: Received frame dest 0x1f cmd 0xe001: 0x0502
[22:04:56.872][D][main:661]: Received frame dest 0x0f cmd 0xe000: 0x05
[22:04:56.889][D][bshdbus:090]: Missed ACK for dest 0x0f of preceding frame
[22:04:56.898][D][bshdbus:061]: Discarding 1 bytes of unparsed data after timeout of 27 ms: 0x0a
[22:04:56.903][D][main:661]: Received frame dest 0x1f cmd 0xe001: 0x0502
[22:04:58.876][D][main:661]: Received frame dest 0x0f cmd 0xe000: 0x05
[22:04:58.884][D][bshdbus:090]: Missed ACK for dest 0x0f of preceding frame
[22:04:58.939][D][bshdbus:061]: Discarding 10 bytes of unparsed data after timeout of 33 ms: 0x0a041fe00105020b6f1a
[22:05:00.889][D][main:661]: Received frame dest 0x0f cmd 0xe000: 0x05
[22:05:00.935][D][bshdbus:090]: Missed ACK for dest 0x0f of preceding frame
[22:05:00.940][D][bshdbus:061]: Discarding 10 bytes of unparsed data after timeout of 32 ms: 0x0a041fe00105020b6f1a
[22:05:02.886][D][main:661]: Received frame dest 0x0f cmd 0xe000: 0x05
[22:05:02.895][D][bshdbus:090]: Missed ACK for dest 0x0f of preceding frame
[22:05:02.937][D][bshdbus:061]: Discarding 10 bytes of unparsed data after timeout of 32 ms: 0x0a041fe00105020b6f1a
[22:05:04.945][D][main:661]: Received frame dest 0x0f cmd 0xe000: 0x05
[22:05:05.057][D][bshdbus:090]: Missed ACK for dest 0x0f of preceding frame
[22:05:05.070][D][bshdbus:061]: Discarding 1 bytes of unparsed data after timeout of 22 ms: 0x0a
[22:05:05.078][D][main:661]: Received frame dest 0x1f cmd 0xe001: 0x0502
[22:05:06.891][D][main:661]: Received frame dest 0x0f cmd 0xe000: 0x05
[22:05:06.910][D][bshdbus:090]: Missed ACK for dest 0x0f of preceding frame
[22:05:06.925][D][bshdbus:061]: Discarding 1 bytes of unparsed data after timeout of 24 ms: 0x0a
[22:05:06.941][D][main:661]: Received frame dest 0x1f cmd 0xe001: 0x0502
[22:05:08.895][D][main:661]: Received frame dest 0x0f cmd 0xe000: 0x05
[22:05:08.906][D][bshdbus:090]: Missed ACK for dest 0x0f of preceding frame
[22:05:08.916][D][bshdbus:061]: Discarding 1 bytes of unparsed data after timeout of 21 ms: 0x0a
[22:05:08.924][D][main:661]: Received frame dest 0x1f cmd 0xe001: 0x0502
[22:05:10.900][D][main:661]: Received frame dest 0x0f cmd 0xe000: 0x05
[22:05:10.916][D][bshdbus:090]: Missed ACK for dest 0x0f of preceding frame
[22:05:10.948][D][bshdbus:061]: Discarding 10 bytes of unparsed data after timeout of 32 ms: 0x0a041fe00105020b6f1a
[22:05:12.903][D][main:661]: Received frame dest 0x0f cmd 0xe000: 0x05
[22:05:12.914][D][bshdbus:090]: Missed ACK for dest 0x0f of preceding frame
[22:05:12.927][D][bshdbus:061]: Discarding 1 bytes of unparsed data after timeout of 26 ms: 0x0a
[22:05:12.938][D][main:661]: Received frame dest 0x1f cmd 0xe001: 0x0502
[22:05:14.922][D][main:661]: Received frame dest 0x0f cmd 0xe000: 0x05
[22:05:14.932][D][bshdbus:090]: Missed ACK for dest 0x0f of preceding frame
[22:05:14.943][D][bshdbus:061]: Discarding 1 bytes of unparsed data after timeout of 28 ms: 0x0a
[22:05:14.953][D][main:661]: Received frame dest 0x1f cmd 0xe001: 0x0502
[22:05:16.909][D][main:661]: Received frame dest 0x0f cmd 0xe000: 0x05
[22:05:16.923][D][bshdbus:090]: Missed ACK for dest 0x0f of preceding frame
[22:05:16.960][D][bshdbus:061]: Discarding 10 bytes of unparsed data after timeout of 32 ms: 0x0a041fe00105020b6f1a
[22:05:18.912][D][main:661]: Received frame dest 0x0f cmd 0xe000: 0x05
[22:05:18.927][D][bshdbus:090]: Missed ACK for dest 0x0f of preceding frame
[22:05:18.962][D][bshdbus:061]: Discarding 10 bytes of unparsed data after timeout of 32 ms: 0x0a041fe00105020b6f1a
[22:05:19.124][S][sensor]: 'Uptime s' >> 1682 s
[22:05:19.399][S][sensor]: 'ESP Internal Temperature' >> 52.3 °C
[22:05:19.791][S][sensor]: 'WiFi RSSI' >> -75 dBm
[22:05:20.779][S][text_sensor]: 'Uptime' >> '00d 00h 28m 2s'
[22:05:20.918][D][main:661]: Received frame dest 0x0f cmd 0xe000: 0x05
[22:05:20.938][D][bshdbus:090]: Missed ACK for dest 0x0f of preceding frame
[22:05:20.949][D][bshdbus:061]: Discarding 1 bytes of unparsed data after timeout of 23 ms: 0x0a
[22:05:20.957][D][main:661]: Received frame dest 0x1f cmd 0xe001: 0x0502
[22:05:22.920][D][main:661]: Received frame dest 0x0f cmd 0xe000: 0x05
[22:05:22.930][D][bshdbus:090]: Missed ACK for dest 0x0f of preceding frame
[22:05:23.007][D][bshdbus:061]: Discarding 1 bytes of unparsed data after timeout of 27 ms: 0x0a
[22:05:23.013][D][main:661]: Received frame dest 0x1f cmd 0xe001: 0x0502
[22:05:24.924][D][main:661]: Received frame dest 0x0f cmd 0xe000: 0x05
[22:05:24.931][D][bshdbus:090]: Missed ACK for dest 0x0f of preceding frame
[22:05:24.950][D][bshdbus:061]: Discarding 1 bytes of unparsed data after timeout of 26 ms: 0x0a
[22:05:24.958][D][main:661]: Received frame dest 0x1f cmd 0xe001: 0x0502
[22:05:26.939][D][main:661]: Received frame dest 0x0f cmd 0xe000: 0x05
[22:05:26.980][D][bshdbus:090]: Missed ACK for dest 0x0f of preceding frame
[22:05:27.050][D][bshdbus:061]: Discarding 10 bytes of unparsed data after timeout of 32 ms: 0x0a041fe00105020b6f1a
[22:05:28.946][D][main:661]: Received frame dest 0x0f cmd 0xe000: 0x05
[22:05:28.956][D][bshdbus:090]: Missed ACK for dest 0x0f of preceding frame
[22:05:28.967][D][bshdbus:061]: Discarding 1 bytes of unparsed data after timeout of 26 ms: 0x0a
[22:05:28.980][D][main:661]: Received frame dest 0x1f cmd 0xe001: 0x0502
[22:05:30.934][D][main:661]: Received frame dest 0x0f cmd 0xe000: 0x05
[22:05:30.942][D][bshdbus:090]: Missed ACK for dest 0x0f of preceding frame
[22:05:30.958][D][bshdbus:061]: Discarding 1 bytes of unparsed data after timeout of 25 ms: 0x0a
[22:05:30.993][D][main:661]: Received frame dest 0x1f cmd 0xe001: 0x0502
[22:05:32.939][D][main:661]: Received frame dest 0x0f cmd 0xe000: 0x05
[22:05:32.951][D][bshdbus:090]: Missed ACK for dest 0x0f of preceding frame
[22:05:32.964][D][bshdbus:061]: Discarding 1 bytes of unparsed data after timeout of 28 ms: 0x0a
[22:05:32.978][D][main:661]: Received frame dest 0x1f cmd 0xe001: 0x0502
[22:05:34.967][D][main:661]: Received frame dest 0x0f cmd 0xe000: 0x05
[22:05:34.991][D][bshdbus:090]: Missed ACK for dest 0x0f of preceding frame
[22:05:35.000][D][bshdbus:061]: Discarding 10 bytes of unparsed data after timeout of 32 ms: 0x0a041fe00105020b6f1a
[22:05:36.945][D][main:661]: Received frame dest 0x0f cmd 0xe000: 0x05
[22:05:36.964][D][bshdbus:090]: Missed ACK for dest 0x0f of preceding frame
[22:05:37.015][D][bshdbus:061]: Discarding 10 bytes of unparsed data after timeout of 32 ms: 0x0a041fe00105020b6f1a
[22:05:38.948][D][main:661]: Received frame dest 0x0f cmd 0xe000: 0x05
[22:05:38.960][D][bshdbus:090]: Missed ACK for dest 0x0f of preceding frame
[22:05:38.977][D][bshdbus:061]: Discarding 1 bytes of unparsed data after timeout of 26 ms: 0x0a
[22:05:38.984][D][main:661]: Received frame dest 0x1f cmd 0xe001: 0x0502
[22:05:40.955][D][main:661]: Received frame dest 0x0f cmd 0xe000: 0x05
[22:05:40.963][D][bshdbus:090]: Missed ACK for dest 0x0f of preceding frame
[22:05:40.999][D][bshdbus:061]: Discarding 10 bytes of unparsed data after timeout of 32 ms: 0x0a041fe00105020b6f1a
[22:05:42.955][D][main:661]: Received frame dest 0x0f cmd 0xe000: 0x05
[22:05:42.987][D][bshdbus:090]: Missed ACK for dest 0x0f of preceding frame
[22:05:43.020][D][bshdbus:061]: Discarding 10 bytes of unparsed data after timeout of 32 ms: 0x0a041fe00105020b6f1a
[22:05:44.991][D][main:661]: Received frame dest 0x0f cmd 0xe000: 0x05
[22:05:45.020][D][bshdbus:090]: Missed ACK for dest 0x0f of preceding frame
[22:05:45.027][D][bshdbus:061]: Discarding 10 bytes of unparsed data after timeout of 32 ms: 0x0a041fe00105020b6f1a
[22:05:46.964][D][main:661]: Received frame dest 0x0f cmd 0xe000: 0x05
[22:05:46.972][D][bshdbus:090]: Missed ACK for dest 0x0f of preceding frame
[22:05:47.015][D][bshdbus:061]: Discarding 10 bytes of unparsed data after timeout of 33 ms: 0x0a041fe00105020b6f1a
[22:05:48.966][D][main:661]: Received frame dest 0x0f cmd 0xe000: 0x05
[22:05:48.973][D][bshdbus:090]: Missed ACK for dest 0x0f of preceding frame
[22:05:48.992][D][bshdbus:061]: Discarding 1 bytes of unparsed data after timeout of 27 ms: 0x0a
[22:05:49.000][D][main:661]: Received frame dest 0x1f cmd 0xe001: 0x0502
[22:05:50.970][D][main:661]: Received frame dest 0x0f cmd 0xe000: 0x05
[22:05:50.976][D][bshdbus:090]: Missed ACK for dest 0x0f of preceding frame
[22:05:50.997][D][bshdbus:061]: Discarding 1 bytes of unparsed data after timeout of 27 ms: 0x0a
[22:05:51.004][D][main:661]: Received frame dest 0x1f cmd 0xe001: 0x0502
[22:05:52.976][D][main:661]: Received frame dest 0x0f cmd 0xe000: 0x05
[22:05:53.027][D][bshdbus:090]: Missed ACK for dest 0x0f of preceding frame
[22:05:53.037][D][bshdbus:061]: Discarding 10 bytes of unparsed data after timeout of 33 ms: 0x0a041fe00105020b6f1a
[22:05:54.980][D][main:661]: Received frame dest 0x0f cmd 0xe000: 0x05
[22:05:55.029][D][bshdbus:090]: Missed ACK for dest 0x0f of preceding frame
[22:05:55.037][D][bshdbus:061]: Discarding 1 bytes of unparsed data after timeout of 25 ms: 0x0a
[22:05:55.048][D][main:661]: Received frame dest 0x1f cmd 0xe001: 0x0502
[22:05:56.983][D][main:661]: Received frame dest 0x0f cmd 0xe000: 0x05
[22:05:57.006][D][bshdbus:090]: Missed ACK for dest 0x0f of preceding frame
[22:05:57.021][D][bshdbus:061]: Discarding 1 bytes of unparsed data after timeout of 29 ms: 0x0a
[22:05:57.026][D][main:661]: Received frame dest 0x1f cmd 0xe001: 0x0502
[22:05:58.985][D][main:661]: Received frame dest 0x0f cmd 0xe000: 0x05
[22:05:58.999][D][bshdbus:090]: Missed ACK for dest 0x0f of preceding frame
[22:05:59.035][D][bshdbus:061]: Discarding 10 bytes of unparsed data after timeout of 32 ms: 0x0a041fe00105020b6f1a
[22:06:01.009][D][main:661]: Received frame dest 0x0f cmd 0xe000: 0x05
[22:06:01.020][D][bshdbus:090]: Missed ACK for dest 0x0f of preceding frame
[22:06:01.029][D][bshdbus:061]: Discarding 1 bytes of unparsed data after timeout of 22 ms: 0x0a
[22:06:01.037][D][main:661]: Received frame dest 0x1f cmd 0xe001: 0x0502
[22:06:02.992][D][main:661]: Received frame dest 0x0f cmd 0xe000: 0x05
[22:06:03.002][D][bshdbus:090]: Missed ACK for dest 0x0f of preceding frame
[22:06:03.013][D][bshdbus:061]: Discarding 1 bytes of unparsed data after timeout of 21 ms: 0x0a
[22:06:03.019][D][main:661]: Received frame dest 0x1f cmd 0xe001: 0x0502
[22:06:04.996][D][main:661]: Received frame dest 0x0f cmd 0xe000: 0x05
[22:06:05.004][D][bshdbus:090]: Missed ACK for dest 0x0f of preceding frame
[22:06:05.018][D][bshdbus:061]: Discarding 1 bytes of unparsed data after timeout of 24 ms: 0x0a
[22:06:05.025][D][main:661]: Received frame dest 0x1f cmd 0xe001: 0x0502
[22:06:06.999][D][main:661]: Received frame dest 0x0f cmd 0xe000: 0x05
[22:06:07.016][D][bshdbus:090]: Missed ACK for dest 0x0f of preceding frame
[22:06:07.035][D][bshdbus:061]: Discarding 1 bytes of unparsed data after timeout of 27 ms: 0x0a
[22:06:07.043][D][main:661]: Received frame dest 0x1f cmd 0xe001: 0x0502
[22:06:09.002][D][main:661]: Received frame dest 0x0f cmd 0xe000: 0x05
[22:06:09.014][D][bshdbus:090]: Missed ACK for dest 0x0f of preceding frame
[22:06:09.029][D][bshdbus:061]: Discarding 1 bytes of unparsed data after timeout of 27 ms: 0x0a
[22:06:09.041][D][main:661]: Received frame dest 0x1f cmd 0xe001: 0x0502
[22:06:11.006][D][main:661]: Received frame dest 0x0f cmd 0xe000: 0x05
[22:06:11.023][D][bshdbus:090]: Missed ACK for dest 0x0f of preceding frame
[22:06:11.060][D][bshdbus:061]: Discarding 10 bytes of unparsed data after timeout of 32 ms: 0x0a041fe00105020b6f1a
[22:06:13.011][D][main:661]: Received frame dest 0x0f cmd 0xe000: 0x05
[22:06:13.027][D][bshdbus:090]: Missed ACK for dest 0x0f of preceding frame
[22:06:13.037][D][bshdbus:061]: Discarding 1 bytes of unparsed data after timeout of 22 ms: 0x0a
[22:06:13.049][D][main:661]: Received frame dest 0x1f cmd 0xe001: 0x0502
[22:06:15.035][D][main:661]: Received frame dest 0x0f cmd 0xe000: 0x05
[22:06:15.042][D][bshdbus:090]: Missed ACK for dest 0x0f of preceding frame
[22:06:15.061][D][bshdbus:061]: Discarding 10 bytes of unparsed data after timeout of 32 ms: 0x0a041fe00105020b6f1a
[22:06:17.018][D][main:661]: Received frame dest 0x0f cmd 0xe000: 0x05
[22:06:17.041][D][bshdbus:090]: Missed ACK for dest 0x0f of preceding frame
[22:06:17.070][D][bshdbus:061]: Discarding 10 bytes of unparsed data after timeout of 32 ms: 0x0a041fe00105020b6f1a
[22:06:19.024][D][main:661]: Received frame dest 0x0f cmd 0xe000: 0x05
[22:06:19.052][D][bshdbus:090]: Missed ACK for dest 0x0f of preceding frame
[22:06:19.069][D][bshdbus:061]: Discarding 10 bytes of unparsed data after timeout of 32 ms: 0x0a041fe00105020b6f1a
[22:06:19.120][S][sensor]: 'Uptime s' >> 1742 s
[22:06:19.413][S][sensor]: 'ESP Internal Temperature' >> 52.3 °C
[22:06:19.798][S][sensor]: 'WiFi RSSI' >> -75 dBm
[22:06:20.778][S][text_sensor]: 'Uptime' >> '00d 00h 29m 2s'
[22:06:21.024][D][main:661]: Received frame dest 0x0f cmd 0xe000: 0x05
[22:06:21.032][D][bshdbus:090]: Missed ACK for dest 0x0f of preceding frame
[22:06:21.075][D][bshdbus:061]: Discarding 10 bytes of unparsed data after timeout of 32 ms: 0x0a041fe00105020b6f1a
[22:06:23.028][D][main:661]: Received frame dest 0x0f cmd 0xe000: 0x05
[22:06:23.040][D][bshdbus:090]: Missed ACK for dest 0x0f of preceding frame
[22:06:23.056][D][bshdbus:061]: Discarding 1 bytes of unparsed data after timeout of 28 ms: 0x0a
[22:06:23.064][D][main:661]: Received frame dest 0x1f cmd 0xe001: 0x0502
[22:06:25.032][D][main:661]: Received frame dest 0x0f cmd 0xe000: 0x05
[22:06:25.040][D][bshdbus:090]: Missed ACK for dest 0x0f of preceding frame
[22:06:25.085][D][bshdbus:061]: Discarding 10 bytes of unparsed data after timeout of 32 ms: 0x0a041fe00105020b6f1a
[22:06:27.037][D][main:661]: Received frame dest 0x0f cmd 0xe000: 0x05
[22:06:27.044][D][bshdbus:090]: Missed ACK for dest 0x0f of preceding frame
[22:06:27.058][D][bshdbus:061]: Discarding 1 bytes of unparsed data after timeout of 24 ms: 0x0a
[22:06:27.065][D][main:661]: Received frame dest 0x1f cmd 0xe001: 0x0502
[22:06:29.063][D][main:661]: Received frame dest 0x0f cmd 0xe000: 0x05
[22:06:29.083][D][bshdbus:090]: Missed ACK for dest 0x0f of preceding frame
[22:06:29.093][D][bshdbus:061]: Discarding 1 bytes of unparsed data after timeout of 24 ms: 0x0a
[22:06:29.098][D][main:661]: Received frame dest 0x1f cmd 0xe001: 0x0502
[22:06:31.042][D][main:661]: Received frame dest 0x0f cmd 0xe000: 0x05
[22:06:31.049][D][bshdbus:090]: Missed ACK for dest 0x0f of preceding frame
[22:06:31.101][D][bshdbus:061]: Discarding 10 bytes of unparsed data after timeout of 33 ms: 0x0a041fe00105020b6f1a
[22:06:33.076][D][main:661]: Received frame dest 0x0f cmd 0xe000: 0x05
[22:06:33.085][D][bshdbus:090]: Missed ACK for dest 0x0f of preceding frame
[22:06:33.097][D][bshdbus:061]: Discarding 10 bytes of unparsed data after timeout of 32 ms: 0x0a041fe00105020b6f1a
[22:06:35.050][D][main:661]: Received frame dest 0x0f cmd 0xe000: 0x05
[22:06:35.058][D][bshdbus:090]: Missed ACK for dest 0x0f of preceding frame
[22:06:35.108][D][bshdbus:061]: Discarding 10 bytes of unparsed data after timeout of 32 ms: 0x0a041fe00105020b6f1a
[22:06:37.054][D][main:661]: Received frame dest 0x0f cmd 0xe000: 0x05
[22:06:37.063][D][bshdbus:090]: Missed ACK for dest 0x0f of preceding frame
[22:06:37.099][D][bshdbus:061]: Discarding 10 bytes of unparsed data after timeout of 32 ms: 0x0a041fe00105020b6f1a
[22:06:39.061][D][main:661]: Received frame dest 0x0f cmd 0xe000: 0x05
[22:06:39.072][D][bshdbus:090]: Missed ACK for dest 0x0f of preceding frame
[22:06:39.109][D][bshdbus:061]: Discarding 10 bytes of unparsed data after timeout of 32 ms: 0x0a041fe00105020b6f1a
[22:06:41.064][D][main:661]: Received frame dest 0x0f cmd 0xe000: 0x05
[22:06:41.071][D][bshdbus:090]: Missed ACK for dest 0x0f of preceding frame
[22:06:41.111][D][bshdbus:061]: Discarding 10 bytes of unparsed data after timeout of 33 ms: 0x0a041fe00105020b6f1a
[22:06:43.065][D][main:661]: Received frame dest 0x0f cmd 0xe000: 0x05
[22:06:43.099][D][bshdbus:090]: Missed ACK for dest 0x0f of preceding frame
[22:06:43.113][D][bshdbus:061]: Discarding 10 bytes of unparsed data after timeout of 32 ms: 0x0a041fe00105020b6f1a
[22:06:45.069][D][main:661]: Received frame dest 0x0f cmd 0xe000: 0x05
[22:06:45.076][D][bshdbus:090]: Missed ACK for dest 0x0f of preceding frame
[22:06:45.133][D][bshdbus:061]: Discarding 10 bytes of unparsed data after timeout of 32 ms: 0x0a041fe00105020b6f1a
[22:06:47.075][D][main:661]: Received frame dest 0x0f cmd 0xe000: 0x05
[22:06:47.085][D][bshdbus:090]: Missed ACK for dest 0x0f of preceding frame
[22:06:47.093][D][bshdbus:061]: Discarding 1 bytes of unparsed data after timeout of 21 ms: 0x0a
[22:06:47.104][D][main:661]: Received frame dest 0x1f cmd 0xe001: 0x0502
[22:06:49.076][D][main:661]: Received frame dest 0x0f cmd 0xe000: 0x05
[22:06:49.090][D][bshdbus:090]: Missed ACK for dest 0x0f of preceding frame
[22:06:49.130][D][bshdbus:061]: Discarding 10 bytes of unparsed data after timeout of 32 ms: 0x0a041fe00105020b6f1a
[22:06:51.080][D][main:661]: Received frame dest 0x0f cmd 0xe000: 0x05
[22:06:51.088][D][bshdbus:090]: Missed ACK for dest 0x0f of preceding frame
[22:06:51.134][D][bshdbus:061]: Discarding 10 bytes of unparsed data after timeout of 32 ms: 0x0a041fe00105020b6f1a
[22:06:53.083][D][main:661]: Received frame dest 0x0f cmd 0xe000: 0x05
[22:06:53.096][D][bshdbus:090]: Missed ACK for dest 0x0f of preceding frame
[22:06:53.152][D][bshdbus:061]: Discarding 10 bytes of unparsed data after timeout of 32 ms: 0x0a041fe00105020b6f1a
[22:06:55.089][D][main:661]: Received frame dest 0x0f cmd 0xe000: 0x05
[22:06:55.101][D][bshdbus:090]: Missed ACK for dest 0x0f of preceding frame
[22:06:55.143][D][bshdbus:061]: Discarding 10 bytes of unparsed data after timeout of 32 ms: 0x0a041fe00105020b6f1a
[22:06:57.092][D][main:661]: Received frame dest 0x0f cmd 0xe000: 0x05
[22:06:57.110][D][bshdbus:090]: Missed ACK for dest 0x0f of preceding frame
[22:06:57.138][D][bshdbus:061]: Discarding 1 bytes of unparsed data after timeout of 21 ms: 0x0a
[22:06:57.146][D][main:661]: Received frame dest 0x1f cmd 0xe001: 0x0502
[22:06:59.103][D][main:661]: Received frame dest 0x0f cmd 0xe000: 0x05
[22:06:59.121][D][bshdbus:090]: Missed ACK for dest 0x0f of preceding frame
[22:06:59.188][D][bshdbus:061]: Discarding 1 bytes of unparsed data after timeout of 25 ms: 0x0a
[22:06:59.203][D][main:661]: Received frame dest 0x1f cmd 0xe001: 0x0502
[22:07:01.104][D][main:661]: Received frame dest 0x0f cmd 0xe000: 0x05
[22:07:01.122][D][bshdbus:090]: Missed ACK for dest 0x0f of preceding frame
[22:07:01.139][D][bshdbus:061]: Discarding 1 bytes of unparsed data after timeout of 26 ms: 0x0a
[22:07:01.145][D][main:661]: Received frame dest 0x1f cmd 0xe001: 0x0502
[22:07:03.117][D][main:661]: Received frame dest 0x0f cmd 0xe000: 0x05
[22:07:03.135][D][bshdbus:090]: Missed ACK for dest 0x0f of preceding frame
[22:07:03.182][D][bshdbus:061]: Discarding 1 bytes of unparsed data after timeout of 26 ms: 0x0a
[22:07:03.189][D][main:661]: Received frame dest 0x1f cmd 0xe001: 0x0502
[22:07:05.105][D][main:661]: Received frame dest 0x0f cmd 0xe000: 0x05
[22:07:05.111][D][bshdbus:090]: Missed ACK for dest 0x0f of preceding frame
[22:07:05.159][D][bshdbus:061]: Discarding 10 bytes of unparsed data after timeout of 32 ms: 0x0a041fe00105020b6f1a
[22:07:07.109][D][main:661]: Received frame dest 0x0f cmd 0xe000: 0x05
[22:07:07.116][D][bshdbus:090]: Missed ACK for dest 0x0f of preceding frame
[22:07:07.130][D][bshdbus:061]: Discarding 1 bytes of unparsed data after timeout of 22 ms: 0x0a
[22:07:07.149][D][main:661]: Received frame dest 0x1f cmd 0xe001: 0x0502
[22:07:09.116][D][main:661]: Received frame dest 0x0f cmd 0xe000: 0x05
[22:07:09.125][D][bshdbus:090]: Missed ACK for dest 0x0f of preceding frame
[22:07:09.181][D][bshdbus:061]: Discarding 10 bytes of unparsed data after timeout of 32 ms: 0x0a041fe00105020b6f1a
[22:07:11.117][D][main:661]: Received frame dest 0x0f cmd 0xe000: 0x05
[22:07:11.130][D][bshdbus:090]: Missed ACK for dest 0x0f of preceding frame
[22:07:11.164][D][bshdbus:061]: Discarding 10 bytes of unparsed data after timeout of 32 ms: 0x0a041fe00105020b6f1a
[22:07:13.120][D][main:661]: Received frame dest 0x0f cmd 0xe000: 0x05
[22:07:13.129][D][bshdbus:090]: Missed ACK for dest 0x0f of preceding frame
[22:07:13.140][D][bshdbus:061]: Discarding 1 bytes of unparsed data after timeout of 22 ms: 0x0a
[22:07:13.277][D][main:661]: Received frame dest 0x1f cmd 0xe001: 0x0502
[22:07:15.132][D][main:661]: Received frame dest 0x0f cmd 0xe000: 0x05
[22:07:15.150][D][bshdbus:090]: Missed ACK for dest 0x0f of preceding frame
[22:07:15.177][D][bshdbus:061]: Discarding 10 bytes of unparsed data after timeout of 32 ms: 0x0a041fe00105020b6f1a
[22:07:17.127][D][main:661]: Received frame dest 0x0f cmd 0xe000: 0x05
[22:07:17.137][D][bshdbus:090]: Missed ACK for dest 0x0f of preceding frame
[22:07:17.153][D][bshdbus:061]: Discarding 1 bytes of unparsed data after timeout of 25 ms: 0x0a
[22:07:17.165][D][main:661]: Received frame dest 0x1f cmd 0xe001: 0x0502
[22:07:19.148][S][sensor]: 'Uptime s' >> 1802 s
[22:07:19.169][D][main:661]: Received frame dest 0x0f cmd 0xe000: 0x05
[22:07:19.175][D][bshdbus:090]: Missed ACK for dest 0x0f of preceding frame
[22:07:19.184][D][bshdbus:061]: Discarding 10 bytes of unparsed data after timeout of 32 ms: 0x0a041fe00105020b6f1a
[22:07:19.405][S][sensor]: 'ESP Internal Temperature' >> 52.3 °C
[22:07:19.768][S][sensor]: 'WiFi RSSI' >> -78 dBm
[22:07:20.786][S][text_sensor]: 'Uptime' >> '00d 00h 30m 2s'
[22:07:21.134][D][main:661]: Received frame dest 0x0f cmd 0xe000: 0x05
[22:07:21.142][D][bshdbus:090]: Missed ACK for dest 0x0f of preceding frame
[22:07:21.182][D][bshdbus:061]: Discarding 10 bytes of unparsed data after timeout of 32 ms: 0x0a041fe00105020b6f1a
[22:07:22.655][D][sntp:099]: Synchronized time: 2026-09-16 22:07:46
[22:07:23.195][D][main:661]: Received frame dest 0x0f cmd 0xe000: 0x05
[22:07:23.203][D][bshdbus:090]: Missed ACK for dest 0x0f of preceding frame
[22:07:23.213][D][bshdbus:061]: Discarding 1 bytes of unparsed data after timeout of 28 ms: 0x0a
[22:07:23.219][D][main:661]: Received frame dest 0x1f cmd 0xe001: 0x0502
[22:07:25.144][D][main:661]: Received frame dest 0x0f cmd 0xe000: 0x05
[22:07:25.158][D][bshdbus:090]: Missed ACK for dest 0x0f of preceding frame
[22:07:25.168][D][bshdbus:061]: Discarding 1 bytes of unparsed data after timeout of 27 ms: 0x0a
[22:07:25.176][D][main:661]: Received frame dest 0x1f cmd 0xe001: 0x0502
[22:07:27.146][D][main:661]: Received frame dest 0x0f cmd 0xe000: 0x05
[22:07:27.165][D][bshdbus:090]: Missed ACK for dest 0x0f of preceding frame
[22:07:27.178][D][bshdbus:061]: Discarding 1 bytes of unparsed data after timeout of 27 ms: 0x0a
[22:07:27.184][D][main:661]: Received frame dest 0x1f cmd 0xe001: 0x0502
[22:07:29.180][D][main:661]: Received frame dest 0x0f cmd 0xe000: 0x05
[22:07:29.190][D][bshdbus:090]: Missed ACK for dest 0x0f of preceding frame
[22:07:29.201][D][bshdbus:061]: Discarding 10 bytes of unparsed data after timeout of 32 ms: 0x0a041fe00105020b6f1a
[22:07:31.153][D][main:661]: Received frame dest 0x0f cmd 0xe000: 0x05
[22:07:31.160][D][bshdbus:090]: Missed ACK for dest 0x0f of preceding frame
[22:07:31.211][D][bshdbus:061]: Discarding 10 bytes of unparsed data after timeout of 32 ms: 0x0a041fe00105020b6f1a
[22:07:33.160][D][main:661]: Received frame dest 0x0f cmd 0xe000: 0x05
[22:07:33.201][D][bshdbus:090]: Missed ACK for dest 0x0f of preceding frame
[22:07:33.242][D][bshdbus:061]: Discarding 1 bytes of unparsed data after timeout of 21 ms: 0x0a
[22:07:33.253][D][main:661]: Received frame dest 0x1f cmd 0xe001: 0x0502
[22:07:35.214][D][main:661]: Received frame dest 0x0f cmd 0xe000: 0x05
[22:07:35.222][D][bshdbus:090]: Missed ACK for dest 0x0f of preceding frame
[22:07:35.281][D][bshdbus:061]: Discarding 1 bytes of unparsed data after timeout of 21 ms: 0x0a
[22:07:35.289][D][main:661]: Received frame dest 0x1f cmd 0xe001: 0x0502
[22:07:37.194][D][main:661]: Received frame dest 0x0f cmd 0xe000: 0x05
[22:07:37.202][D][bshdbus:090]: Missed ACK for dest 0x0f of preceding frame
[22:07:37.213][D][bshdbus:061]: Discarding 1 bytes of unparsed data after timeout of 24 ms: 0x0a
[22:07:37.222][D][main:661]: Received frame dest 0x1f cmd 0xe001: 0x0502
[22:07:39.167][D][main:661]: Received frame dest 0x0f cmd 0xe000: 0x05
[22:07:39.176][D][bshdbus:090]: Missed ACK for dest 0x0f of preceding frame
[22:07:39.220][D][bshdbus:061]: Discarding 10 bytes of unparsed data after timeout of 32 ms: 0x0a041fe00105020b6f1a
[22:07:41.171][D][main:661]: Received frame dest 0x0f cmd 0xe000: 0x05
[22:07:41.186][D][bshdbus:090]: Missed ACK for dest 0x0f of preceding frame
[22:07:41.202][D][bshdbus:061]: Discarding 1 bytes of unparsed data after timeout of 24 ms: 0x0a
[22:07:41.207][D][main:661]: Received frame dest 0x1f cmd 0xe001: 0x0502
[22:07:43.175][D][main:661]: Received frame dest 0x0f cmd 0xe000: 0x05
[22:07:43.255][D][bshdbus:090]: Missed ACK for dest 0x0f of preceding frame
[22:07:43.264][D][bshdbus:061]: Discarding 1 bytes of unparsed data after timeout of 22 ms: 0x0a
[22:07:43.276][D][main:661]: Received frame dest 0x1f cmd 0xe001: 0x0502
[22:07:45.178][D][main:661]: Received frame dest 0x0f cmd 0xe000: 0x05
[22:07:45.190][D][bshdbus:090]: Missed ACK for dest 0x0f of preceding frame
[22:07:45.198][D][bshdbus:061]: Discarding 1 bytes of unparsed data after timeout of 21 ms: 0x0a
[22:07:45.205][D][main:661]: Received frame dest 0x1f cmd 0xe001: 0x0502
[22:07:47.184][D][main:661]: Received frame dest 0x0f cmd 0xe000: 0x05
[22:07:47.192][D][bshdbus:090]: Missed ACK for dest 0x0f of preceding frame
[22:07:47.202][D][bshdbus:061]: Discarding 1 bytes of unparsed data after timeout of 21 ms: 0x0a
[22:07:47.210][D][main:661]: Received frame dest 0x1f cmd 0xe001: 0x0502
[22:07:49.186][D][main:661]: Received frame dest 0x0f cmd 0xe000: 0x05
[22:07:49.197][D][bshdbus:090]: Missed ACK for dest 0x0f of preceding frame
[22:07:49.269][D][bshdbus:061]: Discarding 10 bytes of unparsed data after timeout of 32 ms: 0x0a041fe00105020b6f1a
[22:07:51.190][D][main:661]: Received frame dest 0x0f cmd 0xe000: 0x05
[22:07:51.197][D][bshdbus:090]: Missed ACK for dest 0x0f of preceding frame
[22:07:51.240][D][bshdbus:061]: Discarding 10 bytes of unparsed data after timeout of 32 ms: 0x0a041fe00105020b6f1a
[22:07:53.196][D][main:661]: Received frame dest 0x0f cmd 0xe000: 0x05
[22:07:53.204][D][bshdbus:090]: Missed ACK for dest 0x0f of preceding frame
[22:07:53.242][D][bshdbus:061]: Discarding 1 bytes of unparsed data after timeout of 21 ms: 0x0a
[22:07:53.254][D][main:661]: Received frame dest 0x1f cmd 0xe001: 0x0502
[22:07:55.197][D][main:661]: Received frame dest 0x0f cmd 0xe000: 0x05
[22:07:55.203][D][bshdbus:090]: Missed ACK for dest 0x0f of preceding frame
[22:07:55.257][D][bshdbus:061]: Discarding 10 bytes of unparsed data after timeout of 32 ms: 0x0a041fe00105020b6f1a
[22:07:57.202][D][main:661]: Received frame dest 0x0f cmd 0xe000: 0x05
[22:07:57.212][D][bshdbus:090]: Missed ACK for dest 0x0f of preceding frame
[22:07:57.263][D][bshdbus:061]: Discarding 10 bytes of unparsed data after timeout of 32 ms: 0x0a041fe00105020b6f1a
[22:07:59.204][D][main:661]: Received frame dest 0x0f cmd 0xe000: 0x05
[22:07:59.214][D][bshdbus:090]: Missed ACK for dest 0x0f of preceding frame
[22:07:59.256][D][bshdbus:061]: Discarding 10 bytes of unparsed data after timeout of 32 ms: 0x0a041fe00105020b6f1a
[22:08:01.214][D][main:661]: Received frame dest 0x0f cmd 0xe000: 0x05
[22:08:01.222][D][bshdbus:090]: Missed ACK for dest 0x0f of preceding frame
[22:08:01.257][D][bshdbus:061]: Discarding 10 bytes of unparsed data after timeout of 32 ms: 0x0a041fe00105020b6f1a
[22:08:03.247][D][main:661]: Received frame dest 0x0f cmd 0xe000: 0x05
[22:08:03.275][D][bshdbus:090]: Missed ACK for dest 0x0f of preceding frame
[22:08:03.286][D][bshdbus:061]: Discarding 1 bytes of unparsed data after timeout of 21 ms: 0x0a
[22:08:03.298][D][main:661]: Received frame dest 0x1f cmd 0xe001: 0x0502
[22:08:05.215][D][main:661]: Received frame dest 0x0f cmd 0xe000: 0x05
[22:08:05.223][D][bshdbus:090]: Missed ACK for dest 0x0f of preceding frame
[22:08:05.266][D][bshdbus:061]: Discarding 10 bytes of unparsed data after timeout of 32 ms: 0x0a041fe00105020b6f1a
[22:08:07.219][D][main:661]: Received frame dest 0x0f cmd 0xe000: 0x05
[22:08:07.228][D][bshdbus:090]: Missed ACK for dest 0x0f of preceding frame
[22:08:07.267][D][bshdbus:061]: Discarding 10 bytes of unparsed data after timeout of 32 ms: 0x0a041fe00105020b6f1a
[22:08:09.222][D][main:661]: Received frame dest 0x0f cmd 0xe000: 0x05
[22:08:09.230][D][bshdbus:090]: Missed ACK for dest 0x0f of preceding frame
[22:08:09.268][D][bshdbus:061]: Discarding 10 bytes of unparsed data after timeout of 32 ms: 0x0a041fe00105020b6f1a
[22:08:11.227][D][main:661]: Received frame dest 0x0f cmd 0xe000: 0x05
[22:08:11.237][D][bshdbus:090]: Missed ACK for dest 0x0f of preceding frame
[22:08:11.252][D][bshdbus:061]: Discarding 1 bytes of unparsed data after timeout of 27 ms: 0x0a
[22:08:11.258][D][main:661]: Received frame dest 0x1f cmd 0xe001: 0x0502
[22:08:13.237][D][main:661]: Received frame dest 0x0f cmd 0xe000: 0x05
[22:08:13.249][D][bshdbus:090]: Missed ACK for dest 0x0f of preceding frame
[22:08:13.279][D][bshdbus:061]: Discarding 10 bytes of unparsed data after timeout of 32 ms: 0x0a041fe00105020b6f1a
[22:08:15.242][D][main:661]: Received frame dest 0x0f cmd 0xe000: 0x05
[22:08:15.250][D][bshdbus:090]: Missed ACK for dest 0x0f of preceding frame
[22:08:15.260][D][bshdbus:061]: Discarding 1 bytes of unparsed data after timeout of 29 ms: 0x0a
[22:08:15.272][D][main:661]: Received frame dest 0x1f cmd 0xe001: 0x0502
[22:08:17.237][D][main:661]: Received frame dest 0x0f cmd 0xe000: 0x05
[22:08:17.244][D][bshdbus:090]: Missed ACK for dest 0x0f of preceding frame
[22:08:17.294][D][bshdbus:061]: Discarding 10 bytes of unparsed data after timeout of 32 ms: 0x0a041fe00105020b6f1a
[22:08:19.151][S][sensor]: 'Uptime s' >> 1862 s
[22:08:19.249][D][main:661]: Received frame dest 0x0f cmd 0xe000: 0x05
[22:08:19.264][D][bshdbus:090]: Missed ACK for dest 0x0f of preceding frame
[22:08:19.271][D][bshdbus:061]: Discarding 1 bytes of unparsed data after timeout of 23 ms: 0x0a
[22:08:19.278][D][main:661]: Received frame dest 0x1f cmd 0xe001: 0x0502
[22:08:19.411][S][sensor]: 'ESP Internal Temperature' >> 53.3 °C
[22:08:19.750][S][sensor]: 'WiFi RSSI' >> -73 dBm
[22:08:20.830][S][text_sensor]: 'Uptime' >> '00d 00h 31m 2s'
[22:08:21.244][D][main:661]: Received frame dest 0x0f cmd 0xe000: 0x05
[22:08:21.256][D][bshdbus:090]: Missed ACK for dest 0x0f of preceding frame
[22:08:21.268][D][bshdbus:061]: Discarding 1 bytes of unparsed data after timeout of 23 ms: 0x0a
[22:08:21.277][D][main:661]: Received frame dest 0x1f cmd 0xe001: 0x0502
[22:08:23.247][D][main:661]: Received frame dest 0x0f cmd 0xe000: 0x05
[22:08:23.256][D][bshdbus:090]: Missed ACK for dest 0x0f of preceding frame
[22:08:23.273][D][bshdbus:061]: Discarding 1 bytes of unparsed data after timeout of 26 ms: 0x0a
[22:08:23.280][D][main:661]: Received frame dest 0x1f cmd 0xe001: 0x0502
[22:08:25.251][D][main:661]: Received frame dest 0x0f cmd 0xe000: 0x05
[22:08:25.260][D][bshdbus:090]: Missed ACK for dest 0x0f of preceding frame
[22:08:25.303][D][bshdbus:061]: Discarding 10 bytes of unparsed data after timeout of 32 ms: 0x0a041fe00105020b6f1a
[22:08:27.254][D][main:661]: Received frame dest 0x0f cmd 0xe000: 0x05
[22:08:27.262][D][bshdbus:090]: Missed ACK for dest 0x0f of preceding frame
[22:08:27.279][D][bshdbus:061]: Discarding 1 bytes of unparsed data after timeout of 26 ms: 0x0a
[22:08:27.289][D][main:661]: Received frame dest 0x1f cmd 0xe001: 0x0502
[22:08:29.260][D][main:661]: Received frame dest 0x0f cmd 0xe000: 0x05
[22:08:29.325][D][bshdbus:090]: Missed ACK for dest 0x0f of preceding frame
[22:08:29.333][D][bshdbus:061]: Discarding 1 bytes of unparsed data after timeout of 23 ms: 0x0a
[22:08:29.345][D][main:661]: Received frame dest 0x1f cmd 0xe001: 0x0502
[22:08:31.262][D][main:661]: Received frame dest 0x0f cmd 0xe000: 0x05
[22:08:31.269][D][bshdbus:090]: Missed ACK for dest 0x0f of preceding frame
[22:08:31.289][D][bshdbus:061]: Discarding 1 bytes of unparsed data after timeout of 27 ms: 0x0a
[22:08:31.297][D][main:661]: Received frame dest 0x1f cmd 0xe001: 0x0502
[22:08:33.274][D][main:661]: Received frame dest 0x0f cmd 0xe000: 0x05
[22:08:33.307][D][bshdbus:090]: Missed ACK for dest 0x0f of preceding frame
[22:08:33.331][D][bshdbus:061]: Discarding 1 bytes of unparsed data after timeout of 25 ms: 0x0a
[22:08:33.337][D][main:661]: Received frame dest 0x1f cmd 0xe001: 0x0502
[22:08:35.270][D][main:661]: Received frame dest 0x0f cmd 0xe000: 0x05
[22:08:35.276][D][bshdbus:090]: Missed ACK for dest 0x0f of preceding frame
[22:08:35.341][D][bshdbus:061]: Discarding 10 bytes of unparsed data after timeout of 32 ms: 0x0a041fe00105020b6f1a
[22:08:37.275][D][main:661]: Received frame dest 0x0f cmd 0xe000: 0x05
[22:08:37.285][D][bshdbus:090]: Missed ACK for dest 0x0f of preceding frame
[22:08:37.320][D][bshdbus:061]: Discarding 10 bytes of unparsed data after timeout of 32 ms: 0x0a041fe00105020b6f1a
[22:08:39.278][D][main:661]: Received frame dest 0x0f cmd 0xe000: 0x05
[22:08:39.290][D][bshdbus:090]: Missed ACK for dest 0x0f of preceding frame
[22:08:39.323][D][bshdbus:061]: Discarding 10 bytes of unparsed data after timeout of 32 ms: 0x0a041fe00105020b6f1a
[22:08:41.281][D][main:661]: Received frame dest 0x0f cmd 0xe000: 0x05
[22:08:41.287][D][bshdbus:090]: Missed ACK for dest 0x0f of preceding frame
[22:08:41.349][D][bshdbus:061]: Discarding 10 bytes of unparsed data after timeout of 32 ms: 0x0a041fe00105020b6f1a
[22:08:43.286][D][main:661]: Received frame dest 0x0f cmd 0xe000: 0x05
[22:08:43.317][D][bshdbus:090]: Missed ACK for dest 0x0f of preceding frame
[22:08:43.326][D][bshdbus:061]: Discarding 1 bytes of unparsed data after timeout of 21 ms: 0x0a
[22:08:43.331][D][main:661]: Received frame dest 0x1f cmd 0xe001: 0x0502
[22:08:45.287][D][main:661]: Received frame dest 0x0f cmd 0xe000: 0x05
[22:08:45.295][D][bshdbus:090]: Missed ACK for dest 0x0f of preceding frame
[22:08:45.312][D][bshdbus:061]: Discarding 1 bytes of unparsed data after timeout of 24 ms: 0x0a
[22:08:45.319][D][main:661]: Received frame dest 0x1f cmd 0xe001: 0x0502
[22:08:47.302][D][main:661]: Received frame dest 0x0f cmd 0xe000: 0x05
[22:08:47.311][D][bshdbus:090]: Missed ACK for dest 0x0f of preceding frame
[22:08:47.341][D][bshdbus:061]: Discarding 10 bytes of unparsed data after timeout of 33 ms: 0x0a041fe00105020b6f1a
[22:08:49.295][D][main:661]: Received frame dest 0x0f cmd 0xe000: 0x05
[22:08:49.302][D][bshdbus:090]: Missed ACK for dest 0x0f of preceding frame
[22:08:49.368][D][bshdbus:061]: Discarding 10 bytes of unparsed data after timeout of 32 ms: 0x0a041fe00105020b6f1a
[22:08:51.298][D][main:661]: Received frame dest 0x0f cmd 0xe000: 0x05
[22:08:51.309][D][bshdbus:090]: Missed ACK for dest 0x0f of preceding frame
[22:08:51.346][D][bshdbus:061]: Discarding 10 bytes of unparsed data after timeout of 32 ms: 0x0a041fe00105020b6f1a
[22:08:53.303][D][main:661]: Received frame dest 0x0f cmd 0xe000: 0x05
[22:08:53.317][D][bshdbus:090]: Missed ACK for dest 0x0f of preceding frame
[22:08:53.353][D][bshdbus:061]: Discarding 10 bytes of unparsed data after timeout of 32 ms: 0x0a041fe00105020b6f1a
[22:08:55.305][D][main:661]: Received frame dest 0x0f cmd 0xe000: 0x05
[22:08:55.323][D][bshdbus:090]: Missed ACK for dest 0x0f of preceding frame
[22:08:55.355][D][bshdbus:061]: Discarding 10 bytes of unparsed data after timeout of 32 ms: 0x0a041fe00105020b6f1a
[22:08:57.309][D][main:661]: Received frame dest 0x0f cmd 0xe000: 0x05
[22:08:57.321][D][bshdbus:090]: Missed ACK for dest 0x0f of preceding frame
[22:08:57.360][D][bshdbus:061]: Discarding 10 bytes of unparsed data after timeout of 32 ms: 0x0a041fe00105020b6f1a
[22:08:59.313][D][main:661]: Received frame dest 0x0f cmd 0xe000: 0x05
[22:08:59.320][D][bshdbus:090]: Missed ACK for dest 0x0f of preceding frame
[22:08:59.366][D][bshdbus:061]: Discarding 10 bytes of unparsed data after timeout of 32 ms: 0x0a041fe00105020b6f1a
[22:09:01.329][D][main:661]: Received frame dest 0x0f cmd 0xe000: 0x05
[22:09:01.337][D][bshdbus:090]: Missed ACK for dest 0x0f of preceding frame
[22:09:01.362][D][bshdbus:061]: Discarding 10 bytes of unparsed data after timeout of 32 ms: 0x0a041fe00105020b6f1a
[22:09:03.321][D][main:661]: Received frame dest 0x0f cmd 0xe000: 0x05
[22:09:03.328][D][bshdbus:090]: Missed ACK for dest 0x0f of preceding frame
[22:09:03.372][D][bshdbus:061]: Discarding 10 bytes of unparsed data after timeout of 32 ms: 0x0a041fe00105020b6f1a
[22:09:05.335][D][main:661]: Received frame dest 0x0f cmd 0xe000: 0x05
[22:09:05.345][D][bshdbus:090]: Missed ACK for dest 0x0f of preceding frame
[22:09:05.376][D][bshdbus:061]: Discarding 10 bytes of unparsed data after timeout of 32 ms: 0x0a041fe00105020b6f1a
[22:09:07.329][D][main:661]: Received frame dest 0x0f cmd 0xe000: 0x05
[22:09:07.340][D][bshdbus:090]: Missed ACK for dest 0x0f of preceding frame
[22:09:07.379][D][bshdbus:061]: Discarding 10 bytes of unparsed data after timeout of 32 ms: 0x0a041fe00105020b6f1a
[22:09:09.333][D][main:661]: Received frame dest 0x0f cmd 0xe000: 0x05
[22:09:09.356][D][bshdbus:090]: Missed ACK for dest 0x0f of preceding frame
[22:09:09.362][D][bshdbus:061]: Discarding 1 bytes of unparsed data after timeout of 22 ms: 0x0a
[22:09:09.368][D][main:661]: Received frame dest 0x1f cmd 0xe001: 0x0502
[22:09:11.335][D][main:661]: Received frame dest 0x0f cmd 0xe000: 0x05
[22:09:11.364][D][bshdbus:090]: Missed ACK for dest 0x0f of preceding frame
[22:09:11.388][D][bshdbus:061]: Discarding 10 bytes of unparsed data after timeout of 32 ms: 0x0a041fe00105020b6f1a
[22:09:13.339][D][main:661]: Received frame dest 0x0f cmd 0xe000: 0x05
[22:09:13.347][D][bshdbus:090]: Missed ACK for dest 0x0f of preceding frame
[22:09:13.364][D][bshdbus:061]: Discarding 1 bytes of unparsed data after timeout of 21 ms: 0x0a
[22:09:13.371][D][main:661]: Received frame dest 0x1f cmd 0xe001: 0x0502
[22:09:15.353][D][main:661]: Received frame dest 0x0f cmd 0xe000: 0x05
[22:09:15.389][D][bshdbus:090]: Missed ACK for dest 0x0f of preceding frame
[22:09:15.395][D][bshdbus:061]: Discarding 1 bytes of unparsed data after timeout of 22 ms: 0x0a
[22:09:15.401][D][main:661]: Received frame dest 0x1f cmd 0xe001: 0x0502
[22:09:17.345][D][main:661]: Received frame dest 0x0f cmd 0xe000: 0x05
[22:09:17.353][D][bshdbus:090]: Missed ACK for dest 0x0f of preceding frame
[22:09:17.405][D][bshdbus:061]: Discarding 10 bytes of unparsed data after timeout of 33 ms: 0x0a041fe00105020b6f1a
[22:09:19.144][S][sensor]: 'Uptime s' >> 1922 s
[22:09:19.349][D][main:661]: Received frame dest 0x0f cmd 0xe000: 0x05
[22:09:19.367][D][bshdbus:090]: Missed ACK for dest 0x0f of preceding frame
[22:09:19.405][S][sensor]: 'ESP Internal Temperature' >> 52.3 °C
[22:09:19.412][D][bshdbus:061]: Discarding 10 bytes of unparsed data after timeout of 34 ms: 0x0a041fe00105020b6f1a
[22:09:19.741][S][sensor]: 'WiFi RSSI' >> -75 dBm
[22:09:20.786][S][text_sensor]: 'Uptime' >> '00d 00h 32m 2s'
[22:09:21.353][D][main:661]: Received frame dest 0x0f cmd 0xe000: 0x05
[22:09:21.369][D][bshdbus:090]: Missed ACK for dest 0x0f of preceding frame
[22:09:21.403][D][bshdbus:061]: Discarding 10 bytes of unparsed data after timeout of 32 ms: 0x0a041fe00105020b6f1a
[22:09:23.357][D][main:661]: Received frame dest 0x0f cmd 0xe000: 0x05
[22:09:23.371][D][bshdbus:090]: Missed ACK for dest 0x0f of preceding frame
[22:09:23.402][D][bshdbus:061]: Discarding 10 bytes of unparsed data after timeout of 32 ms: 0x0a041fe00105020b6f1a
[22:09:25.360][D][main:661]: Received frame dest 0x0f cmd 0xe000: 0x05
[22:09:25.373][D][bshdbus:090]: Missed ACK for dest 0x0f of preceding frame
[22:09:25.434][D][bshdbus:061]: Discarding 10 bytes of unparsed data after timeout of 32 ms: 0x0a041fe00105020b6f1a
[22:09:27.364][D][main:661]: Received frame dest 0x0f cmd 0xe000: 0x05
[22:09:27.374][D][bshdbus:090]: Missed ACK for dest 0x0f of preceding frame
[22:09:27.387][D][bshdbus:061]: Discarding 1 bytes of unparsed data after timeout of 25 ms: 0x0a
[22:09:27.394][D][main:661]: Received frame dest 0x1f cmd 0xe001: 0x0502
[22:09:29.390][D][main:661]: Received frame dest 0x0f cmd 0xe000: 0x05
[22:09:29.398][D][bshdbus:090]: Missed ACK for dest 0x0f of preceding frame
[22:09:29.404][D][bshdbus:061]: Discarding 1 bytes of unparsed data after timeout of 23 ms: 0x0a
[22:09:29.409][D][main:661]: Received frame dest 0x1f cmd 0xe001: 0x0502
[22:09:31.374][D][main:661]: Received frame dest 0x0f cmd 0xe000: 0x05
[22:09:31.396][D][bshdbus:090]: Missed ACK for dest 0x0f of preceding frame
[22:09:31.445][D][bshdbus:061]: Discarding 10 bytes of unparsed data after timeout of 32 ms: 0x0a041fe00105020b6f1a
[22:09:33.378][D][main:661]: Received frame dest 0x0f cmd 0xe000: 0x05
[22:09:33.408][D][bshdbus:090]: Missed ACK for dest 0x0f of preceding frame
[22:09:33.414][D][bshdbus:061]: Discarding 1 bytes of unparsed data after timeout of 29 ms: 0x0a
[22:09:33.421][D][main:661]: Received frame dest 0x1f cmd 0xe001: 0x0502
[22:09:35.379][D][main:661]: Received frame dest 0x0f cmd 0xe000: 0x05
[22:09:35.386][D][bshdbus:090]: Missed ACK for dest 0x0f of preceding frame
[22:09:35.458][D][bshdbus:061]: Discarding 10 bytes of unparsed data after timeout of 32 ms: 0x0a041fe00105020b6f1a
[22:09:37.383][D][main:661]: Received frame dest 0x0f cmd 0xe000: 0x05
[22:09:37.391][D][bshdbus:090]: Missed ACK for dest 0x0f of preceding frame
[22:09:37.435][D][bshdbus:061]: Discarding 10 bytes of unparsed data after timeout of 32 ms: 0x0a041fe00105020b6f1a
[22:09:39.387][D][main:661]: Received frame dest 0x0f cmd 0xe000: 0x05
[22:09:39.396][D][bshdbus:090]: Missed ACK for dest 0x0f of preceding frame
[22:09:39.436][D][bshdbus:061]: Discarding 10 bytes of unparsed data after timeout of 32 ms: 0x0a041fe00105020b6f1a
[22:09:41.391][D][main:661]: Received frame dest 0x0f cmd 0xe000: 0x05
[22:09:41.397][D][bshdbus:090]: Missed ACK for dest 0x0f of preceding frame
[22:09:41.417][D][bshdbus:061]: Discarding 1 bytes of unparsed data after timeout of 26 ms: 0x0a
[22:09:41.423][D][main:661]: Received frame dest 0x1f cmd 0xe001: 0x0502
[22:09:43.394][D][main:661]: Received frame dest 0x0f cmd 0xe000: 0x05
[22:09:43.430][D][bshdbus:090]: Missed ACK for dest 0x0f of preceding frame
[22:09:43.439][D][bshdbus:061]: Discarding 1 bytes of unparsed data after timeout of 23 ms: 0x0a
[22:09:43.444][D][main:661]: Received frame dest 0x1f cmd 0xe001: 0x0502
[22:09:45.398][D][main:661]: Received frame dest 0x0f cmd 0xe000: 0x05
[22:09:45.406][D][bshdbus:090]: Missed ACK for dest 0x0f of preceding frame
[22:09:45.460][D][bshdbus:061]: Discarding 10 bytes of unparsed data after timeout of 32 ms: 0x0a041fe00105020b6f1a
[22:09:47.405][D][main:661]: Received frame dest 0x0f cmd 0xe000: 0x05
[22:09:47.414][D][bshdbus:090]: Missed ACK for dest 0x0f of preceding frame
[22:09:47.452][D][bshdbus:061]: Discarding 10 bytes of unparsed data after timeout of 32 ms: 0x0a041fe00105020b6f1a
[22:09:49.406][D][main:661]: Received frame dest 0x0f cmd 0xe000: 0x05
[22:09:49.415][D][bshdbus:090]: Missed ACK for dest 0x0f of preceding frame
[22:09:49.459][D][bshdbus:061]: Discarding 10 bytes of unparsed data after timeout of 32 ms: 0x0a041fe00105020b6f1a
[22:09:51.409][D][main:661]: Received frame dest 0x0f cmd 0xe000: 0x05
[22:09:51.420][D][bshdbus:090]: Missed ACK for dest 0x0f of preceding frame
[22:09:51.435][D][bshdbus:061]: Discarding 1 bytes of unparsed data after timeout of 27 ms: 0x0a
[22:09:51.442][D][main:661]: Received frame dest 0x1f cmd 0xe001: 0x0502
[22:09:53.413][D][main:661]: Received frame dest 0x0f cmd 0xe000: 0x05
[22:09:53.422][D][bshdbus:090]: Missed ACK for dest 0x0f of preceding frame
[22:09:53.450][D][bshdbus:061]: Discarding 1 bytes of unparsed data after timeout of 28 ms: 0x0a
[22:09:53.457][D][main:661]: Received frame dest 0x1f cmd 0xe001: 0x0502
[22:09:55.430][D][main:661]: Received frame dest 0x0f cmd 0xe000: 0x05
[22:09:55.525][D][bshdbus:090]: Missed ACK for dest 0x0f of preceding frame
[22:09:55.531][D][bshdbus:061]: Discarding 1 bytes of unparsed data after timeout of 25 ms: 0x0a
[22:09:55.538][D][main:661]: Received frame dest 0x1f cmd 0xe001: 0x0502
[22:09:57.420][D][main:661]: Received frame dest 0x0f cmd 0xe000: 0x05
[22:09:57.431][D][bshdbus:090]: Missed ACK for dest 0x0f of preceding frame
[22:09:57.468][D][bshdbus:061]: Discarding 10 bytes of unparsed data after timeout of 32 ms: 0x0a041fe00105020b6f1a
[22:09:59.424][D][main:661]: Received frame dest 0x0f cmd 0xe000: 0x05
[22:09:59.443][D][bshdbus:090]: Missed ACK for dest 0x0f of preceding frame
[22:09:59.489][D][bshdbus:061]: Discarding 10 bytes of unparsed data after timeout of 32 ms: 0x0a041fe00105020b6f1a
[22:10:01.435][D][main:661]: Received frame dest 0x0f cmd 0xe000: 0x05
[22:10:01.449][D][bshdbus:090]: Missed ACK for dest 0x0f of preceding frame
[22:10:01.480][D][bshdbus:061]: Discarding 10 bytes of unparsed data after timeout of 32 ms: 0x0a041fe00105020b6f1a
[22:10:03.432][D][main:661]: Received frame dest 0x0f cmd 0xe000: 0x05
[22:10:03.440][D][bshdbus:090]: Missed ACK for dest 0x0f of preceding frame
[22:10:03.462][D][bshdbus:061]: Discarding 1 bytes of unparsed data after timeout of 29 ms: 0x0a
[22:10:03.485][D][main:661]: Received frame dest 0x1f cmd 0xe001: 0x0502
[22:10:05.455][D][main:661]: Received frame dest 0x0f cmd 0xe000: 0x05
[22:10:05.464][D][bshdbus:090]: Missed ACK for dest 0x0f of preceding frame
[22:10:05.471][D][bshdbus:061]: Discarding 1 bytes of unparsed data after timeout of 25 ms: 0x0a
[22:10:05.477][D][main:661]: Received frame dest 0x1f cmd 0xe001: 0x0502
[22:10:07.439][D][main:661]: Received frame dest 0x0f cmd 0xe000: 0x05
[22:10:07.448][D][bshdbus:090]: Missed ACK for dest 0x0f of preceding frame
[22:10:07.460][D][bshdbus:061]: Discarding 1 bytes of unparsed data after timeout of 21 ms: 0x0a
[22:10:07.480][D][main:661]: Received frame dest 0x1f cmd 0xe001: 0x0502
[22:10:09.443][D][main:661]: Received frame dest 0x0f cmd 0xe000: 0x05
[22:10:09.451][D][bshdbus:090]: Missed ACK for dest 0x0f of preceding frame
[22:10:09.495][D][bshdbus:061]: Discarding 10 bytes of unparsed data after timeout of 32 ms: 0x0a041fe00105020b6f1a
[22:10:11.446][D][main:661]: Received frame dest 0x0f cmd 0xe000: 0x05
[22:10:11.469][D][bshdbus:090]: Missed ACK for dest 0x0f of preceding frame
[22:10:11.479][D][bshdbus:061]: Discarding 1 bytes of unparsed data after timeout of 29 ms: 0x0a
[22:10:11.486][D][main:661]: Received frame dest 0x1f cmd 0xe001: 0x0502
[22:10:13.450][D][main:661]: Received frame dest 0x0f cmd 0xe000: 0x05
[22:10:13.472][D][bshdbus:090]: Missed ACK for dest 0x0f of preceding frame
[22:10:13.480][D][bshdbus:061]: Discarding 1 bytes of unparsed data after timeout of 27 ms: 0x0a
[22:10:13.490][D][main:661]: Received frame dest 0x1f cmd 0xe001: 0x0502
[22:10:15.492][D][main:661]: Received frame dest 0x0f cmd 0xe000: 0x05
[22:10:15.505][D][bshdbus:090]: Missed ACK for dest 0x0f of preceding frame
[22:10:15.511][D][bshdbus:061]: Discarding 1 bytes of unparsed data after timeout of 26 ms: 0x0a
[22:10:15.522][D][main:661]: Received frame dest 0x1f cmd 0xe001: 0x0502
[22:10:17.459][D][main:661]: Received frame dest 0x0f cmd 0xe000: 0x05
[22:10:17.468][D][bshdbus:090]: Missed ACK for dest 0x0f of preceding frame
[22:10:17.477][D][bshdbus:061]: Discarding 1 bytes of unparsed data after timeout of 21 ms: 0x0a
[22:10:17.485][D][main:661]: Received frame dest 0x1f cmd 0xe001: 0x0502
[22:10:19.131][S][sensor]: 'Uptime s' >> 1982 s
[22:10:19.404][S][sensor]: 'ESP Internal Temperature' >> 52.3 °C
[22:10:19.461][D][main:661]: Received frame dest 0x0f cmd 0xe000: 0x05
[22:10:19.467][D][bshdbus:090]: Missed ACK for dest 0x0f of preceding frame
[22:10:19.514][D][bshdbus:061]: Discarding 10 bytes of unparsed data after timeout of 32 ms: 0x0a041fe00105020b6f1a
[22:10:19.738][S][sensor]: 'WiFi RSSI' >> -74 dBm
[22:10:20.789][S][text_sensor]: 'Uptime' >> '00d 00h 33m 2s'
[22:10:21.467][D][main:661]: Received frame dest 0x0f cmd 0xe000: 0x05
[22:10:21.474][D][bshdbus:090]: Missed ACK for dest 0x0f of preceding frame
[22:10:21.506][D][bshdbus:061]: Discarding 1 bytes of unparsed data after timeout of 28 ms: 0x0a
[22:10:21.513][D][main:661]: Received frame dest 0x1f cmd 0xe001: 0x0502
[22:10:23.469][D][main:661]: Received frame dest 0x0f cmd 0xe000: 0x05
[22:10:23.480][D][bshdbus:090]: Missed ACK for dest 0x0f of preceding frame
[22:10:23.493][D][bshdbus:061]: Discarding 1 bytes of unparsed data after timeout of 25 ms: 0x0a
[22:10:23.500][D][main:661]: Received frame dest 0x1f cmd 0xe001: 0x0502
[22:10:25.473][D][main:661]: Received frame dest 0x0f cmd 0xe000: 0x05
[22:10:25.481][D][bshdbus:090]: Missed ACK for dest 0x0f of preceding frame
[22:10:25.506][D][bshdbus:061]: Discarding 1 bytes of unparsed data after timeout of 21 ms: 0x0a
[22:10:25.514][D][main:661]: Received frame dest 0x1f cmd 0xe001: 0x0502
[22:10:27.476][D][main:661]: Received frame dest 0x0f cmd 0xe000: 0x05
[22:10:27.484][D][bshdbus:090]: Missed ACK for dest 0x0f of preceding frame
[22:10:27.524][D][bshdbus:061]: Discarding 10 bytes of unparsed data after timeout of 32 ms: 0x0a041fe00105020b6f1a
[22:10:29.496][D][main:661]: Received frame dest 0x0f cmd 0xe000: 0x05
[22:10:29.505][D][bshdbus:090]: Missed ACK for dest 0x0f of preceding frame
[22:10:29.513][D][bshdbus:061]: Discarding 1 bytes of unparsed data after timeout of 28 ms: 0x0a
[22:10:29.532][D][main:661]: Received frame dest 0x1f cmd 0xe001: 0x0502
[22:10:31.485][D][main:661]: Received frame dest 0x0f cmd 0xe000: 0x05
[22:10:31.497][D][bshdbus:090]: Missed ACK for dest 0x0f of preceding frame
[22:10:31.508][D][bshdbus:061]: Discarding 1 bytes of unparsed data after timeout of 24 ms: 0x0a
[22:10:31.541][D][main:661]: Received frame dest 0x1f cmd 0xe001: 0x0502
[22:10:33.492][D][main:661]: Received frame dest 0x0f cmd 0xe000: 0x05
[22:10:33.507][D][bshdbus:090]: Missed ACK for dest 0x0f of preceding frame
[22:10:33.541][D][bshdbus:061]: Discarding 10 bytes of unparsed data after timeout of 32 ms: 0x0a041fe00105020b6f1a
[22:10:35.493][D][main:661]: Received frame dest 0x0f cmd 0xe000: 0x05
[22:10:35.504][D][bshdbus:090]: Missed ACK for dest 0x0f of preceding frame
[22:10:35.543][D][bshdbus:061]: Discarding 10 bytes of unparsed data after timeout of 32 ms: 0x0a041fe00105020b6f1a
[22:10:37.497][D][main:661]: Received frame dest 0x0f cmd 0xe000: 0x05
[22:10:37.538][D][bshdbus:090]: Missed ACK for dest 0x0f of preceding frame
[22:10:37.544][D][bshdbus:061]: Discarding 10 bytes of unparsed data after timeout of 32 ms: 0x0a041fe00105020b6f1a
[22:10:39.501][D][main:661]: Received frame dest 0x0f cmd 0xe000: 0x05
[22:10:39.513][D][bshdbus:090]: Missed ACK for dest 0x0f of preceding frame
[22:10:39.529][D][bshdbus:061]: Discarding 1 bytes of unparsed data after timeout of 26 ms: 0x0a
[22:10:39.535][D][main:661]: Received frame dest 0x1f cmd 0xe001: 0x0502
[22:10:41.505][D][main:661]: Received frame dest 0x0f cmd 0xe000: 0x05
[22:10:41.518][D][bshdbus:090]: Missed ACK for dest 0x0f of preceding frame
[22:10:41.528][D][bshdbus:061]: Discarding 1 bytes of unparsed data after timeout of 23 ms: 0x0a
[22:10:41.536][D][main:661]: Received frame dest 0x1f cmd 0xe001: 0x0502
[22:10:43.507][D][main:661]: Received frame dest 0x0f cmd 0xe000: 0x05
[22:10:43.533][D][bshdbus:090]: Missed ACK for dest 0x0f of preceding frame
[22:10:43.549][D][bshdbus:061]: Discarding 1 bytes of unparsed data after timeout of 21 ms: 0x0a
[22:10:43.561][D][main:661]: Received frame dest 0x1f cmd 0xe001: 0x0502
[22:10:45.511][D][main:661]: Received frame dest 0x0f cmd 0xe000: 0x05
[22:10:45.524][D][bshdbus:090]: Missed ACK for dest 0x0f of preceding frame
[22:10:45.570][D][bshdbus:061]: Discarding 10 bytes of unparsed data after timeout of 32 ms: 0x0a041fe00105020b6f1a
[22:10:47.519][D][main:661]: Received frame dest 0x0f cmd 0xe000: 0x05
[22:10:47.526][D][bshdbus:090]: Missed ACK for dest 0x0f of preceding frame
[22:10:47.543][D][bshdbus:061]: Discarding 1 bytes of unparsed data after timeout of 29 ms: 0x0a
[22:10:47.550][D][main:661]: Received frame dest 0x1f cmd 0xe001: 0x0502
[22:10:49.520][D][main:661]: Received frame dest 0x0f cmd 0xe000: 0x05
[22:10:49.542][D][bshdbus:090]: Missed ACK for dest 0x0f of preceding frame
[22:10:49.558][D][bshdbus:061]: Discarding 1 bytes of unparsed data after timeout of 26 ms: 0x0a
[22:10:49.565][D][main:661]: Received frame dest 0x1f cmd 0xe001: 0x0502
[22:10:51.522][D][main:661]: Received frame dest 0x0f cmd 0xe000: 0x05
[22:10:51.546][D][bshdbus:090]: Missed ACK for dest 0x0f of preceding frame
[22:10:51.561][D][bshdbus:061]: Discarding 1 bytes of unparsed data after timeout of 24 ms: 0x0a
[22:10:51.591][D][main:661]: Received frame dest 0x1f cmd 0xe001: 0x0502
[22:10:53.527][D][main:661]: Received frame dest 0x0f cmd 0xe000: 0x05
[22:10:53.563][D][bshdbus:090]: Missed ACK for dest 0x0f of preceding frame
[22:10:53.569][D][bshdbus:061]: Discarding 1 bytes of unparsed data after timeout of 21 ms: 0x0a
[22:10:53.578][D][main:661]: Received frame dest 0x1f cmd 0xe001: 0x0502
[22:10:55.530][D][main:661]: Received frame dest 0x0f cmd 0xe000: 0x05
[22:10:55.547][D][bshdbus:090]: Missed ACK for dest 0x0f of preceding frame
[22:10:55.582][D][bshdbus:061]: Discarding 10 bytes of unparsed data after timeout of 33 ms: 0x0a041fe00105020b6f1a
[22:10:57.534][D][main:661]: Received frame dest 0x0f cmd 0xe000: 0x05
[22:10:57.554][D][bshdbus:090]: Missed ACK for dest 0x0f of preceding frame
[22:10:57.581][D][bshdbus:061]: Discarding 10 bytes of unparsed data after timeout of 32 ms: 0x0a041fe00105020b6f1a
[22:10:59.538][D][main:661]: Received frame dest 0x0f cmd 0xe000: 0x05
[22:10:59.550][D][bshdbus:090]: Missed ACK for dest 0x0f of preceding frame
[22:10:59.563][D][bshdbus:061]: Discarding 1 bytes of unparsed data after timeout of 27 ms: 0x0a
[22:10:59.569][D][main:661]: Received frame dest 0x1f cmd 0xe001: 0x0502
[22:11:01.556][D][main:661]: Received frame dest 0x0f cmd 0xe000: 0x05
[22:11:01.570][D][bshdbus:090]: Missed ACK for dest 0x0f of preceding frame
[22:11:01.576][D][bshdbus:061]: Discarding 1 bytes of unparsed data after timeout of 26 ms: 0x0a
[22:11:01.582][D][main:661]: Received frame dest 0x1f cmd 0xe001: 0x0502
[22:11:03.545][D][main:661]: Received frame dest 0x0f cmd 0xe000: 0x05
[22:11:03.554][D][bshdbus:090]: Missed ACK for dest 0x0f of preceding frame
[22:11:03.602][D][bshdbus:061]: Discarding 10 bytes of unparsed data after timeout of 32 ms: 0x0a041fe00105020b6f1a
[22:11:05.549][D][main:661]: Received frame dest 0x0f cmd 0xe000: 0x05
[22:11:05.557][D][bshdbus:090]: Missed ACK for dest 0x0f of preceding frame
[22:11:05.605][D][bshdbus:061]: Discarding 10 bytes of unparsed data after timeout of 32 ms: 0x0a041fe00105020b6f1a
[22:11:07.553][D][main:661]: Received frame dest 0x0f cmd 0xe000: 0x05
[22:11:07.561][D][bshdbus:090]: Missed ACK for dest 0x0f of preceding frame
[22:11:07.601][D][bshdbus:061]: Discarding 10 bytes of unparsed data after timeout of 32 ms: 0x0a041fe00105020b6f1a
[22:11:09.558][D][main:661]: Received frame dest 0x0f cmd 0xe000: 0x05
[22:11:09.565][D][bshdbus:090]: Missed ACK for dest 0x0f of preceding frame
[22:11:09.582][D][bshdbus:061]: Discarding 1 bytes of unparsed data after timeout of 26 ms: 0x0a
[22:11:09.591][D][main:661]: Received frame dest 0x1f cmd 0xe001: 0x0502
[22:11:11.568][D][main:661]: Received frame dest 0x0f cmd 0xe000: 0x05
[22:11:11.576][D][bshdbus:090]: Missed ACK for dest 0x0f of preceding frame
[22:11:11.603][D][bshdbus:061]: Discarding 1 bytes of unparsed data after timeout of 25 ms: 0x0a
[22:11:11.610][D][main:661]: Received frame dest 0x1f cmd 0xe001: 0x0502
[22:11:13.564][D][main:661]: Received frame dest 0x0f cmd 0xe000: 0x05
[22:11:13.571][D][bshdbus:090]: Missed ACK for dest 0x0f of preceding frame
[22:11:13.583][D][bshdbus:061]: Discarding 1 bytes of unparsed data after timeout of 21 ms: 0x0a
[22:11:13.593][D][main:661]: Received frame dest 0x1f cmd 0xe001: 0x0502
[22:11:15.575][D][main:661]: Received frame dest 0x0f cmd 0xe000: 0x05
[22:11:15.585][D][bshdbus:090]: Missed ACK for dest 0x0f of preceding frame
[22:11:15.597][D][bshdbus:061]: Discarding 1 bytes of unparsed data after timeout of 27 ms: 0x0a
[22:11:15.607][D][main:661]: Received frame dest 0x1f cmd 0xe001: 0x0502
[22:11:17.573][D][main:661]: Received frame dest 0x0f cmd 0xe000: 0x05
[22:11:17.584][D][bshdbus:090]: Missed ACK for dest 0x0f of preceding frame
[22:11:17.595][D][bshdbus:061]: Discarding 1 bytes of unparsed data after timeout of 23 ms: 0x0a
[22:11:17.606][D][main:661]: Received frame dest 0x1f cmd 0xe001: 0x0502
[22:11:19.135][S][sensor]: 'Uptime s' >> 2042 s
[22:11:19.410][S][sensor]: 'ESP Internal Temperature' >> 52.3 °C
[22:11:19.605][D][main:661]: Received frame dest 0x0f cmd 0xe000: 0x05
[22:11:19.659][D][bshdbus:090]: Missed ACK for dest 0x0f of preceding frame
[22:11:19.680][D][bshdbus:061]: Discarding 10 bytes of unparsed data after timeout of 33 ms: 0x0a041fe00105020b6f1a
[22:11:19.742][S][sensor]: 'WiFi RSSI' >> -74 dBm
[22:11:20.800][S][text_sensor]: 'Uptime' >> '00d 00h 34m 2s'
[22:11:21.579][D][main:661]: Received frame dest 0x0f cmd 0xe000: 0x05
[22:11:21.587][D][bshdbus:090]: Missed ACK for dest 0x0f of preceding frame
[22:11:21.629][D][bshdbus:061]: Discarding 10 bytes of unparsed data after timeout of 32 ms: 0x0a041fe00105020b6f1a
[22:11:23.583][D][main:661]: Received frame dest 0x0f cmd 0xe000: 0x05
[22:11:23.618][D][bshdbus:090]: Missed ACK for dest 0x0f of preceding frame
[22:11:23.629][D][bshdbus:061]: Discarding 1 bytes of unparsed data after timeout of 29 ms: 0x0a
[22:11:23.642][D][main:661]: Received frame dest 0x1f cmd 0xe001: 0x0502
[22:11:25.587][D][main:661]: Received frame dest 0x0f cmd 0xe000: 0x05
[22:11:25.594][D][bshdbus:090]: Missed ACK for dest 0x0f of preceding frame
[22:11:25.639][D][bshdbus:061]: Discarding 10 bytes of unparsed data after timeout of 32 ms: 0x0a041fe00105020b6f1a
[22:11:27.590][D][main:661]: Received frame dest 0x0f cmd 0xe000: 0x05
[22:11:27.602][D][bshdbus:090]: Missed ACK for dest 0x0f of preceding frame
[22:11:27.642][D][bshdbus:061]: Discarding 10 bytes of unparsed data after timeout of 32 ms: 0x0a041fe00105020b6f1a
[22:11:29.604][D][main:661]: Received frame dest 0x0f cmd 0xe000: 0x05
[22:11:29.612][D][bshdbus:090]: Missed ACK for dest 0x0f of preceding frame
[22:11:29.661][D][bshdbus:061]: Discarding 10 bytes of unparsed data after timeout of 32 ms: 0x0a041fe00105020b6f1a
[22:11:31.599][D][main:661]: Received frame dest 0x0f cmd 0xe000: 0x05
[22:11:31.609][D][bshdbus:090]: Missed ACK for dest 0x0f of preceding frame
[22:11:31.652][D][bshdbus:061]: Discarding 10 bytes of unparsed data after timeout of 32 ms: 0x0a041fe00105020b6f1a
[22:11:33.625][D][main:661]: Received frame dest 0x0f cmd 0xe000: 0x05
[22:11:33.632][D][bshdbus:090]: Missed ACK for dest 0x0f of preceding frame
[22:11:33.706][D][bshdbus:061]: Discarding 10 bytes of unparsed data after timeout of 32 ms: 0x0a041fe00105020b6f1a
[22:11:35.605][D][main:661]: Received frame dest 0x0f cmd 0xe000: 0x05
[22:11:35.614][D][bshdbus:090]: Missed ACK for dest 0x0f of preceding frame
[22:11:35.645][D][bshdbus:061]: Discarding 1 bytes of unparsed data after timeout of 28 ms: 0x0a
[22:11:35.662][D][main:661]: Received frame dest 0x1f cmd 0xe001: 0x0502
[22:11:37.647][D][main:661]: Received frame dest 0x0f cmd 0xe000: 0x05
[22:11:37.655][D][bshdbus:090]: Missed ACK for dest 0x0f of preceding frame
[22:11:37.665][D][bshdbus:061]: Discarding 10 bytes of unparsed data after timeout of 33 ms: 0x0a041fe00105020b6f1a
[22:11:39.613][D][main:661]: Received frame dest 0x0f cmd 0xe000: 0x05
[22:11:39.622][D][bshdbus:090]: Missed ACK for dest 0x0f of preceding frame
[22:11:39.640][D][bshdbus:061]: Discarding 1 bytes of unparsed data after timeout of 28 ms: 0x0a
[22:11:39.646][D][main:661]: Received frame dest 0x1f cmd 0xe001: 0x0502
[22:11:41.616][D][main:661]: Received frame dest 0x0f cmd 0xe000: 0x05
[22:11:41.634][D][bshdbus:090]: Missed ACK for dest 0x0f of preceding frame
[22:11:41.646][D][bshdbus:061]: Discarding 1 bytes of unparsed data after timeout of 30 ms: 0x0a
[22:11:41.654][D][main:661]: Received frame dest 0x1f cmd 0xe001: 0x0502
[22:11:43.632][D][main:661]: Received frame dest 0x0f cmd 0xe000: 0x05
[22:11:43.640][D][bshdbus:090]: Missed ACK for dest 0x0f of preceding frame
[22:11:43.649][D][bshdbus:061]: Discarding 1 bytes of unparsed data after timeout of 30 ms: 0x0a
[22:11:43.655][D][main:661]: Received frame dest 0x1f cmd 0xe001: 0x0502
[22:11:45.627][D][main:661]: Received frame dest 0x0f cmd 0xe000: 0x05
[22:11:45.635][D][bshdbus:090]: Missed ACK for dest 0x0f of preceding frame
[22:11:45.648][D][bshdbus:061]: Discarding 1 bytes of unparsed data after timeout of 25 ms: 0x0a
[22:11:45.655][D][main:661]: Received frame dest 0x1f cmd 0xe001: 0x0502
[22:11:47.628][D][main:661]: Received frame dest 0x0f cmd 0xe000: 0x05
[22:11:47.636][D][bshdbus:090]: Missed ACK for dest 0x0f of preceding frame
[22:11:47.652][D][bshdbus:061]: Discarding 1 bytes of unparsed data after timeout of 25 ms: 0x0a
[22:11:47.660][D][main:661]: Received frame dest 0x1f cmd 0xe001: 0x0502
[22:11:49.631][D][main:661]: Received frame dest 0x0f cmd 0xe000: 0x05
[22:11:49.659][D][bshdbus:090]: Missed ACK for dest 0x0f of preceding frame
[22:11:49.697][D][bshdbus:061]: Discarding 1 bytes of unparsed data after timeout of 23 ms: 0x0a
[22:11:49.731][D][main:661]: Received frame dest 0x1f cmd 0xe001: 0x0502
[22:11:51.635][D][main:661]: Received frame dest 0x0f cmd 0xe000: 0x05
[22:11:51.644][D][bshdbus:090]: Missed ACK for dest 0x0f of preceding frame
[22:11:51.689][D][bshdbus:061]: Discarding 10 bytes of unparsed data after timeout of 32 ms: 0x0a041fe00105020b6f1a
[22:11:53.639][D][main:661]: Received frame dest 0x0f cmd 0xe000: 0x05
[22:11:53.649][D][bshdbus:090]: Missed ACK for dest 0x0f of preceding frame
[22:11:53.693][D][bshdbus:061]: Discarding 10 bytes of unparsed data after timeout of 32 ms: 0x0a041fe00105020b6f1a
[22:11:55.645][D][main:661]: Received frame dest 0x0f cmd 0xe000: 0x05
[22:11:55.697][D][bshdbus:090]: Missed ACK for dest 0x0f of preceding frame
[22:11:55.715][D][bshdbus:061]: Discarding 10 bytes of unparsed data after timeout of 32 ms: 0x0a041fe00105020b6f1a
[22:11:57.646][D][main:661]: Received frame dest 0x0f cmd 0xe000: 0x05
[22:11:57.701][D][bshdbus:090]: Missed ACK for dest 0x0f of preceding frame
[22:11:57.709][D][bshdbus:061]: Discarding 10 bytes of unparsed data after timeout of 32 ms: 0x0a041fe00105020b6f1a
[22:11:59.715][D][main:661]: Received frame dest 0x0f cmd 0xe000: 0x05
[22:11:59.737][D][bshdbus:090]: Missed ACK for dest 0x0f of preceding frame
[22:11:59.864][D][bshdbus:061]: Discarding 1 bytes of unparsed data after timeout of 28 ms: 0x0a
[22:11:59.870][D][main:661]: Received frame dest 0x1f cmd 0xe001: 0x0502
[22:12:01.660][D][main:661]: Received frame dest 0x0f cmd 0xe000: 0x05
[22:12:01.675][D][bshdbus:090]: Missed ACK for dest 0x0f of preceding frame
[22:12:01.680][D][bshdbus:061]: Discarding 1 bytes of unparsed data after timeout of 26 ms: 0x0a
[22:12:01.686][D][main:661]: Received frame dest 0x1f cmd 0xe001: 0x0502
[22:12:03.658][D][main:661]: Received frame dest 0x0f cmd 0xe000: 0x05
[22:12:03.665][D][bshdbus:090]: Missed ACK for dest 0x0f of preceding frame
[22:12:03.715][D][bshdbus:061]: Discarding 10 bytes of unparsed data after timeout of 32 ms: 0x0a041fe00105020b6f1a
[22:12:05.661][D][main:661]: Received frame dest 0x0f cmd 0xe000: 0x05
[22:12:05.669][D][bshdbus:090]: Missed ACK for dest 0x0f of preceding frame
[22:12:05.713][D][bshdbus:061]: Discarding 10 bytes of unparsed data after timeout of 32 ms: 0x0a041fe00105020b6f1a
[22:12:07.665][D][main:661]: Received frame dest 0x0f cmd 0xe000: 0x05
[22:12:07.672][D][bshdbus:090]: Missed ACK for dest 0x0f of preceding frame
[22:12:07.715][D][bshdbus:061]: Discarding 10 bytes of unparsed data after timeout of 32 ms: 0x0a041fe00105020b6f1a
[22:12:09.669][D][main:661]: Received frame dest 0x0f cmd 0xe000: 0x05
[22:12:09.678][D][bshdbus:090]: Missed ACK for dest 0x0f of preceding frame
[22:12:09.716][D][bshdbus:061]: Discarding 10 bytes of unparsed data after timeout of 32 ms: 0x0a041fe00105020b6f1a
[22:12:11.673][D][main:661]: Received frame dest 0x0f cmd 0xe000: 0x05
[22:12:11.684][D][bshdbus:090]: Missed ACK for dest 0x0f of preceding frame
[22:12:11.712][D][bshdbus:061]: Discarding 1 bytes of unparsed data after timeout of 28 ms: 0x0a
[22:12:11.718][D][main:661]: Received frame dest 0x1f cmd 0xe001: 0x0502
[22:12:13.676][D][main:661]: Received frame dest 0x0f cmd 0xe000: 0x05
[22:12:13.683][D][bshdbus:090]: Missed ACK for dest 0x0f of preceding frame
[22:12:13.703][D][bshdbus:061]: Discarding 1 bytes of unparsed data after timeout of 27 ms: 0x0a
[22:12:13.712][D][main:661]: Received frame dest 0x1f cmd 0xe001: 0x0502
[22:12:15.684][D][main:661]: Received frame dest 0x0f cmd 0xe000: 0x05
[22:12:15.691][D][bshdbus:090]: Missed ACK for dest 0x0f of preceding frame
[22:12:15.704][D][bshdbus:061]: Discarding 1 bytes of unparsed data after timeout of 25 ms: 0x0a
[22:12:15.716][D][main:661]: Received frame dest 0x1f cmd 0xe001: 0x0502
[22:12:17.684][D][main:661]: Received frame dest 0x0f cmd 0xe000: 0x05
[22:12:17.691][D][bshdbus:090]: Missed ACK for dest 0x0f of preceding frame
[22:12:17.739][D][bshdbus:061]: Discarding 10 bytes of unparsed data after timeout of 32 ms: 0x0a041fe00105020b6f1a
[22:12:19.135][S][sensor]: 'Uptime s' >> 2102 s
[22:12:19.410][S][sensor]: 'ESP Internal Temperature' >> 52.3 °C
[22:12:19.690][D][main:661]: Received frame dest 0x0f cmd 0xe000: 0x05
[22:12:19.699][D][bshdbus:090]: Missed ACK for dest 0x0f of preceding frame
[22:12:19.765][S][sensor]: 'WiFi RSSI' >> -76 dBm
[22:12:19.794][D][bshdbus:061]: Discarding 10 bytes of unparsed data after timeout of 34 ms: 0x0a041fe00105020b6f1a
[22:12:20.788][S][text_sensor]: 'Uptime' >> '00d 00h 35m 2s'
[22:12:21.694][D][main:661]: Received frame dest 0x0f cmd 0xe000: 0x05
[22:12:21.711][D][bshdbus:090]: Missed ACK for dest 0x0f of preceding frame
[22:12:21.742][D][bshdbus:061]: Discarding 10 bytes of unparsed data after timeout of 32 ms: 0x0a041fe00105020b6f1a
[22:12:23.695][D][main:661]: Received frame dest 0x0f cmd 0xe000: 0x05
[22:12:23.712][D][bshdbus:090]: Missed ACK for dest 0x0f of preceding frame
[22:12:23.773][D][bshdbus:061]: Discarding 10 bytes of unparsed data after timeout of 32 ms: 0x0a041fe00105020b6f1a
[22:12:25.711][D][main:661]: Received frame dest 0x0f cmd 0xe000: 0x05
[22:12:25.757][D][bshdbus:090]: Missed ACK for dest 0x0f of preceding frame
[22:12:25.781][D][bshdbus:061]: Discarding 10 bytes of unparsed data after timeout of 32 ms: 0x0a041fe00105020b6f1a
[22:12:27.703][D][main:661]: Received frame dest 0x0f cmd 0xe000: 0x05
[22:12:27.714][D][bshdbus:090]: Missed ACK for dest 0x0f of preceding frame
[22:12:27.730][D][bshdbus:061]: Discarding 1 bytes of unparsed data after timeout of 28 ms: 0x0a
[22:12:27.738][D][main:661]: Received frame dest 0x1f cmd 0xe001: 0x0502
[22:12:29.734][D][main:661]: Received frame dest 0x0f cmd 0xe000: 0x05
[22:12:29.742][D][bshdbus:090]: Missed ACK for dest 0x0f of preceding frame
[22:12:29.749][D][bshdbus:061]: Discarding 1 bytes of unparsed data after timeout of 27 ms: 0x0a
[22:12:29.754][D][main:661]: Received frame dest 0x1f cmd 0xe001: 0x0502
[22:12:31.710][D][main:661]: Received frame dest 0x0f cmd 0xe000: 0x05
[22:12:31.728][D][bshdbus:090]: Missed ACK for dest 0x0f of preceding frame
[22:12:31.735][D][bshdbus:061]: Discarding 1 bytes of unparsed data after timeout of 23 ms: 0x0a
[22:12:31.743][D][main:661]: Received frame dest 0x1f cmd 0xe001: 0x0502
[22:12:33.714][D][main:661]: Received frame dest 0x0f cmd 0xe000: 0x05
[22:12:33.730][D][bshdbus:090]: Missed ACK for dest 0x0f of preceding frame
[22:12:33.737][D][bshdbus:061]: Discarding 1 bytes of unparsed data after timeout of 21 ms: 0x0a
[22:12:33.742][D][main:661]: Received frame dest 0x1f cmd 0xe001: 0x0502
[22:12:35.717][D][main:661]: Received frame dest 0x0f cmd 0xe000: 0x05
[22:12:35.745][D][bshdbus:090]: Missed ACK for dest 0x0f of preceding frame
[22:12:35.769][D][bshdbus:061]: Discarding 10 bytes of unparsed data after timeout of 32 ms: 0x0a041fe00105020b6f1a
[22:12:37.721][D][main:661]: Received frame dest 0x0f cmd 0xe000: 0x05
[22:12:37.728][D][bshdbus:090]: Missed ACK for dest 0x0f of preceding frame
[22:12:37.771][D][bshdbus:061]: Discarding 10 bytes of unparsed data after timeout of 32 ms: 0x0a041fe00105020b6f1a
[22:12:39.725][D][main:661]: Received frame dest 0x0f cmd 0xe000: 0x05
[22:12:39.751][D][bshdbus:090]: Missed ACK for dest 0x0f of preceding frame
[22:12:39.764][D][bshdbus:061]: Discarding 1 bytes of unparsed data after timeout of 29 ms: 0x0a
[22:12:39.772][D][main:661]: Received frame dest 0x1f cmd 0xe001: 0x0502
[22:12:41.729][D][main:661]: Received frame dest 0x0f cmd 0xe000: 0x05
[22:12:41.739][D][bshdbus:090]: Missed ACK for dest 0x0f of preceding frame
[22:12:41.753][D][bshdbus:061]: Discarding 1 bytes of unparsed data after timeout of 26 ms: 0x0a
[22:12:41.764][D][main:661]: Received frame dest 0x1f cmd 0xe001: 0x0502
[22:12:43.743][D][main:661]: Received frame dest 0x0f cmd 0xe000: 0x05
[22:12:43.754][D][bshdbus:090]: Missed ACK for dest 0x0f of preceding frame
[22:12:43.761][D][bshdbus:061]: Discarding 1 bytes of unparsed data after timeout of 23 ms: 0x0a
[22:12:43.768][D][main:661]: Received frame dest 0x1f cmd 0xe001: 0x0502
[22:12:45.737][D][main:661]: Received frame dest 0x0f cmd 0xe000: 0x05
[22:12:45.779][D][bshdbus:090]: Missed ACK for dest 0x0f of preceding frame
[22:12:45.808][D][bshdbus:061]: Discarding 10 bytes of unparsed data after timeout of 32 ms: 0x0a041fe00105020b6f1a
[22:12:47.740][D][main:661]: Received frame dest 0x0f cmd 0xe000: 0x05
[22:12:47.748][D][bshdbus:090]: Missed ACK for dest 0x0f of preceding frame
[22:12:47.790][D][bshdbus:061]: Discarding 10 bytes of unparsed data after timeout of 32 ms: 0x0a041fe00105020b6f1a
[22:12:49.744][D][main:661]: Received frame dest 0x0f cmd 0xe000: 0x05
[22:12:49.775][D][bshdbus:090]: Missed ACK for dest 0x0f of preceding frame
[22:12:49.789][D][bshdbus:061]: Discarding 1 bytes of unparsed data after timeout of 29 ms: 0x0a
[22:12:49.795][D][main:661]: Received frame dest 0x1f cmd 0xe001: 0x0502
[22:12:51.747][D][main:661]: Received frame dest 0x0f cmd 0xe000: 0x05
[22:12:51.756][D][bshdbus:090]: Missed ACK for dest 0x0f of preceding frame
[22:12:51.772][D][bshdbus:061]: Discarding 1 bytes of unparsed data after timeout of 26 ms: 0x0a
[22:12:51.785][D][main:661]: Received frame dest 0x1f cmd 0xe001: 0x0502
[22:12:53.751][D][main:661]: Received frame dest 0x0f cmd 0xe000: 0x05
[22:12:53.760][D][bshdbus:090]: Missed ACK for dest 0x0f of preceding frame
[22:12:53.781][D][bshdbus:061]: Discarding 1 bytes of unparsed data after timeout of 22 ms: 0x0a
[22:12:53.789][D][main:661]: Received frame dest 0x1f cmd 0xe001: 0x0502
[22:12:55.754][D][main:661]: Received frame dest 0x0f cmd 0xe000: 0x05
[22:12:55.763][D][bshdbus:090]: Missed ACK for dest 0x0f of preceding frame
[22:12:55.789][D][bshdbus:061]: Discarding 1 bytes of unparsed data after timeout of 21 ms: 0x0a
[22:12:55.811][D][main:661]: Received frame dest 0x1f cmd 0xe001: 0x0502
[22:12:57.774][D][main:661]: Received frame dest 0x0f cmd 0xe000: 0x05
[22:12:57.789][D][bshdbus:090]: Missed ACK for dest 0x0f of preceding frame
[22:12:57.807][D][bshdbus:061]: Discarding 10 bytes of unparsed data after timeout of 32 ms: 0x0a041fe00105020b6f1a
[22:12:59.784][D][main:661]: Received frame dest 0x0f cmd 0xe000: 0x05
[22:12:59.792][D][bshdbus:090]: Missed ACK for dest 0x0f of preceding frame
[22:12:59.803][D][bshdbus:061]: Discarding 1 bytes of unparsed data after timeout of 29 ms: 0x0a
[22:13:00.034][D][main:661]: Received frame dest 0x1f cmd 0xe001: 0x0502
[22:13:01.768][D][main:661]: Received frame dest 0x0f cmd 0xe000: 0x05
[22:13:01.780][D][bshdbus:090]: Missed ACK for dest 0x0f of preceding frame
[22:13:01.791][D][bshdbus:061]: Discarding 1 bytes of unparsed data after timeout of 27 ms: 0x0a
[22:13:01.797][D][main:661]: Received frame dest 0x1f cmd 0xe001: 0x0502
[22:13:03.769][D][main:661]: Received frame dest 0x0f cmd 0xe000: 0x05
[22:13:03.780][D][bshdbus:090]: Missed ACK for dest 0x0f of preceding frame
[22:13:03.795][D][bshdbus:061]: Discarding 1 bytes of unparsed data after timeout of 25 ms: 0x0a
[22:13:03.806][D][main:661]: Received frame dest 0x1f cmd 0xe001: 0x0502
[22:13:05.777][D][main:661]: Received frame dest 0x0f cmd 0xe000: 0x05
[22:13:05.802][D][bshdbus:090]: Missed ACK for dest 0x0f of preceding frame
[22:13:05.810][D][bshdbus:061]: Discarding 1 bytes of unparsed data after timeout of 21 ms: 0x0a
[22:13:05.815][D][main:661]: Received frame dest 0x1f cmd 0xe001: 0x0502
[22:13:07.776][D][main:661]: Received frame dest 0x0f cmd 0xe000: 0x05
[22:13:07.786][D][bshdbus:090]: Missed ACK for dest 0x0f of preceding frame
[22:13:07.829][D][bshdbus:061]: Discarding 10 bytes of unparsed data after timeout of 32 ms: 0x0a041fe00105020b6f1a
[22:13:09.781][D][main:661]: Received frame dest 0x0f cmd 0xe000: 0x05
[22:13:09.794][D][bshdbus:090]: Missed ACK for dest 0x0f of preceding frame
[22:13:09.829][D][bshdbus:061]: Discarding 10 bytes of unparsed data after timeout of 32 ms: 0x0a041fe00105020b6f1a
[22:13:11.784][D][main:661]: Received frame dest 0x0f cmd 0xe000: 0x05
[22:13:11.801][D][bshdbus:090]: Missed ACK for dest 0x0f of preceding frame
[22:13:11.812][D][bshdbus:061]: Discarding 1 bytes of unparsed data after timeout of 29 ms: 0x0a
[22:13:11.822][D][main:661]: Received frame dest 0x1f cmd 0xe001: 0x0502
[22:13:13.786][D][main:661]: Received frame dest 0x0f cmd 0xe000: 0x05
[22:13:13.794][D][bshdbus:090]: Missed ACK for dest 0x0f of preceding frame
[22:13:13.814][D][bshdbus:061]: Discarding 1 bytes of unparsed data after timeout of 28 ms: 0x0a
[22:13:13.823][D][main:661]: Received frame dest 0x1f cmd 0xe001: 0x0502
[22:13:15.894][D][main:661]: Received frame dest 0x0f cmd 0xe000: 0x05
[22:13:15.903][D][bshdbus:090]: Missed ACK for dest 0x0f of preceding frame
[22:13:15.912][D][bshdbus:061]: Discarding 1 bytes of unparsed data after timeout of 23 ms: 0x0a
[22:13:15.918][D][main:661]: Received frame dest 0x1f cmd 0xe001: 0x0502
[22:13:17.794][D][main:661]: Received frame dest 0x0f cmd 0xe000: 0x05
[22:13:17.801][D][bshdbus:090]: Missed ACK for dest 0x0f of preceding frame
[22:13:17.859][D][bshdbus:061]: Discarding 10 bytes of unparsed data after timeout of 32 ms: 0x0a041fe00105020b6f1a
[22:13:19.131][S][sensor]: 'Uptime s' >> 2162 s
[22:13:19.405][S][sensor]: 'ESP Internal Temperature' >> 52.3 °C
[22:13:19.752][S][sensor]: 'WiFi RSSI' >> -76 dBm
[22:13:19.845][D][main:661]: Received frame dest 0x0f cmd 0xe000: 0x05
[22:13:19.856][D][bshdbus:090]: Missed ACK for dest 0x0f of preceding frame
[22:13:19.863][D][bshdbus:061]: Discarding 10 bytes of unparsed data after timeout of 32 ms: 0x0a041fe00105020b6f1a
[22:13:20.778][S][text_sensor]: 'Uptime' >> '00d 00h 36m 2s'
[22:13:21.802][D][main:661]: Received frame dest 0x0f cmd 0xe000: 0x05
[22:13:21.810][D][bshdbus:090]: Missed ACK for dest 0x0f of preceding frame
[22:13:21.849][D][bshdbus:061]: Discarding 1 bytes of unparsed data after timeout of 28 ms: 0x0a
[22:13:21.919][D][main:661]: Received frame dest 0x1f cmd 0xe001: 0x0502
[22:13:23.805][D][main:661]: Received frame dest 0x0f cmd 0xe000: 0x05
[22:13:23.812][D][bshdbus:090]: Missed ACK for dest 0x0f of preceding frame
[22:13:23.830][D][bshdbus:061]: Discarding 1 bytes of unparsed data after timeout of 26 ms: 0x0a
[22:13:23.840][D][main:661]: Received frame dest 0x1f cmd 0xe001: 0x0502
[22:13:25.809][D][main:661]: Received frame dest 0x0f cmd 0xe000: 0x05
[22:13:25.824][D][bshdbus:090]: Missed ACK for dest 0x0f of preceding frame
[22:13:25.837][D][bshdbus:061]: Discarding 1 bytes of unparsed data after timeout of 22 ms: 0x0a
[22:13:25.844][D][main:661]: Received frame dest 0x1f cmd 0xe001: 0x0502
[22:13:27.812][D][main:661]: Received frame dest 0x0f cmd 0xe000: 0x05
[22:13:27.823][D][bshdbus:090]: Missed ACK for dest 0x0f of preceding frame
[22:13:27.866][D][bshdbus:061]: Discarding 10 bytes of unparsed data after timeout of 32 ms: 0x0a041fe00105020b6f1a
[22:13:29.825][D][main:661]: Received frame dest 0x0f cmd 0xe000: 0x05
[22:13:29.835][D][bshdbus:090]: Missed ACK for dest 0x0f of preceding frame
[22:13:29.866][D][bshdbus:061]: Discarding 10 bytes of unparsed data after timeout of 32 ms: 0x0a041fe00105020b6f1a
[22:13:31.820][D][main:661]: Received frame dest 0x0f cmd 0xe000: 0x05
[22:13:31.827][D][bshdbus:090]: Missed ACK for dest 0x0f of preceding frame
[22:13:31.845][D][bshdbus:061]: Discarding 1 bytes of unparsed data after timeout of 26 ms: 0x0a
[22:13:31.852][D][main:661]: Received frame dest 0x1f cmd 0xe001: 0x0502
[22:13:33.824][D][main:661]: Received frame dest 0x0f cmd 0xe000: 0x05
[22:13:33.833][D][bshdbus:090]: Missed ACK for dest 0x0f of preceding frame
[22:13:33.846][D][bshdbus:061]: Discarding 1 bytes of unparsed data after timeout of 24 ms: 0x0a
[22:13:33.860][D][main:661]: Received frame dest 0x1f cmd 0xe001: 0x0502
[22:13:35.828][D][main:661]: Received frame dest 0x0f cmd 0xe000: 0x05
[22:13:35.836][D][bshdbus:090]: Missed ACK for dest 0x0f of preceding frame
[22:13:35.880][D][bshdbus:061]: Discarding 10 bytes of unparsed data after timeout of 32 ms: 0x0a041fe00105020b6f1a
[22:13:37.832][D][main:661]: Received frame dest 0x0f cmd 0xe000: 0x05
[22:13:37.841][D][bshdbus:090]: Missed ACK for dest 0x0f of preceding frame
[22:13:37.877][D][bshdbus:061]: Discarding 10 bytes of unparsed data after timeout of 32 ms: 0x0a041fe00105020b6f1a
[22:13:39.835][D][main:661]: Received frame dest 0x0f cmd 0xe000: 0x05
[22:13:39.843][D][bshdbus:090]: Missed ACK for dest 0x0f of preceding frame
[22:13:39.864][D][bshdbus:061]: Discarding 1 bytes of unparsed data after timeout of 24 ms: 0x0a
[22:13:39.871][D][main:661]: Received frame dest 0x1f cmd 0xe001: 0x0502
[22:13:41.837][D][main:661]: Received frame dest 0x0f cmd 0xe000: 0x05
[22:13:41.847][D][bshdbus:090]: Missed ACK for dest 0x0f of preceding frame
[22:13:41.861][D][bshdbus:061]: Discarding 1 bytes of unparsed data after timeout of 21 ms: 0x0a
[22:13:41.867][D][main:661]: Received frame dest 0x1f cmd 0xe001: 0x0502
[22:13:43.856][D][main:661]: Received frame dest 0x0f cmd 0xe000: 0x05
[22:13:43.869][D][bshdbus:090]: Missed ACK for dest 0x0f of preceding frame
[22:13:43.891][D][bshdbus:061]: Discarding 10 bytes of unparsed data after timeout of 32 ms: 0x0a041fe00105020b6f1a
[22:13:45.845][D][main:661]: Received frame dest 0x0f cmd 0xe000: 0x05
[22:13:45.855][D][bshdbus:090]: Missed ACK for dest 0x0f of preceding frame
[22:13:45.869][D][bshdbus:061]: Discarding 1 bytes of unparsed data after timeout of 25 ms: 0x0a
[22:13:45.878][D][main:661]: Received frame dest 0x1f cmd 0xe001: 0x0502
[22:13:47.849][D][main:661]: Received frame dest 0x0f cmd 0xe000: 0x05
[22:13:47.856][D][bshdbus:090]: Missed ACK for dest 0x0f of preceding frame
[22:13:47.904][D][bshdbus:061]: Discarding 10 bytes of unparsed data after timeout of 32 ms: 0x0a041fe00105020b6f1a
[22:13:49.852][D][main:661]: Received frame dest 0x0f cmd 0xe000: 0x05
[22:13:49.860][D][bshdbus:090]: Missed ACK for dest 0x0f of preceding frame
[22:13:49.909][D][bshdbus:061]: Discarding 10 bytes of unparsed data after timeout of 32 ms: 0x0a041fe00105020b6f1a
[22:13:51.857][D][main:661]: Received frame dest 0x0f cmd 0xe000: 0x05
[22:13:51.866][D][bshdbus:090]: Missed ACK for dest 0x0f of preceding frame
[22:13:51.906][D][bshdbus:061]: Discarding 10 bytes of unparsed data after timeout of 32 ms: 0x0a041fe00105020b6f1a
[22:13:53.861][D][main:661]: Received frame dest 0x0f cmd 0xe000: 0x05
[22:13:53.869][D][bshdbus:090]: Missed ACK for dest 0x0f of preceding frame
[22:13:53.891][D][bshdbus:061]: Discarding 1 bytes of unparsed data after timeout of 25 ms: 0x0a
[22:13:53.900][D][main:661]: Received frame dest 0x1f cmd 0xe001: 0x0502
[22:13:55.867][D][main:661]: Received frame dest 0x0f cmd 0xe000: 0x05
[22:13:55.874][D][bshdbus:090]: Missed ACK for dest 0x0f of preceding frame
[22:13:55.890][D][bshdbus:061]: Discarding 1 bytes of unparsed data after timeout of 25 ms: 0x0a
[22:13:55.896][D][main:661]: Received frame dest 0x1f cmd 0xe001: 0x0502
[22:13:57.867][D][main:661]: Received frame dest 0x0f cmd 0xe000: 0x05
[22:13:57.886][D][bshdbus:090]: Missed ACK for dest 0x0f of preceding frame
[22:13:57.892][D][bshdbus:061]: Discarding 1 bytes of unparsed data after timeout of 26 ms: 0x0a
[22:13:57.898][D][main:661]: Received frame dest 0x1f cmd 0xe001: 0x0502
[22:13:59.871][D][main:661]: Received frame dest 0x0f cmd 0xe000: 0x05
[22:13:59.882][D][bshdbus:090]: Missed ACK for dest 0x0f of preceding frame
[22:13:59.892][D][bshdbus:061]: Discarding 1 bytes of unparsed data after timeout of 21 ms: 0x0a
[22:13:59.898][D][main:661]: Received frame dest 0x1f cmd 0xe001: 0x0502
[22:14:01.892][D][main:661]: Received frame dest 0x0f cmd 0xe000: 0x05
[22:14:01.904][D][bshdbus:090]: Missed ACK for dest 0x0f of preceding frame
[22:14:01.930][D][bshdbus:061]: Discarding 10 bytes of unparsed data after timeout of 32 ms: 0x0a041fe00105020b6f1a
[22:14:03.878][D][main:661]: Received frame dest 0x0f cmd 0xe000: 0x05
[22:14:03.886][D][bshdbus:090]: Missed ACK for dest 0x0f of preceding frame
[22:14:03.924][D][bshdbus:061]: Discarding 10 bytes of unparsed data after timeout of 32 ms: 0x0a041fe00105020b6f1a
[22:14:05.898][D][main:661]: Received frame dest 0x0f cmd 0xe000: 0x05
[22:14:05.905][D][bshdbus:090]: Missed ACK for dest 0x0f of preceding frame
[22:14:05.912][D][bshdbus:061]: Discarding 1 bytes of unparsed data after timeout of 29 ms: 0x0a
[22:14:05.918][D][main:661]: Received frame dest 0x1f cmd 0xe001: 0x0502
[22:14:07.886][D][main:661]: Received frame dest 0x0f cmd 0xe000: 0x05
[22:14:07.893][D][bshdbus:090]: Missed ACK for dest 0x0f of preceding frame
[22:14:07.919][D][bshdbus:061]: Discarding 1 bytes of unparsed data after timeout of 24 ms: 0x0a
[22:14:07.928][D][main:661]: Received frame dest 0x1f cmd 0xe001: 0x0502
[22:14:09.935][D][main:661]: Received frame dest 0x0f cmd 0xe000: 0x05
[22:14:09.945][D][bshdbus:090]: Missed ACK for dest 0x0f of preceding frame
[22:14:09.969][D][bshdbus:061]: Discarding 10 bytes of unparsed data after timeout of 32 ms: 0x0a041fe00105020b6f1a
[22:14:11.893][D][main:661]: Received frame dest 0x0f cmd 0xe000: 0x05
[22:14:11.918][D][bshdbus:090]: Missed ACK for dest 0x0f of preceding frame
[22:14:11.953][D][bshdbus:061]: Discarding 10 bytes of unparsed data after timeout of 32 ms: 0x0a041fe00105020b6f1a
[22:14:13.896][D][main:661]: Received frame dest 0x0f cmd 0xe000: 0x05
[22:14:13.914][D][bshdbus:090]: Missed ACK for dest 0x0f of preceding frame
[22:14:13.960][D][bshdbus:061]: Discarding 10 bytes of unparsed data after timeout of 32 ms: 0x0a041fe00105020b6f1a
[22:14:15.905][D][main:661]: Received frame dest 0x0f cmd 0xe000: 0x05
[22:14:15.916][D][bshdbus:090]: Missed ACK for dest 0x0f of preceding frame
[22:14:15.948][D][bshdbus:061]: Discarding 10 bytes of unparsed data after timeout of 32 ms: 0x0a041fe00105020b6f1a
[22:14:17.904][D][main:661]: Received frame dest 0x0f cmd 0xe000: 0x05
[22:14:17.912][D][bshdbus:090]: Missed ACK for dest 0x0f of preceding frame
[22:14:17.930][D][bshdbus:061]: Discarding 1 bytes of unparsed data after timeout of 27 ms: 0x0a
[22:14:17.936][D][main:661]: Received frame dest 0x1f cmd 0xe001: 0x0502
[22:14:19.134][S][sensor]: 'Uptime s' >> 2222 s
[22:14:19.414][S][sensor]: 'ESP Internal Temperature' >> 53.3 °C
[22:14:19.747][S][sensor]: 'WiFi RSSI' >> -76 dBm
[22:14:19.908][D][main:661]: Received frame dest 0x0f cmd 0xe000: 0x05
[22:14:19.926][D][bshdbus:090]: Missed ACK for dest 0x0f of preceding frame
[22:14:19.933][D][bshdbus:061]: Discarding 1 bytes of unparsed data after timeout of 27 ms: 0x0a
[22:14:19.939][D][main:661]: Received frame dest 0x1f cmd 0xe001: 0x0502
[22:14:20.787][S][text_sensor]: 'Uptime' >> '00d 00h 37m 2s'
[22:14:21.913][D][main:661]: Received frame dest 0x0f cmd 0xe000: 0x05
[22:14:21.924][D][bshdbus:090]: Missed ACK for dest 0x0f of preceding frame
[22:14:21.954][D][bshdbus:061]: Discarding 1 bytes of unparsed data after timeout of 26 ms: 0x0a
[22:14:21.962][D][main:661]: Received frame dest 0x1f cmd 0xe001: 0x0502
[22:14:23.913][D][main:661]: Received frame dest 0x0f cmd 0xe000: 0x05
[22:14:23.929][D][bshdbus:090]: Missed ACK for dest 0x0f of preceding frame
[22:14:23.965][D][bshdbus:061]: Discarding 10 bytes of unparsed data after timeout of 32 ms: 0x0a041fe00105020b6f1a
[22:14:25.918][D][main:661]: Received frame dest 0x0f cmd 0xe000: 0x05
[22:14:25.928][D][bshdbus:090]: Missed ACK for dest 0x0f of preceding frame
[22:14:25.967][D][bshdbus:061]: Discarding 10 bytes of unparsed data after timeout of 32 ms: 0x0a041fe00105020b6f1a
[22:14:27.922][D][main:661]: Received frame dest 0x0f cmd 0xe000: 0x05
[22:14:27.929][D][bshdbus:090]: Missed ACK for dest 0x0f of preceding frame
[22:14:27.969][D][bshdbus:061]: Discarding 10 bytes of unparsed data after timeout of 32 ms: 0x0a041fe00105020b6f1a
[22:14:29.935][D][main:661]: Received frame dest 0x0f cmd 0xe000: 0x05
[22:14:29.942][D][bshdbus:090]: Missed ACK for dest 0x0f of preceding frame
[22:14:29.952][D][bshdbus:061]: Discarding 1 bytes of unparsed data after timeout of 28 ms: 0x0a
[22:14:29.965][D][main:661]: Received frame dest 0x1f cmd 0xe001: 0x0502
[22:14:31.929][D][main:661]: Received frame dest 0x0f cmd 0xe000: 0x05
[22:14:31.936][D][bshdbus:090]: Missed ACK for dest 0x0f of preceding frame
[22:14:31.954][D][bshdbus:061]: Discarding 1 bytes of unparsed data after timeout of 26 ms: 0x0a
[22:14:31.960][D][main:661]: Received frame dest 0x1f cmd 0xe001: 0x0502
[22:14:33.932][D][main:661]: Received frame dest 0x0f cmd 0xe000: 0x05
[22:14:33.940][D][bshdbus:090]: Missed ACK for dest 0x0f of preceding frame
[22:14:33.953][D][bshdbus:061]: Discarding 1 bytes of unparsed data after timeout of 22 ms: 0x0a
[22:14:33.959][D][main:661]: Received frame dest 0x1f cmd 0xe001: 0x0502
[22:14:35.936][D][main:661]: Received frame dest 0x0f cmd 0xe000: 0x05
[22:14:35.946][D][bshdbus:090]: Missed ACK for dest 0x0f of preceding frame
[22:14:35.989][D][bshdbus:061]: Discarding 10 bytes of unparsed data after timeout of 32 ms: 0x0a041fe00105020b6f1a
[22:14:37.940][D][main:661]: Received frame dest 0x0f cmd 0xe000: 0x05
[22:14:37.947][D][bshdbus:090]: Missed ACK for dest 0x0f of preceding frame
[22:14:37.989][D][bshdbus:061]: Discarding 10 bytes of unparsed data after timeout of 32 ms: 0x0a041fe00105020b6f1a
[22:14:39.944][D][main:661]: Received frame dest 0x0f cmd 0xe000: 0x05
[22:14:39.953][D][bshdbus:090]: Missed ACK for dest 0x0f of preceding frame
[22:14:39.971][D][bshdbus:061]: Discarding 1 bytes of unparsed data after timeout of 27 ms: 0x0a
[22:14:39.980][D][main:661]: Received frame dest 0x1f cmd 0xe001: 0x0502
[22:14:41.947][D][main:661]: Received frame dest 0x0f cmd 0xe000: 0x05
[22:14:41.954][D][bshdbus:090]: Missed ACK for dest 0x0f of preceding frame
[22:14:41.972][D][bshdbus:061]: Discarding 1 bytes of unparsed data after timeout of 26 ms: 0x0a
[22:14:41.979][D][main:661]: Received frame dest 0x1f cmd 0xe001: 0x0502
[22:14:43.963][D][main:661]: Received frame dest 0x0f cmd 0xe000: 0x05
[22:14:43.972][D][bshdbus:090]: Missed ACK for dest 0x0f of preceding frame
[22:14:43.978][D][bshdbus:061]: Discarding 1 bytes of unparsed data after timeout of 25 ms: 0x0a
[22:14:43.985][D][main:661]: Received frame dest 0x1f cmd 0xe001: 0x0502
[22:14:45.954][D][main:661]: Received frame dest 0x0f cmd 0xe000: 0x05
[22:14:45.969][D][bshdbus:090]: Missed ACK for dest 0x0f of preceding frame
[22:14:45.983][D][bshdbus:061]: Discarding 1 bytes of unparsed data after timeout of 21 ms: 0x0a
[22:14:45.990][D][main:661]: Received frame dest 0x1f cmd 0xe001: 0x0502
[22:14:47.961][D][main:661]: Received frame dest 0x0f cmd 0xe000: 0x05
[22:14:47.971][D][bshdbus:090]: Missed ACK for dest 0x0f of preceding frame
[22:14:48.007][D][bshdbus:061]: Discarding 10 bytes of unparsed data after timeout of 32 ms: 0x0a041fe00105020b6f1a
[22:14:49.967][D][main:661]: Received frame dest 0x0f cmd 0xe000: 0x05
[22:14:49.974][D][bshdbus:090]: Missed ACK for dest 0x0f of preceding frame
[22:14:50.010][D][bshdbus:061]: Discarding 10 bytes of unparsed data after timeout of 32 ms: 0x0a041fe00105020b6f1a
[22:14:51.965][D][main:661]: Received frame dest 0x0f cmd 0xe000: 0x05
[22:14:51.973][D][bshdbus:090]: Missed ACK for dest 0x0f of preceding frame
[22:14:51.994][D][bshdbus:061]: Discarding 1 bytes of unparsed data after timeout of 29 ms: 0x0a
[22:14:52.000][D][main:661]: Received frame dest 0x1f cmd 0xe001: 0x0502
[22:14:53.969][D][main:661]: Received frame dest 0x0f cmd 0xe000: 0x05
[22:14:53.980][D][bshdbus:090]: Missed ACK for dest 0x0f of preceding frame
[22:14:53.998][D][bshdbus:061]: Discarding 1 bytes of unparsed data after timeout of 27 ms: 0x0a
[22:14:54.010][D][main:661]: Received frame dest 0x1f cmd 0xe001: 0x0502
[22:14:55.972][D][main:661]: Received frame dest 0x0f cmd 0xe000: 0x05
[22:14:55.984][D][bshdbus:090]: Missed ACK for dest 0x0f of preceding frame
[22:14:55.998][D][bshdbus:061]: Discarding 1 bytes of unparsed data after timeout of 27 ms: 0x0a
[22:14:56.004][D][main:661]: Received frame dest 0x1f cmd 0xe001: 0x0502
[22:14:57.977][D][main:661]: Received frame dest 0x0f cmd 0xe000: 0x05
[22:14:58.083][D][bshdbus:090]: Missed ACK for dest 0x0f of preceding frame
[22:14:58.089][D][bshdbus:061]: Discarding 10 bytes of unparsed data after timeout of 32 ms: 0x0a041fe00105020b6f1a
[22:14:59.981][D][main:661]: Received frame dest 0x0f cmd 0xe000: 0x05
[22:14:59.989][D][bshdbus:090]: Missed ACK for dest 0x0f of preceding frame
[22:15:00.044][D][bshdbus:061]: Discarding 10 bytes of unparsed data after timeout of 32 ms: 0x0a041fe00105020b6f1a
[22:15:01.987][D][main:661]: Received frame dest 0x0f cmd 0xe000: 0x05
[22:15:01.995][D][bshdbus:090]: Missed ACK for dest 0x0f of preceding frame
[22:15:02.031][D][bshdbus:061]: Discarding 10 bytes of unparsed data after timeout of 32 ms: 0x0a041fe00105020b6f1a
[22:15:03.988][D][main:661]: Received frame dest 0x0f cmd 0xe000: 0x05
[22:15:03.995][D][bshdbus:090]: Missed ACK for dest 0x0f of preceding frame
[22:15:04.016][D][bshdbus:061]: Discarding 1 bytes of unparsed data after timeout of 28 ms: 0x0a
[22:15:04.041][D][main:661]: Received frame dest 0x1f cmd 0xe001: 0x0502
[22:15:05.990][D][main:661]: Received frame dest 0x0f cmd 0xe000: 0x05
[22:15:06.000][D][bshdbus:090]: Missed ACK for dest 0x0f of preceding frame
[22:15:06.012][D][bshdbus:061]: Discarding 1 bytes of unparsed data after timeout of 23 ms: 0x0a
[22:15:06.020][D][main:661]: Received frame dest 0x1f cmd 0xe001: 0x0502
[22:15:07.998][D][main:661]: Received frame dest 0x0f cmd 0xe000: 0x05
[22:15:08.005][D][bshdbus:090]: Missed ACK for dest 0x0f of preceding frame
[22:15:08.047][D][bshdbus:061]: Discarding 10 bytes of unparsed data after timeout of 32 ms: 0x0a041fe00105020b6f1a
[22:15:09.998][D][main:661]: Received frame dest 0x0f cmd 0xe000: 0x05
[22:15:10.005][D][bshdbus:090]: Missed ACK for dest 0x0f of preceding frame
[22:15:10.045][D][bshdbus:061]: Discarding 10 bytes of unparsed data after timeout of 32 ms: 0x0a041fe00105020b6f1a
[22:15:12.002][D][main:661]: Received frame dest 0x0f cmd 0xe000: 0x05
[22:15:12.013][D][bshdbus:090]: Missed ACK for dest 0x0f of preceding frame
[22:15:12.030][D][bshdbus:061]: Discarding 1 bytes of unparsed data after timeout of 29 ms: 0x0a
[22:15:12.038][D][main:661]: Received frame dest 0x1f cmd 0xe001: 0x0502
[22:15:14.006][D][main:661]: Received frame dest 0x0f cmd 0xe000: 0x05
[22:15:14.021][D][bshdbus:090]: Missed ACK for dest 0x0f of preceding frame
[22:15:14.032][D][bshdbus:061]: Discarding 1 bytes of unparsed data after timeout of 26 ms: 0x0a
[22:15:14.040][D][main:661]: Received frame dest 0x1f cmd 0xe001: 0x0502
[22:15:16.028][D][main:661]: Received frame dest 0x0f cmd 0xe000: 0x05
[22:15:16.038][D][bshdbus:090]: Missed ACK for dest 0x0f of preceding frame
[22:15:16.044][D][bshdbus:061]: Discarding 1 bytes of unparsed data after timeout of 24 ms: 0x0a
[22:15:16.053][D][main:661]: Received frame dest 0x1f cmd 0xe001: 0x0502
[22:15:18.011][D][main:661]: Received frame dest 0x0f cmd 0xe000: 0x05
[22:15:18.024][D][bshdbus:090]: Missed ACK for dest 0x0f of preceding frame
[22:15:18.066][D][bshdbus:061]: Discarding 10 bytes of unparsed data after timeout of 32 ms: 0x0a041fe00105020b6f1a
[22:15:19.125][S][sensor]: 'Uptime s' >> 2282 s
[22:15:19.405][S][sensor]: 'ESP Internal Temperature' >> 53.3 °C
[22:15:19.789][S][sensor]: 'WiFi RSSI' >> -75 dBm
[22:15:20.015][D][main:661]: Received frame dest 0x0f cmd 0xe000: 0x05
[22:15:20.021][D][bshdbus:090]: Missed ACK for dest 0x0f of preceding frame
[22:15:20.066][D][bshdbus:061]: Discarding 10 bytes of unparsed data after timeout of 32 ms: 0x0a041fe00105020b6f1a
[22:15:20.788][S][text_sensor]: 'Uptime' >> '00d 00h 38m 2s'
[22:15:22.019][D][main:661]: Received frame dest 0x0f cmd 0xe000: 0x05
[22:15:22.026][D][bshdbus:090]: Missed ACK for dest 0x0f of preceding frame
[22:15:22.067][D][bshdbus:061]: Discarding 10 bytes of unparsed data after timeout of 32 ms: 0x0a041fe00105020b6f1a
[22:15:24.023][D][main:661]: Received frame dest 0x0f cmd 0xe000: 0x05
[22:15:24.031][D][bshdbus:090]: Missed ACK for dest 0x0f of preceding frame
[22:15:24.050][D][bshdbus:061]: Discarding 1 bytes of unparsed data after timeout of 27 ms: 0x0a
[22:15:24.057][D][main:661]: Received frame dest 0x1f cmd 0xe001: 0x0502
[22:15:26.026][D][main:661]: Received frame dest 0x0f cmd 0xe000: 0x05
[22:15:26.034][D][bshdbus:090]: Missed ACK for dest 0x0f of preceding frame
[22:15:26.053][D][bshdbus:061]: Discarding 1 bytes of unparsed data after timeout of 24 ms: 0x0a
[22:15:26.060][D][main:661]: Received frame dest 0x1f cmd 0xe001: 0x0502
[22:15:28.030][D][main:661]: Received frame dest 0x0f cmd 0xe000: 0x05
[22:15:28.041][D][bshdbus:090]: Missed ACK for dest 0x0f of preceding frame
[22:15:28.087][D][bshdbus:061]: Discarding 10 bytes of unparsed data after timeout of 32 ms: 0x0a041fe00105020b6f1a
[22:15:30.046][D][main:661]: Received frame dest 0x0f cmd 0xe000: 0x05
[22:15:30.053][D][bshdbus:090]: Missed ACK for dest 0x0f of preceding frame
[22:15:30.085][D][bshdbus:061]: Discarding 10 bytes of unparsed data after timeout of 32 ms: 0x0a041fe00105020b6f1a
[22:15:32.037][D][main:661]: Received frame dest 0x0f cmd 0xe000: 0x05
[22:15:32.046][D][bshdbus:090]: Missed ACK for dest 0x0f of preceding frame
[22:15:32.092][D][bshdbus:061]: Discarding 10 bytes of unparsed data after timeout of 32 ms: 0x0a041fe00105020b6f1a
[22:15:34.041][D][main:661]: Received frame dest 0x0f cmd 0xe000: 0x05
[22:15:34.049][D][bshdbus:090]: Missed ACK for dest 0x0f of preceding frame
[22:15:34.065][D][bshdbus:061]: Discarding 1 bytes of unparsed data after timeout of 24 ms: 0x0a
[22:15:34.082][D][main:661]: Received frame dest 0x1f cmd 0xe001: 0x0502
[22:15:36.045][D][main:661]: Received frame dest 0x0f cmd 0xe000: 0x05
[22:15:36.053][D][bshdbus:090]: Missed ACK for dest 0x0f of preceding frame
[22:15:36.067][D][bshdbus:061]: Discarding 1 bytes of unparsed data after timeout of 23 ms: 0x0a
[22:15:36.091][D][main:661]: Received frame dest 0x1f cmd 0xe001: 0x0502
[22:15:38.048][D][main:661]: Received frame dest 0x0f cmd 0xe000: 0x05
[22:15:38.057][D][bshdbus:090]: Missed ACK for dest 0x0f of preceding frame
[22:15:38.101][D][bshdbus:061]: Discarding 10 bytes of unparsed data after timeout of 32 ms: 0x0a041fe00105020b6f1a
[22:15:40.052][D][main:661]: Received frame dest 0x0f cmd 0xe000: 0x05
[22:15:40.060][D][bshdbus:090]: Missed ACK for dest 0x0f of preceding frame
[22:15:40.081][D][bshdbus:061]: Discarding 1 bytes of unparsed data after timeout of 30 ms: 0x0a
[22:15:40.090][D][main:661]: Received frame dest 0x1f cmd 0xe001: 0x0502
[22:15:42.059][D][main:661]: Received frame dest 0x0f cmd 0xe000: 0x05
[22:15:42.076][D][bshdbus:090]: Missed ACK for dest 0x0f of preceding frame
[22:15:42.089][D][bshdbus:061]: Discarding 1 bytes of unparsed data after timeout of 26 ms: 0x0a
[22:15:42.102][D][main:661]: Received frame dest 0x1f cmd 0xe001: 0x0502
[22:15:44.061][D][main:661]: Received frame dest 0x0f cmd 0xe000: 0x05
[22:15:44.081][D][bshdbus:090]: Missed ACK for dest 0x0f of preceding frame
[22:15:44.107][D][bshdbus:061]: Discarding 1 bytes of unparsed data after timeout of 23 ms: 0x0a
[22:15:44.121][D][main:661]: Received frame dest 0x1f cmd 0xe001: 0x0502
[22:15:46.063][D][main:661]: Received frame dest 0x0f cmd 0xe000: 0x05
[22:15:46.074][D][bshdbus:090]: Missed ACK for dest 0x0f of preceding frame
[22:15:46.122][D][bshdbus:061]: Discarding 10 bytes of unparsed data after timeout of 32 ms: 0x0a041fe00105020b6f1a
[22:15:48.069][D][main:661]: Received frame dest 0x0f cmd 0xe000: 0x05
[22:15:48.080][D][bshdbus:090]: Missed ACK for dest 0x0f of preceding frame
[22:15:48.113][D][bshdbus:061]: Discarding 10 bytes of unparsed data after timeout of 32 ms: 0x0a041fe00105020b6f1a
[22:15:50.071][D][main:661]: Received frame dest 0x0f cmd 0xe000: 0x05
[22:15:50.087][D][bshdbus:090]: Missed ACK for dest 0x0f of preceding frame
[22:15:50.097][D][bshdbus:061]: Discarding 1 bytes of unparsed data after timeout of 28 ms: 0x0a
[22:15:50.117][D][main:661]: Received frame dest 0x1f cmd 0xe001: 0x0502
[22:15:52.074][D][main:661]: Received frame dest 0x0f cmd 0xe000: 0x05
[22:15:52.155][D][bshdbus:090]: Missed ACK for dest 0x0f of preceding frame
[22:15:52.170][D][bshdbus:061]: Discarding 10 bytes of unparsed data after timeout of 32 ms: 0x0a041fe00105020b6f1a
[22:15:54.079][D][main:661]: Received frame dest 0x0f cmd 0xe000: 0x05
[22:15:54.122][D][bshdbus:090]: Missed ACK for dest 0x0f of preceding frame
[22:15:54.128][D][bshdbus:061]: Discarding 10 bytes of unparsed data after timeout of 32 ms: 0x0a041fe00105020b6f1a
[22:15:56.083][D][main:661]: Received frame dest 0x0f cmd 0xe000: 0x05
[22:15:56.100][D][bshdbus:090]: Missed ACK for dest 0x0f of preceding frame
[22:15:56.128][D][bshdbus:061]: Discarding 10 bytes of unparsed data after timeout of 32 ms: 0x0a041fe00105020b6f1a
[22:15:58.085][D][main:661]: Received frame dest 0x0f cmd 0xe000: 0x05
[22:15:58.105][D][bshdbus:090]: Missed ACK for dest 0x0f of preceding frame
[22:15:58.112][D][bshdbus:061]: Discarding 1 bytes of unparsed data after timeout of 24 ms: 0x0a
[22:15:58.118][D][main:661]: Received frame dest 0x1f cmd 0xe001: 0x0502
[22:16:00.089][D][main:661]: Received frame dest 0x0f cmd 0xe000: 0x05
[22:16:00.105][D][bshdbus:090]: Missed ACK for dest 0x0f of preceding frame
[22:16:00.117][D][bshdbus:061]: Discarding 1 bytes of unparsed data after timeout of 21 ms: 0x0a
[22:16:00.123][D][main:661]: Received frame dest 0x1f cmd 0xe001: 0x0502
[22:16:02.096][D][main:661]: Received frame dest 0x0f cmd 0xe000: 0x05
[22:16:02.106][D][bshdbus:090]: Missed ACK for dest 0x0f of preceding frame
[22:16:02.144][D][bshdbus:061]: Discarding 10 bytes of unparsed data after timeout of 32 ms: 0x0a041fe00105020b6f1a
[22:16:04.096][D][main:661]: Received frame dest 0x0f cmd 0xe000: 0x05
[22:16:04.115][D][bshdbus:090]: Missed ACK for dest 0x0f of preceding frame
[22:16:04.133][D][bshdbus:061]: Discarding 1 bytes of unparsed data after timeout of 29 ms: 0x0a
[22:16:04.146][D][main:661]: Received frame dest 0x1f cmd 0xe001: 0x0502
[22:16:06.099][D][main:661]: Received frame dest 0x0f cmd 0xe000: 0x05
[22:16:06.110][D][bshdbus:090]: Missed ACK for dest 0x0f of preceding frame
[22:16:06.123][D][bshdbus:061]: Discarding 1 bytes of unparsed data after timeout of 23 ms: 0x0a
[22:16:06.131][D][main:661]: Received frame dest 0x1f cmd 0xe001: 0x0502
[22:16:08.104][D][main:661]: Received frame dest 0x0f cmd 0xe000: 0x05
[22:16:08.111][D][bshdbus:090]: Missed ACK for dest 0x0f of preceding frame
[22:16:08.153][D][bshdbus:061]: Discarding 10 bytes of unparsed data after timeout of 32 ms: 0x0a041fe00105020b6f1a
[22:16:10.114][D][main:661]: Received frame dest 0x0f cmd 0xe000: 0x05
[22:16:10.171][D][bshdbus:090]: Missed ACK for dest 0x0f of preceding frame
[22:16:10.182][D][bshdbus:061]: Discarding 10 bytes of unparsed data after timeout of 32 ms: 0x0a041fe00105020b6f1a
[22:16:12.113][D][main:661]: Received frame dest 0x0f cmd 0xe000: 0x05
[22:16:12.132][D][bshdbus:090]: Missed ACK for dest 0x0f of preceding frame
[22:16:12.161][D][bshdbus:061]: Discarding 10 bytes of unparsed data after timeout of 32 ms: 0x0a041fe00105020b6f1a
[22:16:14.113][D][main:661]: Received frame dest 0x0f cmd 0xe000: 0x05
[22:16:14.122][D][bshdbus:090]: Missed ACK for dest 0x0f of preceding frame
[22:16:14.142][D][bshdbus:061]: Discarding 1 bytes of unparsed data after timeout of 29 ms: 0x0a
[22:16:14.154][D][main:661]: Received frame dest 0x1f cmd 0xe001: 0x0502
[22:16:16.129][D][main:661]: Received frame dest 0x0f cmd 0xe000: 0x05
[22:16:16.138][D][bshdbus:090]: Missed ACK for dest 0x0f of preceding frame
[22:16:16.172][D][bshdbus:061]: Discarding 10 bytes of unparsed data after timeout of 33 ms: 0x0a041fe00105020b6f1a
[22:16:18.121][D][main:661]: Received frame dest 0x0f cmd 0xe000: 0x05
[22:16:18.128][D][bshdbus:090]: Missed ACK for dest 0x0f of preceding frame
[22:16:18.181][D][bshdbus:061]: Discarding 10 bytes of unparsed data after timeout of 32 ms: 0x0a041fe00105020b6f1a
[22:16:19.120][S][sensor]: 'Uptime s' >> 2342 s
[22:16:19.411][S][sensor]: 'ESP Internal Temperature' >> 52.3 °C
[22:16:19.770][S][sensor]: 'WiFi RSSI' >> -75 dBm
[22:16:20.125][D][main:661]: Received frame dest 0x0f cmd 0xe000: 0x05
[22:16:20.136][D][bshdbus:090]: Missed ACK for dest 0x0f of preceding frame
[22:16:20.150][D][bshdbus:061]: Discarding 1 bytes of unparsed data after timeout of 27 ms: 0x0a
[22:16:20.158][D][main:661]: Received frame dest 0x1f cmd 0xe001: 0x0502
[22:16:20.779][S][text_sensor]: 'Uptime' >> '00d 00h 39m 2s'
[22:16:22.129][D][main:661]: Received frame dest 0x0f cmd 0xe000: 0x05
[22:16:22.136][D][bshdbus:090]: Missed ACK for dest 0x0f of preceding frame
[22:16:22.162][D][bshdbus:061]: Discarding 1 bytes of unparsed data after timeout of 22 ms: 0x0a
[22:16:22.168][D][main:661]: Received frame dest 0x1f cmd 0xe001: 0x0502
[22:16:24.132][D][main:661]: Received frame dest 0x0f cmd 0xe000: 0x05
[22:16:24.143][D][bshdbus:090]: Missed ACK for dest 0x0f of preceding frame
[22:16:24.180][D][bshdbus:061]: Discarding 10 bytes of unparsed data after timeout of 32 ms: 0x0a041fe00105020b6f1a
[22:16:26.136][D][main:661]: Received frame dest 0x0f cmd 0xe000: 0x05
[22:16:26.143][D][bshdbus:090]: Missed ACK for dest 0x0f of preceding frame
[22:16:26.162][D][bshdbus:061]: Discarding 1 bytes of unparsed data after timeout of 27 ms: 0x0a
[22:16:26.170][D][main:661]: Received frame dest 0x1f cmd 0xe001: 0x0502
[22:16:28.144][D][main:661]: Received frame dest 0x0f cmd 0xe000: 0x05
[22:16:28.156][D][bshdbus:090]: Missed ACK for dest 0x0f of preceding frame
[22:16:28.164][D][bshdbus:061]: Discarding 1 bytes of unparsed data after timeout of 23 ms: 0x0a
[22:16:28.172][D][main:661]: Received frame dest 0x1f cmd 0xe001: 0x0502
[22:16:30.161][D][main:661]: Received frame dest 0x0f cmd 0xe000: 0x05
[22:16:30.172][D][bshdbus:090]: Missed ACK for dest 0x0f of preceding frame
[22:16:30.192][D][bshdbus:061]: Discarding 10 bytes of unparsed data after timeout of 33 ms: 0x0a041fe00105020b6f1a
[22:16:32.154][D][main:661]: Received frame dest 0x0f cmd 0xe000: 0x05
[22:16:32.175][D][bshdbus:090]: Missed ACK for dest 0x0f of preceding frame
[22:16:32.182][D][bshdbus:061]: Discarding 1 bytes of unparsed data after timeout of 23 ms: 0x0a
[22:16:32.201][D][main:661]: Received frame dest 0x1f cmd 0xe001: 0x0502
[22:16:34.151][D][main:661]: Received frame dest 0x0f cmd 0xe000: 0x05
[22:16:34.160][D][bshdbus:090]: Missed ACK for dest 0x0f of preceding frame
[22:16:34.203][D][bshdbus:061]: Discarding 10 bytes of unparsed data after timeout of 32 ms: 0x0a041fe00105020b6f1a
[22:16:36.154][D][main:661]: Received frame dest 0x0f cmd 0xe000: 0x05
[22:16:36.162][D][bshdbus:090]: Missed ACK for dest 0x0f of preceding frame
[22:16:36.179][D][bshdbus:061]: Discarding 1 bytes of unparsed data after timeout of 26 ms: 0x0a
[22:16:36.200][D][main:661]: Received frame dest 0x1f cmd 0xe001: 0x0502
[22:16:38.164][D][main:661]: Received frame dest 0x0f cmd 0xe000: 0x05
[22:16:38.176][D][bshdbus:090]: Missed ACK for dest 0x0f of preceding frame
[22:16:38.212][D][bshdbus:061]: Discarding 10 bytes of unparsed data after timeout of 32 ms: 0x0a041fe00105020b6f1a
[22:16:40.162][D][main:661]: Received frame dest 0x0f cmd 0xe000: 0x05
[22:16:40.168][D][bshdbus:090]: Missed ACK for dest 0x0f of preceding frame
[22:16:40.212][D][bshdbus:061]: Discarding 10 bytes of unparsed data after timeout of 32 ms: 0x0a041fe00105020b6f1a
[22:16:42.194][D][main:661]: Received frame dest 0x0f cmd 0xe000: 0x05
[22:16:42.208][D][bshdbus:090]: Missed ACK for dest 0x0f of preceding frame
[22:16:42.214][D][bshdbus:061]: Discarding 1 bytes of unparsed data after timeout of 24 ms: 0x0a
[22:16:42.221][D][main:661]: Received frame dest 0x1f cmd 0xe001: 0x0502
[22:16:44.168][D][main:661]: Received frame dest 0x0f cmd 0xe000: 0x05
[22:16:44.188][D][bshdbus:090]: Missed ACK for dest 0x0f of preceding frame
[22:16:44.196][D][bshdbus:061]: Discarding 1 bytes of unparsed data after timeout of 21 ms: 0x0a
[22:16:44.202][D][main:661]: Received frame dest 0x1f cmd 0xe001: 0x0502
[22:16:46.173][D][main:661]: Received frame dest 0x0f cmd 0xe000: 0x05
[22:16:46.182][D][bshdbus:090]: Missed ACK for dest 0x0f of preceding frame
[22:16:46.234][D][bshdbus:061]: Discarding 10 bytes of unparsed data after timeout of 32 ms: 0x0a041fe00105020b6f1a
[22:16:48.184][D][main:661]: Received frame dest 0x0f cmd 0xe000: 0x05
[22:16:48.192][D][bshdbus:090]: Missed ACK for dest 0x0f of preceding frame
[22:16:48.198][D][bshdbus:061]: Discarding 1 bytes of unparsed data after timeout of 21 ms: 0x0a
[22:16:48.204][D][main:661]: Received frame dest 0x1f cmd 0xe001: 0x0502
[22:16:50.180][D][main:661]: Received frame dest 0x0f cmd 0xe000: 0x05
[22:16:50.187][D][bshdbus:090]: Missed ACK for dest 0x0f of preceding frame
[22:16:50.203][D][bshdbus:061]: Discarding 1 bytes of unparsed data after timeout of 25 ms: 0x0a
[22:16:50.210][D][main:661]: Received frame dest 0x1f cmd 0xe001: 0x0502
[22:16:52.184][D][main:661]: Received frame dest 0x0f cmd 0xe000: 0x05
[22:16:52.192][D][bshdbus:090]: Missed ACK for dest 0x0f of preceding frame
[22:16:52.234][D][bshdbus:061]: Discarding 10 bytes of unparsed data after timeout of 32 ms: 0x0a041fe00105020b6f1a
[22:16:54.188][D][main:661]: Received frame dest 0x0f cmd 0xe000: 0x05
[22:16:54.195][D][bshdbus:090]: Missed ACK for dest 0x0f of preceding frame
[22:16:54.228][D][bshdbus:061]: Discarding 1 bytes of unparsed data after timeout of 28 ms: 0x0a
[22:16:54.255][D][main:661]: Received frame dest 0x1f cmd 0xe001: 0x0502
[22:16:56.191][D][main:661]: Received frame dest 0x0f cmd 0xe000: 0x05
[22:16:56.202][D][bshdbus:090]: Missed ACK for dest 0x0f of preceding frame
[22:16:56.213][D][bshdbus:061]: Discarding 1 bytes of unparsed data after timeout of 23 ms: 0x0a
[22:16:56.220][D][main:661]: Received frame dest 0x1f cmd 0xe001: 0x0502
[22:16:58.195][D][main:661]: Received frame dest 0x0f cmd 0xe000: 0x05
[22:16:58.241][D][bshdbus:090]: Missed ACK for dest 0x0f of preceding frame
[22:16:58.248][D][bshdbus:061]: Discarding 1 bytes of unparsed data after timeout of 29 ms: 0x0a
[22:16:58.257][D][main:661]: Received frame dest 0x1f cmd 0xe001: 0x0502
[22:17:00.200][D][main:661]: Received frame dest 0x0f cmd 0xe000: 0x05
[22:17:00.209][D][bshdbus:090]: Missed ACK for dest 0x0f of preceding frame
[22:17:00.262][D][bshdbus:061]: Discarding 10 bytes of unparsed data after timeout of 32 ms: 0x0a041fe00105020b6f1a
[22:17:02.207][D][main:661]: Received frame dest 0x0f cmd 0xe000: 0x05
[22:17:02.231][D][bshdbus:090]: Missed ACK for dest 0x0f of preceding frame
[22:17:02.254][D][bshdbus:061]: Discarding 10 bytes of unparsed data after timeout of 32 ms: 0x0a041fe00105020b6f1a
[22:17:04.206][D][main:661]: Received frame dest 0x0f cmd 0xe000: 0x05
[22:17:04.219][D][bshdbus:090]: Missed ACK for dest 0x0f of preceding frame
[22:17:04.279][D][bshdbus:061]: Discarding 10 bytes of unparsed data after timeout of 32 ms: 0x0a041fe00105020b6f1a
[22:17:06.212][D][main:661]: Received frame dest 0x0f cmd 0xe000: 0x05
[22:17:06.222][D][bshdbus:090]: Missed ACK for dest 0x0f of preceding frame
[22:17:06.238][D][bshdbus:061]: Discarding 1 bytes of unparsed data after timeout of 29 ms: 0x0a
[22:17:06.249][D][main:661]: Received frame dest 0x1f cmd 0xe001: 0x0502
[22:17:08.215][D][main:661]: Received frame dest 0x0f cmd 0xe000: 0x05
[22:17:08.225][D][bshdbus:090]: Missed ACK for dest 0x0f of preceding frame
[22:17:08.238][D][bshdbus:061]: Discarding 1 bytes of unparsed data after timeout of 21 ms: 0x0a
[22:17:08.281][D][main:661]: Received frame dest 0x1f cmd 0xe001: 0x0502
[22:17:10.218][D][main:661]: Received frame dest 0x0f cmd 0xe000: 0x05
[22:17:10.227][D][bshdbus:090]: Missed ACK for dest 0x0f of preceding frame
[22:17:10.281][D][bshdbus:061]: Discarding 10 bytes of unparsed data after timeout of 32 ms: 0x0a041fe00105020b6f1a
[22:17:12.224][D][main:661]: Received frame dest 0x0f cmd 0xe000: 0x05
[22:17:12.245][D][bshdbus:090]: Missed ACK for dest 0x0f of preceding frame
[22:17:12.252][D][bshdbus:061]: Discarding 1 bytes of unparsed data after timeout of 27 ms: 0x0a
[22:17:12.303][D][main:661]: Received frame dest 0x1f cmd 0xe001: 0x0502
[22:17:14.237][D][main:661]: Received frame dest 0x0f cmd 0xe000: 0x05
[22:17:14.245][D][bshdbus:090]: Missed ACK for dest 0x0f of preceding frame
[22:17:14.252][D][bshdbus:061]: Discarding 1 bytes of unparsed data after timeout of 25 ms: 0x0a
[22:17:14.269][D][main:661]: Received frame dest 0x1f cmd 0xe001: 0x0502
[22:17:16.237][D][main:661]: Received frame dest 0x0f cmd 0xe000: 0x05
[22:17:16.244][D][bshdbus:090]: Missed ACK for dest 0x0f of preceding frame
[22:17:16.282][D][bshdbus:061]: Discarding 10 bytes of unparsed data after timeout of 32 ms: 0x0a041fe00105020b6f1a
[22:17:18.232][D][main:661]: Received frame dest 0x0f cmd 0xe000: 0x05
[22:17:18.247][D][bshdbus:090]: Missed ACK for dest 0x0f of preceding frame
[22:17:18.334][D][bshdbus:061]: Discarding 10 bytes of unparsed data after timeout of 32 ms: 0x0a041fe00105020b6f1a
[22:17:19.129][S][sensor]: 'Uptime s' >> 2402 s
[22:17:19.455][S][sensor]: 'ESP Internal Temperature' >> 52.3 °C
[22:17:19.742][S][sensor]: 'WiFi RSSI' >> -75 dBm
[22:17:20.236][D][main:661]: Received frame dest 0x0f cmd 0xe000: 0x05
[22:17:20.244][D][bshdbus:090]: Missed ACK for dest 0x0f of preceding frame
[22:17:20.261][D][bshdbus:061]: Discarding 1 bytes of unparsed data after timeout of 26 ms: 0x0a
[22:17:20.268][D][main:661]: Received frame dest 0x1f cmd 0xe001: 0x0502
[22:17:20.778][S][text_sensor]: 'Uptime' >> '00d 00h 40m 2s'
[22:17:22.240][D][main:661]: Received frame dest 0x0f cmd 0xe000: 0x05
[22:17:22.247][D][bshdbus:090]: Missed ACK for dest 0x0f of preceding frame
[22:17:22.261][D][bshdbus:061]: Discarding 1 bytes of unparsed data after timeout of 22 ms: 0x0a
[22:17:22.281][D][main:661]: Received frame dest 0x1f cmd 0xe001: 0x0502
[22:17:24.243][D][main:661]: Received frame dest 0x0f cmd 0xe000: 0x05
[22:17:24.252][D][bshdbus:090]: Missed ACK for dest 0x0f of preceding frame
[22:17:24.264][D][bshdbus:061]: Discarding 1 bytes of unparsed data after timeout of 23 ms: 0x0a
[22:17:24.271][D][main:661]: Received frame dest 0x1f cmd 0xe001: 0x0502
[22:17:26.253][D][main:661]: Received frame dest 0x0f cmd 0xe000: 0x05
[22:17:26.274][D][bshdbus:090]: Missed ACK for dest 0x0f of preceding frame
[22:17:26.300][D][bshdbus:061]: Discarding 10 bytes of unparsed data after timeout of 32 ms: 0x0a041fe00105020b6f1a
[22:17:28.258][D][main:661]: Received frame dest 0x0f cmd 0xe000: 0x05
[22:17:28.277][D][bshdbus:090]: Missed ACK for dest 0x0f of preceding frame
[22:17:28.298][D][bshdbus:061]: Discarding 10 bytes of unparsed data after timeout of 32 ms: 0x0a041fe00105020b6f1a
[22:17:30.265][D][main:661]: Received frame dest 0x0f cmd 0xe000: 0x05
[22:17:30.274][D][bshdbus:090]: Missed ACK for dest 0x0f of preceding frame
[22:17:30.301][D][bshdbus:061]: Discarding 10 bytes of unparsed data after timeout of 32 ms: 0x0a041fe00105020b6f1a
[22:17:32.258][D][main:661]: Received frame dest 0x0f cmd 0xe000: 0x05
[22:17:32.270][D][bshdbus:090]: Missed ACK for dest 0x0f of preceding frame
[22:17:32.287][D][bshdbus:061]: Discarding 1 bytes of unparsed data after timeout of 30 ms: 0x0a
[22:17:32.293][D][main:661]: Received frame dest 0x1f cmd 0xe001: 0x0502
[22:17:34.274][D][main:661]: Received frame dest 0x0f cmd 0xe000: 0x05
[22:17:34.290][D][bshdbus:090]: Missed ACK for dest 0x0f of preceding frame
[22:17:34.298][D][bshdbus:061]: Discarding 1 bytes of unparsed data after timeout of 25 ms: 0x0a
[22:17:34.307][D][main:661]: Received frame dest 0x1f cmd 0xe001: 0x0502
[22:17:36.268][D][main:661]: Received frame dest 0x0f cmd 0xe000: 0x05
[22:17:36.283][D][bshdbus:090]: Missed ACK for dest 0x0f of preceding frame
[22:17:36.292][D][bshdbus:061]: Discarding 1 bytes of unparsed data after timeout of 21 ms: 0x0a
[22:17:36.311][D][main:661]: Received frame dest 0x1f cmd 0xe001: 0x0502
[22:17:38.282][D][main:661]: Received frame dest 0x0f cmd 0xe000: 0x05
[22:17:38.290][D][bshdbus:090]: Missed ACK for dest 0x0f of preceding frame
[22:17:38.322][D][bshdbus:061]: Discarding 10 bytes of unparsed data after timeout of 32 ms: 0x0a041fe00105020b6f1a
[22:17:40.274][D][main:661]: Received frame dest 0x0f cmd 0xe000: 0x05
[22:17:40.288][D][bshdbus:090]: Missed ACK for dest 0x0f of preceding frame
[22:17:40.300][D][bshdbus:061]: Discarding 1 bytes of unparsed data after timeout of 22 ms: 0x0a
[22:17:40.310][D][main:661]: Received frame dest 0x1f cmd 0xe001: 0x0502
[22:17:42.279][D][main:661]: Received frame dest 0x0f cmd 0xe000: 0x05
[22:17:42.291][D][bshdbus:090]: Missed ACK for dest 0x0f of preceding frame
[22:17:42.307][D][bshdbus:061]: Discarding 1 bytes of unparsed data after timeout of 29 ms: 0x0a
[22:17:42.313][D][main:661]: Received frame dest 0x1f cmd 0xe001: 0x0502
[22:17:44.282][D][main:661]: Received frame dest 0x0f cmd 0xe000: 0x05
[22:17:44.328][D][bshdbus:090]: Missed ACK for dest 0x0f of preceding frame
[22:17:44.335][D][bshdbus:061]: Discarding 10 bytes of unparsed data after timeout of 32 ms: 0x0a041fe00105020b6f1a
[22:17:46.286][D][main:661]: Received frame dest 0x0f cmd 0xe000: 0x05
[22:17:46.293][D][bshdbus:090]: Missed ACK for dest 0x0f of preceding frame
[22:17:46.310][D][bshdbus:061]: Discarding 1 bytes of unparsed data after timeout of 27 ms: 0x0a
[22:17:46.318][D][main:661]: Received frame dest 0x1f cmd 0xe001: 0x0502
[22:17:48.317][D][main:661]: Received frame dest 0x0f cmd 0xe000: 0x05
[22:17:48.335][D][bshdbus:090]: Missed ACK for dest 0x0f of preceding frame
[22:17:48.341][D][bshdbus:061]: Discarding 10 bytes of unparsed data after timeout of 32 ms: 0x0a041fe00105020b6f1a
[22:17:50.292][D][main:661]: Received frame dest 0x0f cmd 0xe000: 0x05
[22:17:50.301][D][bshdbus:090]: Missed ACK for dest 0x0f of preceding frame
[22:17:50.346][D][bshdbus:061]: Discarding 10 bytes of unparsed data after timeout of 32 ms: 0x0a041fe00105020b6f1a
[22:17:52.296][D][main:661]: Received frame dest 0x0f cmd 0xe000: 0x05
[22:17:52.302][D][bshdbus:090]: Missed ACK for dest 0x0f of preceding frame
[22:17:52.348][D][bshdbus:061]: Discarding 10 bytes of unparsed data after timeout of 32 ms: 0x0a041fe00105020b6f1a
[22:17:54.301][D][main:661]: Received frame dest 0x0f cmd 0xe000: 0x05
[22:17:54.312][D][bshdbus:090]: Missed ACK for dest 0x0f of preceding frame
[22:17:54.330][D][bshdbus:061]: Discarding 1 bytes of unparsed data after timeout of 24 ms: 0x0a
[22:17:54.336][D][main:661]: Received frame dest 0x1f cmd 0xe001: 0x0502
[22:17:56.303][D][main:661]: Received frame dest 0x0f cmd 0xe000: 0x05
[22:17:56.314][D][bshdbus:090]: Missed ACK for dest 0x0f of preceding frame
[22:17:56.326][D][bshdbus:061]: Discarding 1 bytes of unparsed data after timeout of 21 ms: 0x0a
[22:17:56.332][D][main:661]: Received frame dest 0x1f cmd 0xe001: 0x0502
[22:17:58.376][D][main:661]: Received frame dest 0x0f cmd 0xe000: 0x05
[22:17:58.384][D][bshdbus:090]: Missed ACK for dest 0x0f of preceding frame
[22:17:58.391][D][bshdbus:061]: Discarding 10 bytes of unparsed data after timeout of 32 ms: 0x0a041fe00105020b6f1a
[22:18:00.312][D][main:661]: Received frame dest 0x0f cmd 0xe000: 0x05
[22:18:00.319][D][bshdbus:090]: Missed ACK for dest 0x0f of preceding frame
[22:18:00.386][D][bshdbus:061]: Discarding 10 bytes of unparsed data after timeout of 32 ms: 0x0a041fe00105020b6f1a
[22:18:02.393][D][main:661]: Received frame dest 0x0f cmd 0xe000: 0x05
[22:18:02.410][D][bshdbus:090]: Missed ACK for dest 0x0f of preceding frame
[22:18:02.423][D][bshdbus:061]: Discarding 1 bytes of unparsed data after timeout of 27 ms: 0x0a
[22:18:02.429][D][main:661]: Received frame dest 0x1f cmd 0xe001: 0x0502
[22:18:04.318][D][main:661]: Received frame dest 0x0f cmd 0xe000: 0x05
[22:18:04.325][D][bshdbus:090]: Missed ACK for dest 0x0f of preceding frame
[22:18:04.393][D][bshdbus:061]: Discarding 10 bytes of unparsed data after timeout of 32 ms: 0x0a041fe00105020b6f1a
[22:18:06.329][D][main:661]: Received frame dest 0x0f cmd 0xe000: 0x05
[22:18:06.342][D][bshdbus:090]: Missed ACK for dest 0x0f of preceding frame
[22:18:06.353][D][bshdbus:061]: Discarding 1 bytes of unparsed data after timeout of 28 ms: 0x0a
[22:18:06.359][D][main:661]: Received frame dest 0x1f cmd 0xe001: 0x0502
[22:18:08.326][D][main:661]: Received frame dest 0x0f cmd 0xe000: 0x05
[22:18:08.339][D][bshdbus:090]: Missed ACK for dest 0x0f of preceding frame
[22:18:08.369][D][bshdbus:061]: Discarding 1 bytes of unparsed data after timeout of 24 ms: 0x0a
[22:18:08.375][D][main:661]: Received frame dest 0x1f cmd 0xe001: 0x0502
[22:18:10.328][D][main:661]: Received frame dest 0x0f cmd 0xe000: 0x05
[22:18:10.343][D][bshdbus:090]: Missed ACK for dest 0x0f of preceding frame
[22:18:10.377][D][bshdbus:061]: Discarding 10 bytes of unparsed data after timeout of 32 ms: 0x0a041fe00105020b6f1a
[22:18:12.333][D][main:661]: Received frame dest 0x0f cmd 0xe000: 0x05
[22:18:12.345][D][bshdbus:090]: Missed ACK for dest 0x0f of preceding frame
[22:18:12.365][D][bshdbus:061]: Discarding 1 bytes of unparsed data after timeout of 25 ms: 0x0a
[22:18:12.373][D][main:661]: Received frame dest 0x1f cmd 0xe001: 0x0502
[22:18:14.339][D][main:661]: Received frame dest 0x0f cmd 0xe000: 0x05
[22:18:14.347][D][bshdbus:090]: Missed ACK for dest 0x0f of preceding frame
[22:18:14.356][D][bshdbus:061]: Discarding 1 bytes of unparsed data after timeout of 21 ms: 0x0a
[22:18:14.373][D][main:661]: Received frame dest 0x1f cmd 0xe001: 0x0502
[22:18:16.358][D][main:661]: Received frame dest 0x0f cmd 0xe000: 0x05
[22:18:16.372][D][bshdbus:090]: Missed ACK for dest 0x0f of preceding frame
[22:18:16.392][D][bshdbus:061]: Discarding 10 bytes of unparsed data after timeout of 32 ms: 0x0a041fe00105020b6f1a
[22:18:18.344][D][main:661]: Received frame dest 0x0f cmd 0xe000: 0x05
[22:18:18.353][D][bshdbus:090]: Missed ACK for dest 0x0f of preceding frame
[22:18:18.367][D][bshdbus:061]: Discarding 1 bytes of unparsed data after timeout of 24 ms: 0x0a
[22:18:18.374][D][main:661]: Received frame dest 0x1f cmd 0xe001: 0x0502
[22:18:19.123][S][sensor]: 'Uptime s' >> 2462 s
[22:18:19.398][S][sensor]: 'ESP Internal Temperature' >> 52.3 °C
[22:18:19.752][S][sensor]: 'WiFi RSSI' >> -74 dBm
[22:18:20.348][D][main:661]: Received frame dest 0x0f cmd 0xe000: 0x05
[22:18:20.363][D][bshdbus:090]: Missed ACK for dest 0x0f of preceding frame
[22:18:20.398][D][bshdbus:061]: Discarding 10 bytes of unparsed data after timeout of 32 ms: 0x0a041fe00105020b6f1a
[22:18:20.784][S][text_sensor]: 'Uptime' >> '00d 00h 41m 2s'
[22:18:22.352][D][main:661]: Received frame dest 0x0f cmd 0xe000: 0x05
[22:18:22.363][D][bshdbus:090]: Missed ACK for dest 0x0f of preceding frame
[22:18:22.393][D][bshdbus:061]: Discarding 1 bytes of unparsed data after timeout of 22 ms: 0x0a
[22:18:22.403][D][main:661]: Received frame dest 0x1f cmd 0xe001: 0x0502
[22:18:24.378][D][main:661]: Received frame dest 0x0f cmd 0xe000: 0x05
[22:18:24.387][D][bshdbus:090]: Missed ACK for dest 0x0f of preceding frame
[22:18:24.393][D][bshdbus:061]: Discarding 1 bytes of unparsed data after timeout of 28 ms: 0x0a
[22:18:24.409][D][main:661]: Received frame dest 0x1f cmd 0xe001: 0x0502
[22:18:26.361][D][main:661]: Received frame dest 0x0f cmd 0xe000: 0x05
[22:18:26.371][D][bshdbus:090]: Missed ACK for dest 0x0f of preceding frame
[22:18:26.385][D][bshdbus:061]: Discarding 1 bytes of unparsed data after timeout of 26 ms: 0x0a
[22:18:26.391][D][main:661]: Received frame dest 0x1f cmd 0xe001: 0x0502
[22:18:28.405][D][main:661]: Received frame dest 0x0f cmd 0xe000: 0x05
[22:18:28.415][D][bshdbus:090]: Missed ACK for dest 0x0f of preceding frame
[22:18:28.431][D][bshdbus:061]: Discarding 10 bytes of unparsed data after timeout of 32 ms: 0x0a041fe00105020b6f1a
[22:18:30.377][D][main:661]: Received frame dest 0x0f cmd 0xe000: 0x05
[22:18:30.384][D][bshdbus:090]: Missed ACK for dest 0x0f of preceding frame
[22:18:30.420][D][bshdbus:061]: Discarding 10 bytes of unparsed data after timeout of 32 ms: 0x0a041fe00105020b6f1a
[22:18:32.371][D][main:661]: Received frame dest 0x0f cmd 0xe000: 0x05
[22:18:32.378][D][bshdbus:090]: Missed ACK for dest 0x0f of preceding frame
[22:18:32.429][D][bshdbus:061]: Discarding 10 bytes of unparsed data after timeout of 32 ms: 0x0a041fe00105020b6f1a
[22:18:34.413][D][main:661]: Received frame dest 0x0f cmd 0xe000: 0x05
[22:18:34.421][D][bshdbus:090]: Missed ACK for dest 0x0f of preceding frame
[22:18:34.428][D][bshdbus:061]: Discarding 1 bytes of unparsed data after timeout of 25 ms: 0x0a
[22:18:34.442][D][main:661]: Received frame dest 0x1f cmd 0xe001: 0x0502
[22:18:36.378][D][main:661]: Received frame dest 0x0f cmd 0xe000: 0x05
[22:18:36.387][D][bshdbus:090]: Missed ACK for dest 0x0f of preceding frame
[22:18:36.430][D][bshdbus:061]: Discarding 10 bytes of unparsed data after timeout of 32 ms: 0x0a041fe00105020b6f1a
[22:18:38.381][D][main:661]: Received frame dest 0x0f cmd 0xe000: 0x05
[22:18:38.387][D][bshdbus:090]: Missed ACK for dest 0x0f of preceding frame
[22:18:38.428][D][bshdbus:061]: Discarding 10 bytes of unparsed data after timeout of 32 ms: 0x0a041fe00105020b6f1a
[22:18:40.385][D][main:661]: Received frame dest 0x0f cmd 0xe000: 0x05
[22:18:40.393][D][bshdbus:090]: Missed ACK for dest 0x0f of preceding frame
[22:18:40.428][D][bshdbus:061]: Discarding 1 bytes of unparsed data after timeout of 26 ms: 0x0a
[22:18:40.447][D][main:661]: Received frame dest 0x1f cmd 0xe001: 0x0502
[22:18:42.389][D][main:661]: Received frame dest 0x0f cmd 0xe000: 0x05
[22:18:42.397][D][bshdbus:090]: Missed ACK for dest 0x0f of preceding frame
[22:18:42.441][D][bshdbus:061]: Discarding 10 bytes of unparsed data after timeout of 32 ms: 0x0a041fe00105020b6f1a
[22:18:44.433][D][main:661]: Received frame dest 0x0f cmd 0xe000: 0x05
[22:18:44.446][D][bshdbus:090]: Missed ACK for dest 0x0f of preceding frame
[22:18:44.454][D][bshdbus:061]: Discarding 1 bytes of unparsed data after timeout of 30 ms: 0x0a
[22:18:44.459][D][main:661]: Received frame dest 0x1f cmd 0xe001: 0x0502
[22:18:46.396][D][main:661]: Received frame dest 0x0f cmd 0xe000: 0x05
[22:18:46.403][D][bshdbus:090]: Missed ACK for dest 0x0f of preceding frame
[22:18:46.419][D][bshdbus:061]: Discarding 1 bytes of unparsed data after timeout of 24 ms: 0x0a
[22:18:46.426][D][main:661]: Received frame dest 0x1f cmd 0xe001: 0x0502
[22:18:48.402][D][main:661]: Received frame dest 0x0f cmd 0xe000: 0x05
[22:18:48.411][D][bshdbus:090]: Missed ACK for dest 0x0f of preceding frame
[22:18:48.424][D][bshdbus:061]: Discarding 1 bytes of unparsed data after timeout of 25 ms: 0x0a
[22:18:48.433][D][main:661]: Received frame dest 0x1f cmd 0xe001: 0x0502
[22:18:50.404][D][main:661]: Received frame dest 0x0f cmd 0xe000: 0x05
[22:18:50.414][D][bshdbus:090]: Missed ACK for dest 0x0f of preceding frame
[22:18:50.424][D][bshdbus:061]: Discarding 1 bytes of unparsed data after timeout of 21 ms: 0x0a
[22:18:50.438][D][main:661]: Received frame dest 0x1f cmd 0xe001: 0x0502
[22:18:52.407][D][main:661]: Received frame dest 0x0f cmd 0xe000: 0x05
[22:18:52.418][D][bshdbus:090]: Missed ACK for dest 0x0f of preceding frame
[22:18:52.459][D][bshdbus:061]: Discarding 10 bytes of unparsed data after timeout of 32 ms: 0x0a041fe00105020b6f1a
[22:18:54.411][D][main:661]: Received frame dest 0x0f cmd 0xe000: 0x05
[22:18:54.424][D][bshdbus:090]: Missed ACK for dest 0x0f of preceding frame
[22:18:54.448][D][bshdbus:061]: Discarding 1 bytes of unparsed data after timeout of 30 ms: 0x0a
[22:18:54.469][D][main:661]: Received frame dest 0x1f cmd 0xe001: 0x0502
[22:18:56.431][D][main:661]: Received frame dest 0x0f cmd 0xe000: 0x05
[22:18:56.457][D][bshdbus:090]: Missed ACK for dest 0x0f of preceding frame
[22:18:56.469][D][bshdbus:061]: Discarding 10 bytes of unparsed data after timeout of 32 ms: 0x0a041fe00105020b6f1a
[22:18:58.418][D][main:661]: Received frame dest 0x0f cmd 0xe000: 0x05
[22:18:58.437][D][bshdbus:090]: Missed ACK for dest 0x0f of preceding frame
[22:18:58.446][D][bshdbus:061]: Discarding 1 bytes of unparsed data after timeout of 29 ms: 0x0a
[22:18:58.455][D][main:661]: Received frame dest 0x1f cmd 0xe001: 0x0502
[22:19:00.422][D][main:661]: Received frame dest 0x0f cmd 0xe000: 0x05
[22:19:00.446][D][bshdbus:090]: Missed ACK for dest 0x0f of preceding frame
[22:19:00.463][D][bshdbus:061]: Discarding 1 bytes of unparsed data after timeout of 23 ms: 0x0a
[22:19:00.475][D][main:661]: Received frame dest 0x1f cmd 0xe001: 0x0502
[22:19:02.432][D][main:661]: Received frame dest 0x0f cmd 0xe000: 0x05
[22:19:02.442][D][bshdbus:090]: Missed ACK for dest 0x0f of preceding frame
[22:19:02.460][D][bshdbus:061]: Discarding 1 bytes of unparsed data after timeout of 28 ms: 0x0a
[22:19:02.473][D][main:661]: Received frame dest 0x1f cmd 0xe001: 0x0502
[22:19:04.429][D][main:661]: Received frame dest 0x0f cmd 0xe000: 0x05
[22:19:04.448][D][bshdbus:090]: Missed ACK for dest 0x0f of preceding frame
[22:19:04.466][D][bshdbus:061]: Discarding 1 bytes of unparsed data after timeout of 24 ms: 0x0a
[22:19:04.475][D][main:661]: Received frame dest 0x1f cmd 0xe001: 0x0502
[22:19:06.448][D][main:661]: Received frame dest 0x0f cmd 0xe000: 0x05
[22:19:06.466][D][bshdbus:090]: Missed ACK for dest 0x0f of preceding frame
[22:19:06.475][D][bshdbus:061]: Discarding 1 bytes of unparsed data after timeout of 24 ms: 0x0a
[22:19:06.487][D][main:661]: Received frame dest 0x1f cmd 0xe001: 0x0502
[22:19:08.436][D][main:661]: Received frame dest 0x0f cmd 0xe000: 0x05
[22:19:08.446][D][bshdbus:090]: Missed ACK for dest 0x0f of preceding frame
[22:19:08.489][D][bshdbus:061]: Discarding 10 bytes of unparsed data after timeout of 32 ms: 0x0a041fe00105020b6f1a
[22:19:10.459][D][main:661]: Received frame dest 0x0f cmd 0xe000: 0x05
[22:19:10.469][D][bshdbus:090]: Missed ACK for dest 0x0f of preceding frame
[22:19:10.474][D][bshdbus:061]: Discarding 1 bytes of unparsed data after timeout of 28 ms: 0x0a
[22:19:10.480][D][main:661]: Received frame dest 0x1f cmd 0xe001: 0x0502
[22:19:12.443][D][main:661]: Received frame dest 0x0f cmd 0xe000: 0x05
[22:19:12.453][D][bshdbus:090]: Missed ACK for dest 0x0f of preceding frame
[22:19:12.495][D][bshdbus:061]: Discarding 10 bytes of unparsed data after timeout of 32 ms: 0x0a041fe00105020b6f1a
[22:19:14.449][D][main:661]: Received frame dest 0x0f cmd 0xe000: 0x05
[22:19:14.462][D][bshdbus:090]: Missed ACK for dest 0x0f of preceding frame
[22:19:14.511][D][bshdbus:061]: Discarding 10 bytes of unparsed data after timeout of 32 ms: 0x0a041fe00105020b6f1a
[22:19:16.466][D][main:661]: Received frame dest 0x0f cmd 0xe000: 0x05
[22:19:16.476][D][bshdbus:090]: Missed ACK for dest 0x0f of preceding frame
[22:19:16.484][D][bshdbus:061]: Discarding 1 bytes of unparsed data after timeout of 29 ms: 0x0a
[22:19:16.607][D][main:661]: Received frame dest 0x1f cmd 0xe001: 0x0502
[22:19:18.494][D][main:661]: Received frame dest 0x0f cmd 0xe000: 0x05
[22:19:18.516][D][bshdbus:090]: Missed ACK for dest 0x0f of preceding frame
[22:19:18.523][D][bshdbus:061]: Discarding 10 bytes of unparsed data after timeout of 32 ms: 0x0a041fe00105020b6f1a
[22:19:19.131][S][sensor]: 'Uptime s' >> 2522 s
[22:19:19.408][S][sensor]: 'ESP Internal Temperature' >> 52.3 °C
[22:19:19.745][S][sensor]: 'WiFi RSSI' >> -76 dBm
[22:19:20.472][D][main:661]: Received frame dest 0x0f cmd 0xe000: 0x05
[22:19:20.498][D][bshdbus:090]: Missed ACK for dest 0x0f of preceding frame
[22:19:20.509][D][bshdbus:061]: Discarding 10 bytes of unparsed data after timeout of 32 ms: 0x0a041fe00105020b6f1a
[22:19:20.782][S][text_sensor]: 'Uptime' >> '00d 00h 42m 2s'
[22:19:22.463][D][main:661]: Received frame dest 0x0f cmd 0xe000: 0x05
[22:19:22.500][D][bshdbus:090]: Missed ACK for dest 0x0f of preceding frame
[22:19:22.511][D][bshdbus:061]: Discarding 1 bytes of unparsed data after timeout of 26 ms: 0x0a
[22:19:22.524][D][main:661]: Received frame dest 0x1f cmd 0xe001: 0x0502
[22:19:24.468][D][main:661]: Received frame dest 0x0f cmd 0xe000: 0x05
[22:19:24.481][D][bshdbus:090]: Missed ACK for dest 0x0f of preceding frame
[22:19:24.516][D][bshdbus:061]: Discarding 10 bytes of unparsed data after timeout of 32 ms: 0x0a041fe00105020b6f1a
[22:19:26.470][D][main:661]: Received frame dest 0x0f cmd 0xe000: 0x05
[22:19:26.500][D][bshdbus:090]: Missed ACK for dest 0x0f of preceding frame
[22:19:26.540][D][bshdbus:061]: Discarding 1 bytes of unparsed data after timeout of 26 ms: 0x0a
[22:19:26.548][D][main:661]: Received frame dest 0x1f cmd 0xe001: 0x0502
[22:19:28.472][D][main:661]: Received frame dest 0x0f cmd 0xe000: 0x05
[22:19:28.480][D][bshdbus:090]: Missed ACK for dest 0x0f of preceding frame
[22:19:28.518][D][bshdbus:061]: Discarding 10 bytes of unparsed data after timeout of 32 ms: 0x0a041fe00105020b6f1a
[22:19:30.511][D][main:661]: Received frame dest 0x0f cmd 0xe000: 0x05
[22:19:30.535][D][bshdbus:090]: Missed ACK for dest 0x0f of preceding frame
[22:19:30.540][D][bshdbus:061]: Discarding 10 bytes of unparsed data after timeout of 32 ms: 0x0a041fe00105020b6f1a
[22:19:32.480][D][main:661]: Received frame dest 0x0f cmd 0xe000: 0x05
[22:19:32.493][D][bshdbus:090]: Missed ACK for dest 0x0f of preceding frame
[22:19:32.506][D][bshdbus:061]: Discarding 1 bytes of unparsed data after timeout of 26 ms: 0x0a
[22:19:32.513][D][main:661]: Received frame dest 0x1f cmd 0xe001: 0x0502
[22:19:34.489][D][main:661]: Received frame dest 0x0f cmd 0xe000: 0x05
[22:19:34.496][D][bshdbus:090]: Missed ACK for dest 0x0f of preceding frame
[22:19:34.512][D][bshdbus:061]: Discarding 1 bytes of unparsed data after timeout of 29 ms: 0x0a
[22:19:34.518][D][main:661]: Received frame dest 0x1f cmd 0xe001: 0x0502
[22:19:36.488][D][main:661]: Received frame dest 0x0f cmd 0xe000: 0x05
[22:19:36.499][D][bshdbus:090]: Missed ACK for dest 0x0f of preceding frame
[22:19:36.588][D][bshdbus:061]: Discarding 1 bytes of unparsed data after timeout of 26 ms: 0x0a
[22:19:36.673][D][main:661]: Received frame dest 0x1f cmd 0xe001: 0x0502
[22:19:38.491][D][main:661]: Received frame dest 0x0f cmd 0xe000: 0x05
[22:19:38.499][D][bshdbus:090]: Missed ACK for dest 0x0f of preceding frame
[22:19:38.539][D][bshdbus:061]: Discarding 10 bytes of unparsed data after timeout of 32 ms: 0x0a041fe00105020b6f1a
[22:19:40.497][D][main:661]: Received frame dest 0x0f cmd 0xe000: 0x05
[22:19:40.509][D][bshdbus:090]: Missed ACK for dest 0x0f of preceding frame
[22:19:40.546][D][bshdbus:061]: Discarding 10 bytes of unparsed data after timeout of 32 ms: 0x0a041fe00105020b6f1a
[22:19:42.498][D][main:661]: Received frame dest 0x0f cmd 0xe000: 0x05
[22:19:42.506][D][bshdbus:090]: Missed ACK for dest 0x0f of preceding frame
[22:19:42.548][D][bshdbus:061]: Discarding 10 bytes of unparsed data after timeout of 32 ms: 0x0a041fe00105020b6f1a
[22:19:44.516][D][main:661]: Received frame dest 0x0f cmd 0xe000: 0x05
[22:19:44.525][D][bshdbus:090]: Missed ACK for dest 0x0f of preceding frame
[22:19:44.531][D][bshdbus:061]: Discarding 1 bytes of unparsed data after timeout of 26 ms: 0x0a
[22:19:44.537][D][main:661]: Received frame dest 0x1f cmd 0xe001: 0x0502
[22:19:46.509][D][main:661]: Received frame dest 0x0f cmd 0xe000: 0x05
[22:19:46.532][D][bshdbus:090]: Missed ACK for dest 0x0f of preceding frame
[22:19:46.570][D][bshdbus:061]: Discarding 10 bytes of unparsed data after timeout of 32 ms: 0x0a041fe00105020b6f1a
[22:19:48.534][D][main:661]: Received frame dest 0x0f cmd 0xe000: 0x05
[22:19:48.549][D][bshdbus:090]: Missed ACK for dest 0x0f of preceding frame
[22:19:48.560][D][bshdbus:061]: Discarding 10 bytes of unparsed data after timeout of 33 ms: 0x0a041fe00105020b6f1a
[22:19:50.513][D][main:661]: Received frame dest 0x0f cmd 0xe000: 0x05
[22:19:50.522][D][bshdbus:090]: Missed ACK for dest 0x0f of preceding frame
[22:19:50.571][D][bshdbus:061]: Discarding 10 bytes of unparsed data after timeout of 32 ms: 0x0a041fe00105020b6f1a
[22:19:52.519][D][main:661]: Received frame dest 0x0f cmd 0xe000: 0x05
[22:19:52.527][D][bshdbus:090]: Missed ACK for dest 0x0f of preceding frame
[22:19:52.540][D][bshdbus:061]: Discarding 1 bytes of unparsed data after timeout of 25 ms: 0x0a
[22:19:52.549][D][main:661]: Received frame dest 0x1f cmd 0xe001: 0x0502
[22:19:54.520][D][main:661]: Received frame dest 0x0f cmd 0xe000: 0x05
[22:19:54.530][D][bshdbus:090]: Missed ACK for dest 0x0f of preceding frame
[22:19:54.571][D][bshdbus:061]: Discarding 10 bytes of unparsed data after timeout of 32 ms: 0x0a041fe00105020b6f1a
[22:19:56.524][D][main:661]: Received frame dest 0x0f cmd 0xe000: 0x05
[22:19:56.531][D][bshdbus:090]: Missed ACK for dest 0x0f of preceding frame
[22:19:56.574][D][bshdbus:061]: Discarding 10 bytes of unparsed data after timeout of 32 ms: 0x0a041fe00105020b6f1a
[22:19:58.528][D][main:661]: Received frame dest 0x0f cmd 0xe000: 0x05
[22:19:58.560][D][bshdbus:090]: Missed ACK for dest 0x0f of preceding frame
[22:19:58.567][D][bshdbus:061]: Discarding 1 bytes of unparsed data after timeout of 26 ms: 0x0a
[22:19:58.572][D][main:661]: Received frame dest 0x1f cmd 0xe001: 0x0502
[22:20:00.539][D][main:661]: Received frame dest 0x0f cmd 0xe000: 0x05
[22:20:00.548][D][bshdbus:090]: Missed ACK for dest 0x0f of preceding frame
[22:20:00.648][D][bshdbus:061]: Discarding 10 bytes of unparsed data after timeout of 32 ms: 0x0a041fe00105020b6f1a
[22:20:02.551][D][main:661]: Received frame dest 0x0f cmd 0xe000: 0x05
[22:20:02.562][D][bshdbus:090]: Missed ACK for dest 0x0f of preceding frame
[22:20:02.569][D][bshdbus:061]: Discarding 1 bytes of unparsed data after timeout of 22 ms: 0x0a
[22:20:02.574][D][main:661]: Received frame dest 0x1f cmd 0xe001: 0x0502
[22:20:04.539][D][main:661]: Received frame dest 0x0f cmd 0xe000: 0x05
[22:20:04.545][D][bshdbus:090]: Missed ACK for dest 0x0f of preceding frame
[22:20:04.567][D][bshdbus:061]: Discarding 1 bytes of unparsed data after timeout of 30 ms: 0x0a
[22:20:04.588][D][main:661]: Received frame dest 0x1f cmd 0xe001: 0x0502
[22:20:06.552][D][main:661]: Received frame dest 0x0f cmd 0xe000: 0x05
[22:20:06.561][D][bshdbus:090]: Missed ACK for dest 0x0f of preceding frame
[22:20:06.568][D][bshdbus:061]: Discarding 1 bytes of unparsed data after timeout of 21 ms: 0x0a
[22:20:06.575][D][main:661]: Received frame dest 0x1f cmd 0xe001: 0x0502
[22:20:08.547][D][main:661]: Received frame dest 0x0f cmd 0xe000: 0x05
[22:20:08.554][D][bshdbus:090]: Missed ACK for dest 0x0f of preceding frame
[22:20:08.599][D][bshdbus:061]: Discarding 10 bytes of unparsed data after timeout of 32 ms: 0x0a041fe00105020b6f1a
[22:20:10.550][D][main:661]: Received frame dest 0x0f cmd 0xe000: 0x05
[22:20:10.560][D][bshdbus:090]: Missed ACK for dest 0x0f of preceding frame
[22:20:10.573][D][bshdbus:061]: Discarding 1 bytes of unparsed data after timeout of 25 ms: 0x0a
[22:20:10.580][D][main:661]: Received frame dest 0x1f cmd 0xe001: 0x0502
[22:20:12.556][D][main:661]: Received frame dest 0x0f cmd 0xe000: 0x05
[22:20:12.616][D][bshdbus:090]: Missed ACK for dest 0x0f of preceding frame
[22:20:12.623][D][bshdbus:061]: Discarding 10 bytes of unparsed data after timeout of 33 ms: 0x0a041fe00105020b6f1a
[22:20:14.558][D][main:661]: Received frame dest 0x0f cmd 0xe000: 0x05
[22:20:14.610][D][bshdbus:090]: Missed ACK for dest 0x0f of preceding frame
[22:20:14.647][D][bshdbus:061]: Discarding 1 bytes of unparsed data after timeout of 23 ms: 0x0a
[22:20:14.654][D][main:661]: Received frame dest 0x1f cmd 0xe001: 0x0502
[22:20:16.568][D][main:661]: Received frame dest 0x0f cmd 0xe000: 0x05
[22:20:16.586][D][bshdbus:090]: Missed ACK for dest 0x0f of preceding frame
[22:20:16.600][D][bshdbus:061]: Discarding 1 bytes of unparsed data after timeout of 25 ms: 0x0a
[22:20:16.609][D][main:661]: Received frame dest 0x1f cmd 0xe001: 0x0502
[22:20:18.597][D][main:661]: Received frame dest 0x0f cmd 0xe000: 0x05
[22:20:18.607][D][bshdbus:090]: Missed ACK for dest 0x0f of preceding frame
[22:20:18.658][D][bshdbus:061]: Discarding 1 bytes of unparsed data after timeout of 31 ms: 0x0a
[22:20:18.666][D][main:661]: Received frame dest 0x1f cmd 0xe001: 0x0502
[22:20:19.127][S][sensor]: 'Uptime s' >> 2582 s
[22:20:19.401][S][sensor]: 'ESP Internal Temperature' >> 52.3 °C
[22:20:19.744][S][sensor]: 'WiFi RSSI' >> -75 dBm
[22:20:20.570][D][main:661]: Received frame dest 0x0f cmd 0xe000: 0x05
[22:20:20.590][D][bshdbus:090]: Missed ACK for dest 0x0f of preceding frame
[22:20:20.608][D][bshdbus:061]: Discarding 1 bytes of unparsed data after timeout of 28 ms: 0x0a
[22:20:20.617][D][main:661]: Received frame dest 0x1f cmd 0xe001: 0x0502
[22:20:20.792][S][text_sensor]: 'Uptime' >> '00d 00h 43m 2s'
[22:20:22.572][D][main:661]: Received frame dest 0x0f cmd 0xe000: 0x05
[22:20:22.582][D][bshdbus:090]: Missed ACK for dest 0x0f of preceding frame
[22:20:22.626][D][bshdbus:061]: Discarding 10 bytes of unparsed data after timeout of 32 ms: 0x0a041fe00105020b6f1a
[22:20:24.575][D][main:661]: Received frame dest 0x0f cmd 0xe000: 0x05
[22:20:24.592][D][bshdbus:090]: Missed ACK for dest 0x0f of preceding frame
[22:20:24.620][D][bshdbus:061]: Discarding 10 bytes of unparsed data after timeout of 32 ms: 0x0a041fe00105020b6f1a
[22:20:26.579][D][main:661]: Received frame dest 0x0f cmd 0xe000: 0x05
[22:20:26.600][D][bshdbus:090]: Missed ACK for dest 0x0f of preceding frame
[22:20:26.633][D][bshdbus:061]: Discarding 10 bytes of unparsed data after timeout of 32 ms: 0x0a041fe00105020b6f1a
[22:20:28.584][D][main:661]: Received frame dest 0x0f cmd 0xe000: 0x05
[22:20:28.597][D][bshdbus:090]: Missed ACK for dest 0x0f of preceding frame
[22:20:28.612][D][bshdbus:061]: Discarding 1 bytes of unparsed data after timeout of 30 ms: 0x0a
[22:20:28.632][D][main:661]: Received frame dest 0x1f cmd 0xe001: 0x0502
[22:20:30.599][D][main:661]: Received frame dest 0x0f cmd 0xe000: 0x05
[22:20:30.618][D][bshdbus:090]: Missed ACK for dest 0x0f of preceding frame
[22:20:30.637][D][bshdbus:061]: Discarding 10 bytes of unparsed data after timeout of 32 ms: 0x0a041fe00105020b6f1a
[22:20:32.591][D][main:661]: Received frame dest 0x0f cmd 0xe000: 0x05
[22:20:32.598][D][bshdbus:090]: Missed ACK for dest 0x0f of preceding frame
[22:20:32.615][D][bshdbus:061]: Discarding 1 bytes of unparsed data after timeout of 26 ms: 0x0a
[22:20:32.649][D][main:661]: Received frame dest 0x1f cmd 0xe001: 0x0502
[22:20:34.595][D][main:661]: Received frame dest 0x0f cmd 0xe000: 0x05
[22:20:34.624][D][bshdbus:090]: Missed ACK for dest 0x0f of preceding frame
[22:20:34.630][D][bshdbus:061]: Discarding 1 bytes of unparsed data after timeout of 27 ms: 0x0a
[22:20:34.638][D][main:661]: Received frame dest 0x1f cmd 0xe001: 0x0502
[22:20:36.597][D][main:661]: Received frame dest 0x0f cmd 0xe000: 0x05
[22:20:36.605][D][bshdbus:090]: Missed ACK for dest 0x0f of preceding frame
[22:20:36.620][D][bshdbus:061]: Discarding 1 bytes of unparsed data after timeout of 22 ms: 0x0a
[22:20:36.644][D][main:661]: Received frame dest 0x1f cmd 0xe001: 0x0502
[22:20:38.604][D][main:661]: Received frame dest 0x0f cmd 0xe000: 0x05
[22:20:38.613][D][bshdbus:090]: Missed ACK for dest 0x0f of preceding frame
[22:20:38.631][D][bshdbus:061]: Discarding 1 bytes of unparsed data after timeout of 29 ms: 0x0a
[22:20:38.638][D][main:661]: Received frame dest 0x1f cmd 0xe001: 0x0502
[22:20:40.606][D][main:661]: Received frame dest 0x0f cmd 0xe000: 0x05
[22:20:40.632][D][bshdbus:090]: Missed ACK for dest 0x0f of preceding frame
[22:20:40.655][D][bshdbus:061]: Discarding 10 bytes of unparsed data after timeout of 32 ms: 0x0a041fe00105020b6f1a
[22:20:42.629][D][main:661]: Received frame dest 0x0f cmd 0xe000: 0x05
[22:20:42.642][D][bshdbus:090]: Missed ACK for dest 0x0f of preceding frame
[22:20:42.662][D][bshdbus:061]: Discarding 10 bytes of unparsed data after timeout of 32 ms: 0x0a041fe00105020b6f1a
[22:20:44.626][D][main:661]: Received frame dest 0x0f cmd 0xe000: 0x05
[22:20:44.643][D][bshdbus:090]: Missed ACK for dest 0x0f of preceding frame
[22:20:44.649][D][bshdbus:061]: Discarding 1 bytes of unparsed data after timeout of 28 ms: 0x0a
[22:20:44.658][D][main:661]: Received frame dest 0x1f cmd 0xe001: 0x0502
[22:20:46.616][D][main:661]: Received frame dest 0x0f cmd 0xe000: 0x05
[22:20:46.623][D][bshdbus:090]: Missed ACK for dest 0x0f of preceding frame
[22:20:46.640][D][bshdbus:061]: Discarding 1 bytes of unparsed data after timeout of 26 ms: 0x0a
[22:20:46.647][D][main:661]: Received frame dest 0x1f cmd 0xe001: 0x0502
[22:20:48.625][D][main:661]: Received frame dest 0x0f cmd 0xe000: 0x05
[22:20:48.691][D][bshdbus:090]: Missed ACK for dest 0x0f of preceding frame
[22:20:48.699][D][bshdbus:061]: Discarding 10 bytes of unparsed data after timeout of 32 ms: 0x0a041fe00105020b6f1a
[22:20:50.623][D][main:661]: Received frame dest 0x0f cmd 0xe000: 0x05
[22:20:50.635][D][bshdbus:090]: Missed ACK for dest 0x0f of preceding frame
[22:20:50.701][D][bshdbus:061]: Discarding 10 bytes of unparsed data after timeout of 32 ms: 0x0a041fe00105020b6f1a
[22:20:52.627][D][main:661]: Received frame dest 0x0f cmd 0xe000: 0x05
[22:20:52.650][D][bshdbus:090]: Missed ACK for dest 0x0f of preceding frame
[22:20:52.675][D][bshdbus:061]: Discarding 10 bytes of unparsed data after timeout of 32 ms: 0x0a041fe00105020b6f1a
[22:20:54.630][D][main:661]: Received frame dest 0x0f cmd 0xe000: 0x05
[22:20:54.639][D][bshdbus:090]: Missed ACK for dest 0x0f of preceding frame
[22:20:54.684][D][bshdbus:061]: Discarding 10 bytes of unparsed data after timeout of 32 ms: 0x0a041fe00105020b6f1a
[22:20:56.634][D][main:661]: Received frame dest 0x0f cmd 0xe000: 0x05
[22:20:56.654][D][bshdbus:090]: Missed ACK for dest 0x0f of preceding frame
[22:20:56.683][D][bshdbus:061]: Discarding 10 bytes of unparsed data after timeout of 32 ms: 0x0a041fe00105020b6f1a
[22:20:58.642][D][main:661]: Received frame dest 0x0f cmd 0xe000: 0x05
[22:20:58.650][D][bshdbus:090]: Missed ACK for dest 0x0f of preceding frame
[22:20:58.686][D][bshdbus:061]: Discarding 10 bytes of unparsed data after timeout of 32 ms: 0x0a041fe00105020b6f1a
[22:21:00.641][D][main:661]: Received frame dest 0x0f cmd 0xe000: 0x05
[22:21:00.660][D][bshdbus:090]: Missed ACK for dest 0x0f of preceding frame
[22:21:00.691][D][bshdbus:061]: Discarding 10 bytes of unparsed data after timeout of 32 ms: 0x0a041fe00105020b6f1a
[22:21:02.649][D][main:661]: Received frame dest 0x0f cmd 0xe000: 0x05
[22:21:02.660][D][bshdbus:090]: Missed ACK for dest 0x0f of preceding frame
[22:21:02.668][D][bshdbus:061]: Discarding 1 bytes of unparsed data after timeout of 21 ms: 0x0a
[22:21:02.677][D][main:661]: Received frame dest 0x1f cmd 0xe001: 0x0502
[22:21:04.649][D][main:661]: Received frame dest 0x0f cmd 0xe000: 0x05
[22:21:04.660][D][bshdbus:090]: Missed ACK for dest 0x0f of preceding frame
[22:21:04.699][D][bshdbus:061]: Discarding 10 bytes of unparsed data after timeout of 32 ms: 0x0a041fe00105020b6f1a
[22:21:06.732][D][main:661]: Received frame dest 0x0f cmd 0xe000: 0x05
[22:21:06.769][D][bshdbus:090]: Missed ACK for dest 0x0f of preceding frame
[22:21:06.778][D][bshdbus:061]: Discarding 10 bytes of unparsed data after timeout of 32 ms: 0x0a041fe00105020b6f1a
[22:21:08.656][D][main:661]: Received frame dest 0x0f cmd 0xe000: 0x05
[22:21:08.664][D][bshdbus:090]: Missed ACK for dest 0x0f of preceding frame
[22:21:08.711][D][bshdbus:061]: Discarding 1 bytes of unparsed data after timeout of 27 ms: 0x0a
[22:21:08.719][D][main:661]: Received frame dest 0x1f cmd 0xe001: 0x0502
[22:21:10.660][D][main:661]: Received frame dest 0x0f cmd 0xe000: 0x05
[22:21:10.671][D][bshdbus:090]: Missed ACK for dest 0x0f of preceding frame
[22:21:10.714][D][bshdbus:061]: Discarding 10 bytes of unparsed data after timeout of 32 ms: 0x0a041fe00105020b6f1a
[22:21:12.665][D][main:661]: Received frame dest 0x0f cmd 0xe000: 0x05
[22:21:12.689][D][bshdbus:090]: Missed ACK for dest 0x0f of preceding frame
[22:21:12.754][D][bshdbus:061]: Discarding 1 bytes of unparsed data after timeout of 22 ms: 0x0a
[22:21:12.767][D][main:661]: Received frame dest 0x1f cmd 0xe001: 0x0502
[22:21:14.668][D][main:661]: Received frame dest 0x0f cmd 0xe000: 0x05
[22:21:14.677][D][bshdbus:090]: Missed ACK for dest 0x0f of preceding frame
[22:21:14.691][D][bshdbus:061]: Discarding 1 bytes of unparsed data after timeout of 24 ms: 0x0a
[22:21:14.697][D][main:661]: Received frame dest 0x1f cmd 0xe001: 0x0502
[22:21:16.677][D][main:661]: Received frame dest 0x0f cmd 0xe000: 0x05
[22:21:16.687][D][bshdbus:090]: Missed ACK for dest 0x0f of preceding frame
[22:21:16.725][D][bshdbus:061]: Discarding 10 bytes of unparsed data after timeout of 32 ms: 0x0a041fe00105020b6f1a
[22:21:18.676][D][main:661]: Received frame dest 0x0f cmd 0xe000: 0x05
[22:21:18.689][D][bshdbus:090]: Missed ACK for dest 0x0f of preceding frame
[22:21:18.696][D][bshdbus:061]: Discarding 1 bytes of unparsed data after timeout of 22 ms: 0x0a
[22:21:18.704][D][main:661]: Received frame dest 0x1f cmd 0xe001: 0x0502
[22:21:19.141][S][sensor]: 'Uptime s' >> 2642 s
[22:21:19.408][S][sensor]: 'ESP Internal Temperature' >> 52.3 °C
[22:21:19.755][S][sensor]: 'WiFi RSSI' >> -77 dBm
[22:21:20.681][D][main:661]: Received frame dest 0x0f cmd 0xe000: 0x05
[22:21:20.696][D][bshdbus:090]: Missed ACK for dest 0x0f of preceding frame
[22:21:20.744][D][bshdbus:061]: Discarding 10 bytes of unparsed data after timeout of 32 ms: 0x0a041fe00105020b6f1a
[22:21:20.779][S][text_sensor]: 'Uptime' >> '00d 00h 44m 2s'
[22:21:22.684][D][main:661]: Received frame dest 0x0f cmd 0xe000: 0x05
[22:21:22.711][D][bshdbus:090]: Missed ACK for dest 0x0f of preceding frame
[22:21:22.719][D][bshdbus:061]: Discarding 1 bytes of unparsed data after timeout of 22 ms: 0x0a
[22:21:22.726][D][main:661]: Received frame dest 0x1f cmd 0xe001: 0x0502
[22:21:24.687][D][main:661]: Received frame dest 0x0f cmd 0xe000: 0x05
[22:21:24.698][D][bshdbus:090]: Missed ACK for dest 0x0f of preceding frame
[22:21:24.735][D][bshdbus:061]: Discarding 10 bytes of unparsed data after timeout of 32 ms: 0x0a041fe00105020b6f1a
[22:21:26.691][D][main:661]: Received frame dest 0x0f cmd 0xe000: 0x05
[22:21:26.701][D][bshdbus:090]: Missed ACK for dest 0x0f of preceding frame
[22:21:26.803][D][bshdbus:061]: Discarding 10 bytes of unparsed data after timeout of 32 ms: 0x0a041fe00105020b6f1a
[22:21:28.694][D][main:661]: Received frame dest 0x0f cmd 0xe000: 0x05
[22:21:28.705][D][bshdbus:090]: Missed ACK for dest 0x0f of preceding frame
[22:21:28.717][D][bshdbus:061]: Discarding 1 bytes of unparsed data after timeout of 24 ms: 0x0a
[22:21:28.724][D][main:661]: Received frame dest 0x1f cmd 0xe001: 0x0502
[22:21:30.709][D][main:661]: Received frame dest 0x0f cmd 0xe000: 0x05
[22:21:30.719][D][bshdbus:090]: Missed ACK for dest 0x0f of preceding frame
[22:21:30.746][D][bshdbus:061]: Discarding 10 bytes of unparsed data after timeout of 32 ms: 0x0a041fe00105020b6f1a
[22:21:32.702][D][main:661]: Received frame dest 0x0f cmd 0xe000: 0x05
[22:21:32.709][D][bshdbus:090]: Missed ACK for dest 0x0f of preceding frame
[22:21:32.728][D][bshdbus:061]: Discarding 1 bytes of unparsed data after timeout of 27 ms: 0x0a
[22:21:32.737][D][main:661]: Received frame dest 0x1f cmd 0xe001: 0x0502
[22:21:34.706][D][main:661]: Received frame dest 0x0f cmd 0xe000: 0x05
[22:21:34.723][D][bshdbus:090]: Missed ACK for dest 0x0f of preceding frame
[22:21:34.736][D][bshdbus:061]: Discarding 1 bytes of unparsed data after timeout of 23 ms: 0x0a
[22:21:34.878][D][main:661]: Received frame dest 0x1f cmd 0xe001: 0x0502
[22:21:36.711][D][main:661]: Received frame dest 0x0f cmd 0xe000: 0x05
[22:21:36.794][D][bshdbus:090]: Missed ACK for dest 0x0f of preceding frame
[22:21:36.803][D][bshdbus:061]: Discarding 10 bytes of unparsed data after timeout of 32 ms: 0x0a041fe00105020b6f1a
[22:21:38.715][D][main:661]: Received frame dest 0x0f cmd 0xe000: 0x05
[22:21:38.730][D][bshdbus:090]: Missed ACK for dest 0x0f of preceding frame
[22:21:38.805][D][bshdbus:061]: Discarding 1 bytes of unparsed data after timeout of 21 ms: 0x0a
[22:21:38.814][D][main:661]: Received frame dest 0x1f cmd 0xe001: 0x0502
[22:21:40.717][D][main:661]: Received frame dest 0x0f cmd 0xe000: 0x05
[22:21:40.733][D][bshdbus:090]: Missed ACK for dest 0x0f of preceding frame
[22:21:40.830][D][bshdbus:061]: Discarding 10 bytes of unparsed data after timeout of 32 ms: 0x0a041fe00105020b6f1a
[22:21:42.741][D][main:661]: Received frame dest 0x0f cmd 0xe000: 0x05
[22:21:42.789][D][bshdbus:090]: Missed ACK for dest 0x0f of preceding frame
[22:21:42.796][D][bshdbus:061]: Discarding 1 bytes of unparsed data after timeout of 27 ms: 0x0a
[22:21:42.804][D][main:661]: Received frame dest 0x1f cmd 0xe001: 0x0502
[22:21:44.760][D][main:661]: Received frame dest 0x0f cmd 0xe000: 0x05
[22:21:44.775][D][bshdbus:090]: Missed ACK for dest 0x0f of preceding frame
[22:21:44.782][D][bshdbus:061]: Discarding 1 bytes of unparsed data after timeout of 25 ms: 0x0a
[22:21:44.793][D][main:661]: Received frame dest 0x1f cmd 0xe001: 0x0502
[22:21:46.728][D][main:661]: Received frame dest 0x0f cmd 0xe000: 0x05
[22:21:46.735][D][bshdbus:090]: Missed ACK for dest 0x0f of preceding frame
[22:21:46.755][D][bshdbus:061]: Discarding 1 bytes of unparsed data after timeout of 28 ms: 0x0a
[22:21:46.762][D][main:661]: Received frame dest 0x1f cmd 0xe001: 0x0502
[22:21:48.732][D][main:661]: Received frame dest 0x0f cmd 0xe000: 0x05
[22:21:48.739][D][bshdbus:090]: Missed ACK for dest 0x0f of preceding frame
[22:21:48.753][D][bshdbus:061]: Discarding 1 bytes of unparsed data after timeout of 22 ms: 0x0a
[22:21:48.759][D][main:661]: Received frame dest 0x1f cmd 0xe001: 0x0502
[22:21:50.737][D][main:661]: Received frame dest 0x0f cmd 0xe000: 0x05
[22:21:50.746][D][bshdbus:090]: Missed ACK for dest 0x0f of preceding frame
[22:21:50.755][D][bshdbus:061]: Discarding 1 bytes of unparsed data after timeout of 21 ms: 0x0a
[22:21:50.766][D][main:661]: Received frame dest 0x1f cmd 0xe001: 0x0502
[22:21:52.739][D][main:661]: Received frame dest 0x0f cmd 0xe000: 0x05
[22:21:52.746][D][bshdbus:090]: Missed ACK for dest 0x0f of preceding frame
[22:21:52.765][D][bshdbus:061]: Discarding 1 bytes of unparsed data after timeout of 27 ms: 0x0a
[22:21:52.772][D][main:661]: Received frame dest 0x1f cmd 0xe001: 0x0502
[22:21:54.743][D][main:661]: Received frame dest 0x0f cmd 0xe000: 0x05
[22:21:54.778][D][bshdbus:090]: Missed ACK for dest 0x0f of preceding frame
[22:21:54.785][D][bshdbus:061]: Discarding 1 bytes of unparsed data after timeout of 31 ms: 0x0a
[22:21:54.791][D][main:661]: Received frame dest 0x1f cmd 0xe001: 0x0502
[22:21:56.747][D][main:661]: Received frame dest 0x0f cmd 0xe000: 0x05
[22:21:56.755][D][bshdbus:090]: Missed ACK for dest 0x0f of preceding frame
[22:21:56.770][D][bshdbus:061]: Discarding 1 bytes of unparsed data after timeout of 24 ms: 0x0a
[22:21:56.778][D][main:661]: Received frame dest 0x1f cmd 0xe001: 0x0502
[22:21:58.753][D][main:661]: Received frame dest 0x0f cmd 0xe000: 0x05
[22:21:58.769][D][bshdbus:090]: Missed ACK for dest 0x0f of preceding frame
[22:21:58.803][D][bshdbus:061]: Discarding 10 bytes of unparsed data after timeout of 32 ms: 0x0a041fe00105020b6f1a
[22:22:00.754][D][main:661]: Received frame dest 0x0f cmd 0xe000: 0x05
[22:22:00.764][D][bshdbus:090]: Missed ACK for dest 0x0f of preceding frame
[22:22:00.780][D][bshdbus:061]: Discarding 1 bytes of unparsed data after timeout of 27 ms: 0x0a
[22:22:00.787][D][main:661]: Received frame dest 0x1f cmd 0xe001: 0x0502
[22:22:02.767][D][main:661]: Received frame dest 0x0f cmd 0xe000: 0x05
[22:22:02.777][D][bshdbus:090]: Missed ACK for dest 0x0f of preceding frame
[22:22:02.783][D][bshdbus:061]: Discarding 1 bytes of unparsed data after timeout of 21 ms: 0x0a
[22:22:02.789][D][main:661]: Received frame dest 0x1f cmd 0xe001: 0x0502
[22:22:04.830][D][main:661]: Received frame dest 0x0f cmd 0xe000: 0x05
[22:22:04.844][D][bshdbus:090]: Missed ACK for dest 0x0f of preceding frame
[22:22:04.892][D][bshdbus:061]: Discarding 1 bytes of unparsed data after timeout of 23 ms: 0x0a
[22:22:04.901][D][main:661]: Received frame dest 0x1f cmd 0xe001: 0x0502
[22:22:06.765][D][main:661]: Received frame dest 0x0f cmd 0xe000: 0x05
[22:22:06.773][D][bshdbus:090]: Missed ACK for dest 0x0f of preceding frame
[22:22:06.816][D][bshdbus:061]: Discarding 10 bytes of unparsed data after timeout of 32 ms: 0x0a041fe00105020b6f1a
[22:22:08.769][D][main:661]: Received frame dest 0x0f cmd 0xe000: 0x05
[22:22:08.777][D][bshdbus:090]: Missed ACK for dest 0x0f of preceding frame
[22:22:08.816][D][bshdbus:061]: Discarding 10 bytes of unparsed data after timeout of 32 ms: 0x0a041fe00105020b6f1a
[22:22:10.802][D][main:661]: Received frame dest 0x0f cmd 0xe000: 0x05
[22:22:10.838][D][bshdbus:090]: Missed ACK for dest 0x0f of preceding frame
[22:22:10.871][D][bshdbus:061]: Discarding 10 bytes of unparsed data after timeout of 32 ms: 0x0a041fe00105020b6f1a
[22:22:12.777][D][main:661]: Received frame dest 0x0f cmd 0xe000: 0x05
[22:22:12.796][D][bshdbus:090]: Missed ACK for dest 0x0f of preceding frame
[22:22:12.822][D][bshdbus:061]: Discarding 10 bytes of unparsed data after timeout of 32 ms: 0x0a041fe00105020b6f1a
[22:22:14.781][D][main:661]: Received frame dest 0x0f cmd 0xe000: 0x05
[22:22:14.788][D][bshdbus:090]: Missed ACK for dest 0x0f of preceding frame
[22:22:14.850][D][bshdbus:061]: Discarding 10 bytes of unparsed data after timeout of 33 ms: 0x0a041fe00105020b6f1a
[22:22:16.795][D][main:661]: Received frame dest 0x0f cmd 0xe000: 0x05
[22:22:16.802][D][bshdbus:090]: Missed ACK for dest 0x0f of preceding frame
[22:22:16.808][D][bshdbus:061]: Discarding 1 bytes of unparsed data after timeout of 23 ms: 0x0a
[22:22:16.821][D][main:661]: Received frame dest 0x1f cmd 0xe001: 0x0502
[22:22:18.801][D][main:661]: Received frame dest 0x0f cmd 0xe000: 0x05
[22:22:18.807][D][bshdbus:090]: Missed ACK for dest 0x0f of preceding frame
[22:22:18.814][D][bshdbus:061]: Discarding 1 bytes of unparsed data after timeout of 25 ms: 0x0a
[22:22:18.840][D][main:661]: Received frame dest 0x1f cmd 0xe001: 0x0502
[22:22:19.147][S][sensor]: 'Uptime s' >> 2702 s
[22:22:19.410][S][sensor]: 'ESP Internal Temperature' >> 52.3 °C
[22:22:19.761][S][sensor]: 'WiFi RSSI' >> -78 dBm
[22:22:20.790][S][text_sensor]: 'Uptime' >> '00d 00h 45m 2s'
[22:22:20.804][D][main:661]: Received frame dest 0x0f cmd 0xe000: 0x05
[22:22:20.810][D][bshdbus:090]: Missed ACK for dest 0x0f of preceding frame
[22:22:20.815][D][bshdbus:061]: Discarding 1 bytes of unparsed data after timeout of 23 ms: 0x0a
[22:22:20.822][D][main:661]: Received frame dest 0x1f cmd 0xe001: 0x0502
[22:22:22.691][D][sntp:099]: Synchronized time: 2026-09-16 22:22:46
[22:22:22.794][D][main:661]: Received frame dest 0x0f cmd 0xe000: 0x05
[22:22:22.800][D][bshdbus:090]: Missed ACK for dest 0x0f of preceding frame
[22:22:22.842][D][bshdbus:061]: Discarding 10 bytes of unparsed data after timeout of 32 ms: 0x0a041fe00105020b6f1a
[22:22:24.797][D][main:661]: Received frame dest 0x0f cmd 0xe000: 0x05
[22:22:24.806][D][bshdbus:090]: Missed ACK for dest 0x0f of preceding frame
[22:22:24.851][D][bshdbus:061]: Discarding 10 bytes of unparsed data after timeout of 32 ms: 0x0a041fe00105020b6f1a
[22:22:26.802][D][main:661]: Received frame dest 0x0f cmd 0xe000: 0x05
[22:22:26.816][D][bshdbus:090]: Missed ACK for dest 0x0f of preceding frame
[22:22:26.855][D][bshdbus:061]: Discarding 10 bytes of unparsed data after timeout of 32 ms: 0x0a041fe00105020b6f1a
[22:22:28.807][D][main:661]: Received frame dest 0x0f cmd 0xe000: 0x05
[22:22:28.816][D][bshdbus:090]: Missed ACK for dest 0x0f of preceding frame
[22:22:28.859][D][bshdbus:061]: Discarding 10 bytes of unparsed data after timeout of 32 ms: 0x0a041fe00105020b6f1a
[22:22:30.817][D][main:661]: Received frame dest 0x0f cmd 0xe000: 0x05
[22:22:30.836][D][bshdbus:090]: Missed ACK for dest 0x0f of preceding frame
[22:22:30.901][D][bshdbus:061]: Discarding 10 bytes of unparsed data after timeout of 32 ms: 0x0a041fe00105020b6f1a
[22:22:32.813][D][main:661]: Received frame dest 0x0f cmd 0xe000: 0x05
[22:22:32.822][D][bshdbus:090]: Missed ACK for dest 0x0f of preceding frame
[22:22:32.839][D][bshdbus:061]: Discarding 1 bytes of unparsed data after timeout of 28 ms: 0x0a
[22:22:32.848][D][main:661]: Received frame dest 0x1f cmd 0xe001: 0x0502
[22:22:34.826][D][main:661]: Received frame dest 0x0f cmd 0xe000: 0x05
[22:22:34.837][D][bshdbus:090]: Missed ACK for dest 0x0f of preceding frame
[22:22:34.845][D][bshdbus:061]: Discarding 1 bytes of unparsed data after timeout of 23 ms: 0x0a
[22:22:34.852][D][main:661]: Received frame dest 0x1f cmd 0xe001: 0x0502
[22:22:36.819][D][main:661]: Received frame dest 0x0f cmd 0xe000: 0x05
[22:22:36.839][D][bshdbus:090]: Missed ACK for dest 0x0f of preceding frame
[22:22:36.866][D][bshdbus:061]: Discarding 1 bytes of unparsed data after timeout of 25 ms: 0x0a
[22:22:36.873][D][main:661]: Received frame dest 0x1f cmd 0xe001: 0x0502
[22:22:38.848][D][main:661]: Received frame dest 0x0f cmd 0xe000: 0x05
[22:22:38.856][D][bshdbus:090]: Missed ACK for dest 0x0f of preceding frame
[22:22:38.862][D][bshdbus:061]: Discarding 1 bytes of unparsed data after timeout of 22 ms: 0x0a
[22:22:38.871][D][main:661]: Received frame dest 0x1f cmd 0xe001: 0x0502
[22:22:40.828][D][main:661]: Received frame dest 0x0f cmd 0xe000: 0x05
[22:22:40.930][D][bshdbus:090]: Missed ACK for dest 0x0f of preceding frame
[22:22:40.949][D][bshdbus:061]: Discarding 1 bytes of unparsed data after timeout of 25 ms: 0x0a
[22:22:41.011][D][main:661]: Received frame dest 0x1f cmd 0xe001: 0x0502
[22:22:42.830][D][main:661]: Received frame dest 0x0f cmd 0xe000: 0x05
[22:22:42.845][D][bshdbus:090]: Missed ACK for dest 0x0f of preceding frame
[22:22:42.884][D][bshdbus:061]: Discarding 10 bytes of unparsed data after timeout of 32 ms: 0x0a041fe00105020b6f1a
[22:22:44.849][D][main:661]: Received frame dest 0x0f cmd 0xe000: 0x05
[22:22:44.859][D][bshdbus:090]: Missed ACK for dest 0x0f of preceding frame
[22:22:44.881][D][bshdbus:061]: Discarding 10 bytes of unparsed data after timeout of 32 ms: 0x0a041fe00105020b6f1a
[22:22:46.840][D][main:661]: Received frame dest 0x0f cmd 0xe000: 0x05
[22:22:46.850][D][bshdbus:090]: Missed ACK for dest 0x0f of preceding frame
[22:22:46.900][D][bshdbus:061]: Discarding 10 bytes of unparsed data after timeout of 32 ms: 0x0a041fe00105020b6f1a
[22:22:48.841][D][main:661]: Received frame dest 0x0f cmd 0xe000: 0x05
[22:22:48.849][D][bshdbus:090]: Missed ACK for dest 0x0f of preceding frame
[22:22:48.862][D][bshdbus:061]: Discarding 1 bytes of unparsed data after timeout of 22 ms: 0x0a
[22:22:48.869][D][main:661]: Received frame dest 0x1f cmd 0xe001: 0x0502
[22:22:50.845][D][main:661]: Received frame dest 0x0f cmd 0xe000: 0x05
[22:22:50.864][D][bshdbus:090]: Missed ACK for dest 0x0f of preceding frame
[22:22:50.893][D][bshdbus:061]: Discarding 10 bytes of unparsed data after timeout of 32 ms: 0x0a041fe00105020b6f1a
[22:22:52.849][D][main:661]: Received frame dest 0x0f cmd 0xe000: 0x05
[22:22:52.856][D][bshdbus:090]: Missed ACK for dest 0x0f of preceding frame
[22:22:52.901][D][bshdbus:061]: Discarding 10 bytes of unparsed data after timeout of 32 ms: 0x0a041fe00105020b6f1a
[22:22:54.855][D][main:661]: Received frame dest 0x0f cmd 0xe000: 0x05
[22:22:54.863][D][bshdbus:090]: Missed ACK for dest 0x0f of preceding frame
[22:22:54.919][D][bshdbus:061]: Discarding 10 bytes of unparsed data after timeout of 32 ms: 0x0a041fe00105020b6f1a
[22:22:56.858][D][main:661]: Received frame dest 0x0f cmd 0xe000: 0x05
[22:22:56.877][D][bshdbus:090]: Missed ACK for dest 0x0f of preceding frame
[22:22:56.898][D][bshdbus:061]: Discarding 1 bytes of unparsed data after timeout of 22 ms: 0x0a
[22:22:56.911][D][main:661]: Received frame dest 0x1f cmd 0xe001: 0x0502
[22:22:58.860][D][main:661]: Received frame dest 0x0f cmd 0xe000: 0x05
[22:22:58.875][D][bshdbus:090]: Missed ACK for dest 0x0f of preceding frame
[22:22:58.887][D][bshdbus:061]: Discarding 1 bytes of unparsed data after timeout of 29 ms: 0x0a
[22:22:58.893][D][main:661]: Received frame dest 0x1f cmd 0xe001: 0x0502
[22:23:00.863][D][main:661]: Received frame dest 0x0f cmd 0xe000: 0x05
[22:23:00.872][D][bshdbus:090]: Missed ACK for dest 0x0f of preceding frame
[22:23:00.885][D][bshdbus:061]: Discarding 1 bytes of unparsed data after timeout of 24 ms: 0x0a
[22:23:00.899][D][main:661]: Received frame dest 0x1f cmd 0xe001: 0x0502
[22:23:02.878][D][main:661]: Received frame dest 0x0f cmd 0xe000: 0x05
[22:23:02.896][D][bshdbus:090]: Missed ACK for dest 0x0f of preceding frame
[22:23:02.917][D][bshdbus:061]: Discarding 10 bytes of unparsed data after timeout of 32 ms: 0x0a041fe00105020b6f1a
[22:23:04.873][D][main:661]: Received frame dest 0x0f cmd 0xe000: 0x05
[22:23:04.886][D][bshdbus:090]: Missed ACK for dest 0x0f of preceding frame
[22:23:04.971][D][bshdbus:061]: Discarding 10 bytes of unparsed data after timeout of 32 ms: 0x0a041fe00105020b6f1a
[22:23:06.877][D][main:661]: Received frame dest 0x0f cmd 0xe000: 0x05
[22:23:06.953][D][bshdbus:090]: Missed ACK for dest 0x0f of preceding frame
[22:23:06.976][D][bshdbus:061]: Discarding 10 bytes of unparsed data after timeout of 33 ms: 0x0a041fe00105020b6f1a
[22:23:08.878][D][main:661]: Received frame dest 0x0f cmd 0xe000: 0x05
[22:23:08.885][D][bshdbus:090]: Missed ACK for dest 0x0f of preceding frame
[22:23:08.912][D][bshdbus:061]: Discarding 1 bytes of unparsed data after timeout of 28 ms: 0x0a
[22:23:08.921][D][main:661]: Received frame dest 0x1f cmd 0xe001: 0x0502
[22:23:10.884][D][main:661]: Received frame dest 0x0f cmd 0xe000: 0x05
[22:23:10.896][D][bshdbus:090]: Missed ACK for dest 0x0f of preceding frame
[22:23:10.904][D][bshdbus:061]: Discarding 1 bytes of unparsed data after timeout of 21 ms: 0x0a
[22:23:10.910][D][main:661]: Received frame dest 0x1f cmd 0xe001: 0x0502
[22:23:12.887][D][main:661]: Received frame dest 0x0f cmd 0xe000: 0x05
[22:23:12.909][D][bshdbus:090]: Missed ACK for dest 0x0f of preceding frame
[22:23:12.932][D][bshdbus:061]: Discarding 10 bytes of unparsed data after timeout of 32 ms: 0x0a041fe00105020b6f1a
[22:23:14.888][D][main:661]: Received frame dest 0x0f cmd 0xe000: 0x05
[22:23:14.894][D][bshdbus:090]: Missed ACK for dest 0x0f of preceding frame
[22:23:14.937][D][bshdbus:061]: Discarding 10 bytes of unparsed data after timeout of 32 ms: 0x0a041fe00105020b6f1a
[22:23:16.901][D][main:661]: Received frame dest 0x0f cmd 0xe000: 0x05
[22:23:16.910][D][bshdbus:090]: Missed ACK for dest 0x0f of preceding frame
[22:23:16.956][D][bshdbus:061]: Discarding 10 bytes of unparsed data after timeout of 33 ms: 0x0a041fe00105020b6f1a
[22:23:18.896][D][main:661]: Received frame dest 0x0f cmd 0xe000: 0x05
[22:23:18.906][D][bshdbus:090]: Missed ACK for dest 0x0f of preceding frame
[22:23:18.921][D][bshdbus:061]: Discarding 1 bytes of unparsed data after timeout of 25 ms: 0x0a
[22:23:18.928][D][main:661]: Received frame dest 0x1f cmd 0xe001: 0x0502
[22:23:19.133][S][sensor]: 'Uptime s' >> 2762 s
[22:23:19.408][S][sensor]: 'ESP Internal Temperature' >> 52.3 °C
[22:23:19.745][S][sensor]: 'WiFi RSSI' >> -77 dBm
[22:23:20.795][S][text_sensor]: 'Uptime' >> '00d 00h 46m 2s'
[22:23:20.901][D][main:661]: Received frame dest 0x0f cmd 0xe000: 0x05
[22:23:20.911][D][bshdbus:090]: Missed ACK for dest 0x0f of preceding frame
[22:23:20.954][D][bshdbus:061]: Discarding 10 bytes of unparsed data after timeout of 32 ms: 0x0a041fe00105020b6f1a
[22:23:22.906][D][main:661]: Received frame dest 0x0f cmd 0xe000: 0x05
[22:23:22.913][D][bshdbus:090]: Missed ACK for dest 0x0f of preceding frame
[22:23:22.956][D][bshdbus:061]: Discarding 10 bytes of unparsed data after timeout of 32 ms: 0x0a041fe00105020b6f1a
[22:23:24.907][D][main:661]: Received frame dest 0x0f cmd 0xe000: 0x05
[22:23:24.915][D][bshdbus:090]: Missed ACK for dest 0x0f of preceding frame
[22:23:24.930][D][bshdbus:061]: Discarding 1 bytes of unparsed data after timeout of 25 ms: 0x0a
[22:23:24.936][D][main:661]: Received frame dest 0x1f cmd 0xe001: 0x0502
[22:23:26.911][D][main:661]: Received frame dest 0x0f cmd 0xe000: 0x05
[22:23:26.927][D][bshdbus:090]: Missed ACK for dest 0x0f of preceding frame
[22:23:26.960][D][bshdbus:061]: Discarding 10 bytes of unparsed data after timeout of 32 ms: 0x0a041fe00105020b6f1a
[22:23:28.914][D][main:661]: Received frame dest 0x0f cmd 0xe000: 0x05
[22:23:28.926][D][bshdbus:090]: Missed ACK for dest 0x0f of preceding frame
[22:23:28.967][D][bshdbus:061]: Discarding 10 bytes of unparsed data after timeout of 32 ms: 0x0a041fe00105020b6f1a
[22:23:30.933][D][main:661]: Received frame dest 0x0f cmd 0xe000: 0x05
[22:23:30.949][D][bshdbus:090]: Missed ACK for dest 0x0f of preceding frame
[22:23:30.957][D][bshdbus:061]: Discarding 1 bytes of unparsed data after timeout of 28 ms: 0x0a
[22:23:30.966][D][main:661]: Received frame dest 0x1f cmd 0xe001: 0x0502
[22:23:32.922][D][main:661]: Received frame dest 0x0f cmd 0xe000: 0x05
[22:23:32.935][D][bshdbus:090]: Missed ACK for dest 0x0f of preceding frame
[22:23:32.977][D][bshdbus:061]: Discarding 10 bytes of unparsed data after timeout of 32 ms: 0x0a041fe00105020b6f1a
[22:23:34.925][D][main:661]: Received frame dest 0x0f cmd 0xe000: 0x05
[22:23:34.938][D][bshdbus:090]: Missed ACK for dest 0x0f of preceding frame
[22:23:34.975][D][bshdbus:061]: Discarding 10 bytes of unparsed data after timeout of 32 ms: 0x0a041fe00105020b6f1a
[22:23:36.929][D][main:661]: Received frame dest 0x0f cmd 0xe000: 0x05
[22:23:36.939][D][bshdbus:090]: Missed ACK for dest 0x0f of preceding frame
[22:23:36.954][D][bshdbus:061]: Discarding 1 bytes of unparsed data after timeout of 25 ms: 0x0a
[22:23:36.977][D][main:661]: Received frame dest 0x1f cmd 0xe001: 0x0502
[22:23:38.933][D][main:661]: Received frame dest 0x0f cmd 0xe000: 0x05
[22:23:38.953][D][bshdbus:090]: Missed ACK for dest 0x0f of preceding frame
[22:23:38.965][D][bshdbus:061]: Discarding 1 bytes of unparsed data after timeout of 25 ms: 0x0a
[22:23:38.971][D][main:661]: Received frame dest 0x1f cmd 0xe001: 0x0502
[22:23:40.937][D][main:661]: Received frame dest 0x0f cmd 0xe000: 0x05
[22:23:40.944][D][bshdbus:090]: Missed ACK for dest 0x0f of preceding frame
[22:23:40.964][D][bshdbus:061]: Discarding 1 bytes of unparsed data after timeout of 26 ms: 0x0a
[22:23:40.972][D][main:661]: Received frame dest 0x1f cmd 0xe001: 0x0502
[22:23:42.942][D][main:661]: Received frame dest 0x0f cmd 0xe000: 0x05
[22:23:42.950][D][bshdbus:090]: Missed ACK for dest 0x0f of preceding frame
[22:23:42.961][D][bshdbus:061]: Discarding 1 bytes of unparsed data after timeout of 21 ms: 0x0a
[22:23:42.969][D][main:661]: Received frame dest 0x1f cmd 0xe001: 0x0502
[22:23:44.959][D][main:661]: Received frame dest 0x0f cmd 0xe000: 0x05
[22:23:44.965][D][bshdbus:090]: Missed ACK for dest 0x0f of preceding frame
[22:23:44.993][D][bshdbus:061]: Discarding 10 bytes of unparsed data after timeout of 32 ms: 0x0a041fe00105020b6f1a
[22:23:46.948][D][main:661]: Received frame dest 0x0f cmd 0xe000: 0x05
[22:23:46.956][D][bshdbus:090]: Missed ACK for dest 0x0f of preceding frame
[22:23:46.968][D][bshdbus:061]: Discarding 1 bytes of unparsed data after timeout of 21 ms: 0x0a
[22:23:46.975][D][main:661]: Received frame dest 0x1f cmd 0xe001: 0x0502
[22:23:48.951][D][main:661]: Received frame dest 0x0f cmd 0xe000: 0x05
[22:23:48.959][D][bshdbus:090]: Missed ACK for dest 0x0f of preceding frame
[22:23:49.004][D][bshdbus:061]: Discarding 10 bytes of unparsed data after timeout of 32 ms: 0x0a041fe00105020b6f1a
[22:23:50.955][D][main:661]: Received frame dest 0x0f cmd 0xe000: 0x05
[22:23:50.971][D][bshdbus:090]: Missed ACK for dest 0x0f of preceding frame
[22:23:51.018][D][bshdbus:061]: Discarding 10 bytes of unparsed data after timeout of 32 ms: 0x0a041fe00105020b6f1a
[22:23:52.958][D][main:661]: Received frame dest 0x0f cmd 0xe000: 0x05
[22:23:52.970][D][bshdbus:090]: Missed ACK for dest 0x0f of preceding frame
[22:23:52.983][D][bshdbus:061]: Discarding 1 bytes of unparsed data after timeout of 25 ms: 0x0a
[22:23:53.003][D][main:661]: Received frame dest 0x1f cmd 0xe001: 0x0502
[22:23:54.971][D][main:661]: Received frame dest 0x0f cmd 0xe000: 0x05
[22:23:55.010][D][bshdbus:090]: Missed ACK for dest 0x0f of preceding frame
[22:23:55.026][D][bshdbus:061]: Discarding 1 bytes of unparsed data after timeout of 28 ms: 0x0a
[22:23:55.031][D][main:661]: Received frame dest 0x1f cmd 0xe001: 0x0502
[22:23:57.024][D][main:661]: Received frame dest 0x0f cmd 0xe000: 0x05
[22:23:57.043][D][bshdbus:090]: Missed ACK for dest 0x0f of preceding frame
[22:23:57.049][D][bshdbus:061]: Discarding 10 bytes of unparsed data after timeout of 32 ms: 0x0a041fe00105020b6f1a
[22:23:58.974][D][main:661]: Received frame dest 0x0f cmd 0xe000: 0x05
[22:23:58.991][D][bshdbus:090]: Missed ACK for dest 0x0f of preceding frame
[22:23:59.001][D][bshdbus:061]: Discarding 1 bytes of unparsed data after timeout of 25 ms: 0x0a
[22:23:59.007][D][main:661]: Received frame dest 0x1f cmd 0xe001: 0x0502
[22:24:00.975][D][main:661]: Received frame dest 0x0f cmd 0xe000: 0x05
[22:24:00.985][D][bshdbus:090]: Missed ACK for dest 0x0f of preceding frame
[22:24:01.034][D][bshdbus:061]: Discarding 10 bytes of unparsed data after timeout of 32 ms: 0x0a041fe00105020b6f1a
[22:24:02.984][D][main:661]: Received frame dest 0x0f cmd 0xe000: 0x05
[22:24:02.992][D][bshdbus:090]: Missed ACK for dest 0x0f of preceding frame
[22:24:03.031][D][bshdbus:061]: Discarding 10 bytes of unparsed data after timeout of 32 ms: 0x0a041fe00105020b6f1a
[22:24:04.980][D][main:661]: Received frame dest 0x0f cmd 0xe000: 0x05
[22:24:04.988][D][bshdbus:090]: Missed ACK for dest 0x0f of preceding frame
[22:24:05.091][D][bshdbus:061]: Discarding 10 bytes of unparsed data after timeout of 32 ms: 0x0a041fe00105020b6f1a
[22:24:06.984][D][main:661]: Received frame dest 0x0f cmd 0xe000: 0x05
[22:24:07.018][D][bshdbus:090]: Missed ACK for dest 0x0f of preceding frame
[22:24:07.033][D][bshdbus:061]: Discarding 10 bytes of unparsed data after timeout of 32 ms: 0x0a041fe00105020b6f1a
[22:24:08.988][D][main:661]: Received frame dest 0x0f cmd 0xe000: 0x05
[22:24:08.995][D][bshdbus:090]: Missed ACK for dest 0x0f of preceding frame
[22:24:09.037][D][bshdbus:061]: Discarding 10 bytes of unparsed data after timeout of 32 ms: 0x0a041fe00105020b6f1a
[22:24:10.993][D][main:661]: Received frame dest 0x0f cmd 0xe000: 0x05
[22:24:11.006][D][bshdbus:090]: Missed ACK for dest 0x0f of preceding frame
[22:24:11.041][D][bshdbus:061]: Discarding 10 bytes of unparsed data after timeout of 32 ms: 0x0a041fe00105020b6f1a
[22:24:12.995][D][main:661]: Received frame dest 0x0f cmd 0xe000: 0x05
[22:24:13.011][D][bshdbus:090]: Missed ACK for dest 0x0f of preceding frame
[22:24:13.028][D][bshdbus:061]: Discarding 1 bytes of unparsed data after timeout of 31 ms: 0x0a
[22:24:13.037][D][main:661]: Received frame dest 0x1f cmd 0xe001: 0x0502
[22:24:15.001][D][main:661]: Received frame dest 0x0f cmd 0xe000: 0x05
[22:24:15.008][D][bshdbus:090]: Missed ACK for dest 0x0f of preceding frame
[22:24:15.051][D][bshdbus:061]: Discarding 10 bytes of unparsed data after timeout of 32 ms: 0x0a041fe00105020b6f1a
[22:24:17.020][D][main:661]: Received frame dest 0x0f cmd 0xe000: 0x05
[22:24:17.034][D][bshdbus:090]: Missed ACK for dest 0x0f of preceding frame
[22:24:17.050][D][bshdbus:061]: Discarding 10 bytes of unparsed data after timeout of 32 ms: 0x0a041fe00105020b6f1a
[22:24:19.006][D][main:661]: Received frame dest 0x0f cmd 0xe000: 0x05
[22:24:19.024][D][bshdbus:090]: Missed ACK for dest 0x0f of preceding frame
[22:24:19.061][D][bshdbus:061]: Discarding 10 bytes of unparsed data after timeout of 32 ms: 0x0a041fe00105020b6f1a
[22:24:19.125][S][sensor]: 'Uptime s' >> 2822 s
[22:24:19.401][S][sensor]: 'ESP Internal Temperature' >> 52.3 °C
[22:24:19.754][S][sensor]: 'WiFi RSSI' >> -75 dBm
[22:24:20.781][S][text_sensor]: 'Uptime' >> '00d 00h 47m 2s'
[22:24:21.009][D][main:661]: Received frame dest 0x0f cmd 0xe000: 0x05
[22:24:21.029][D][bshdbus:090]: Missed ACK for dest 0x0f of preceding frame
[22:24:21.056][D][bshdbus:061]: Discarding 10 bytes of unparsed data after timeout of 32 ms: 0x0a041fe00105020b6f1a
[22:24:23.013][D][main:661]: Received frame dest 0x0f cmd 0xe000: 0x05
[22:24:23.028][D][bshdbus:090]: Missed ACK for dest 0x0f of preceding frame
[22:24:23.064][D][bshdbus:061]: Discarding 10 bytes of unparsed data after timeout of 32 ms: 0x0a041fe00105020b6f1a
[22:24:25.019][D][main:661]: Received frame dest 0x0f cmd 0xe000: 0x05
[22:24:25.034][D][bshdbus:090]: Missed ACK for dest 0x0f of preceding frame
[22:24:25.068][D][bshdbus:061]: Discarding 10 bytes of unparsed data after timeout of 32 ms: 0x0a041fe00105020b6f1a
[22:24:27.023][D][main:661]: Received frame dest 0x0f cmd 0xe000: 0x05
[22:24:27.194][D][bshdbus:090]: Missed ACK for dest 0x0f of preceding frame
[22:24:27.201][D][bshdbus:061]: Discarding 10 bytes of unparsed data after timeout of 33 ms: 0x0a041fe00105020b6f1a
[22:24:29.025][D][main:661]: Received frame dest 0x0f cmd 0xe000: 0x05
[22:24:29.039][D][bshdbus:090]: Missed ACK for dest 0x0f of preceding frame
[22:24:29.051][D][bshdbus:061]: Discarding 1 bytes of unparsed data after timeout of 27 ms: 0x0a
[22:24:29.058][D][main:661]: Received frame dest 0x1f cmd 0xe001: 0x0502
[22:24:31.039][D][main:661]: Received frame dest 0x0f cmd 0xe000: 0x05
[22:24:31.046][D][bshdbus:090]: Missed ACK for dest 0x0f of preceding frame
[22:24:31.058][D][bshdbus:061]: Discarding 1 bytes of unparsed data after timeout of 29 ms: 0x0a
[22:24:31.066][D][main:661]: Received frame dest 0x1f cmd 0xe001: 0x0502
[22:24:33.032][D][main:661]: Received frame dest 0x0f cmd 0xe000: 0x05
[22:24:33.044][D][bshdbus:090]: Missed ACK for dest 0x0f of preceding frame
[22:24:33.089][D][bshdbus:061]: Discarding 10 bytes of unparsed data after timeout of 32 ms: 0x0a041fe00105020b6f1a
[22:24:35.036][D][main:661]: Received frame dest 0x0f cmd 0xe000: 0x05
[22:24:35.043][D][bshdbus:090]: Missed ACK for dest 0x0f of preceding frame
[22:24:35.219][D][bshdbus:061]: Discarding 10 bytes of unparsed data after timeout of 32 ms: 0x0a041fe00105020b6f1a
[22:24:37.041][D][main:661]: Received frame dest 0x0f cmd 0xe000: 0x05
[22:24:37.052][D][bshdbus:090]: Missed ACK for dest 0x0f of preceding frame
[22:24:37.090][D][bshdbus:061]: Discarding 10 bytes of unparsed data after timeout of 32 ms: 0x0a041fe00105020b6f1a
[22:24:39.044][D][main:661]: Received frame dest 0x0f cmd 0xe000: 0x05
[22:24:39.054][D][bshdbus:090]: Missed ACK for dest 0x0f of preceding frame
[22:24:39.092][D][bshdbus:061]: Discarding 10 bytes of unparsed data after timeout of 32 ms: 0x0a041fe00105020b6f1a
[22:24:41.047][D][main:661]: Received frame dest 0x0f cmd 0xe000: 0x05
[22:24:41.055][D][bshdbus:090]: Missed ACK for dest 0x0f of preceding frame
[22:24:41.075][D][bshdbus:061]: Discarding 1 bytes of unparsed data after timeout of 22 ms: 0x0a
[22:24:41.088][D][main:661]: Received frame dest 0x1f cmd 0xe001: 0x0502
[22:24:43.051][D][main:661]: Received frame dest 0x0f cmd 0xe000: 0x05
[22:24:43.063][D][bshdbus:090]: Missed ACK for dest 0x0f of preceding frame
[22:24:43.079][D][bshdbus:061]: Discarding 1 bytes of unparsed data after timeout of 28 ms: 0x0a
[22:24:43.088][D][main:661]: Received frame dest 0x1f cmd 0xe001: 0x0502
[22:24:45.056][D][main:661]: Received frame dest 0x0f cmd 0xe000: 0x05
[22:24:45.074][D][bshdbus:090]: Missed ACK for dest 0x0f of preceding frame
[22:24:45.085][D][bshdbus:061]: Discarding 1 bytes of unparsed data after timeout of 24 ms: 0x0a
[22:24:45.091][D][main:661]: Received frame dest 0x1f cmd 0xe001: 0x0502
[22:24:47.058][D][main:661]: Received frame dest 0x0f cmd 0xe000: 0x05
[22:24:47.066][D][bshdbus:090]: Missed ACK for dest 0x0f of preceding frame
[22:24:47.080][D][bshdbus:061]: Discarding 1 bytes of unparsed data after timeout of 24 ms: 0x0a
[22:24:47.087][D][main:661]: Received frame dest 0x1f cmd 0xe001: 0x0502
[22:24:49.062][D][main:661]: Received frame dest 0x0f cmd 0xe000: 0x05
[22:24:49.070][D][bshdbus:090]: Missed ACK for dest 0x0f of preceding frame
[22:24:49.087][D][bshdbus:061]: Discarding 1 bytes of unparsed data after timeout of 26 ms: 0x0a
[22:24:49.099][D][main:661]: Received frame dest 0x1f cmd 0xe001: 0x0502
[22:24:51.066][D][main:661]: Received frame dest 0x0f cmd 0xe000: 0x05
[22:24:51.077][D][bshdbus:090]: Missed ACK for dest 0x0f of preceding frame
[22:24:51.094][D][bshdbus:061]: Discarding 1 bytes of unparsed data after timeout of 29 ms: 0x0a
[22:24:51.117][D][main:661]: Received frame dest 0x1f cmd 0xe001: 0x0502
[22:24:53.070][D][main:661]: Received frame dest 0x0f cmd 0xe000: 0x05
[22:24:53.080][D][bshdbus:090]: Missed ACK for dest 0x0f of preceding frame
[22:24:53.121][D][bshdbus:061]: Discarding 10 bytes of unparsed data after timeout of 32 ms: 0x0a041fe00105020b6f1a
[22:24:55.073][D][main:661]: Received frame dest 0x0f cmd 0xe000: 0x05
[22:24:55.099][D][bshdbus:090]: Missed ACK for dest 0x0f of preceding frame
[22:24:55.119][D][bshdbus:061]: Discarding 10 bytes of unparsed data after timeout of 32 ms: 0x0a041fe00105020b6f1a
[22:24:57.079][D][main:661]: Received frame dest 0x0f cmd 0xe000: 0x05
[22:24:57.102][D][bshdbus:090]: Missed ACK for dest 0x0f of preceding frame
[22:24:57.110][D][bshdbus:061]: Discarding 1 bytes of unparsed data after timeout of 27 ms: 0x0a
[22:24:57.123][D][main:661]: Received frame dest 0x1f cmd 0xe001: 0x0502
[22:24:59.084][D][main:661]: Received frame dest 0x0f cmd 0xe000: 0x05
[22:24:59.108][D][bshdbus:090]: Missed ACK for dest 0x0f of preceding frame
[22:24:59.144][D][bshdbus:061]: Discarding 10 bytes of unparsed data after timeout of 32 ms: 0x0a041fe00105020b6f1a
[22:25:01.084][D][main:661]: Received frame dest 0x0f cmd 0xe000: 0x05
[22:25:01.093][D][bshdbus:090]: Missed ACK for dest 0x0f of preceding frame
[22:25:01.109][D][bshdbus:061]: Discarding 1 bytes of unparsed data after timeout of 25 ms: 0x0a
[22:25:01.118][D][main:661]: Received frame dest 0x1f cmd 0xe001: 0x0502
[22:25:03.091][D][main:661]: Received frame dest 0x0f cmd 0xe000: 0x05
[22:25:03.101][D][bshdbus:090]: Missed ACK for dest 0x0f of preceding frame
[22:25:03.142][D][bshdbus:061]: Discarding 10 bytes of unparsed data after timeout of 32 ms: 0x0a041fe00105020b6f1a
[22:25:05.090][D][main:661]: Received frame dest 0x0f cmd 0xe000: 0x05
[22:25:05.097][D][bshdbus:090]: Missed ACK for dest 0x0f of preceding frame
[22:25:05.114][D][bshdbus:061]: Discarding 1 bytes of unparsed data after timeout of 24 ms: 0x0a
[22:25:05.126][D][main:661]: Received frame dest 0x1f cmd 0xe001: 0x0502
[22:25:07.094][D][main:661]: Received frame dest 0x0f cmd 0xe000: 0x05
[22:25:07.105][D][bshdbus:090]: Missed ACK for dest 0x0f of preceding frame
[22:25:07.149][D][bshdbus:061]: Discarding 10 bytes of unparsed data after timeout of 32 ms: 0x0a041fe00105020b6f1a
[22:25:09.101][D][main:661]: Received frame dest 0x0f cmd 0xe000: 0x05
[22:25:09.116][D][bshdbus:090]: Missed ACK for dest 0x0f of preceding frame
[22:25:09.150][D][bshdbus:061]: Discarding 1 bytes of unparsed data after timeout of 24 ms: 0x0a
[22:25:09.161][D][main:661]: Received frame dest 0x1f cmd 0xe001: 0x0502
[22:25:11.103][D][main:661]: Received frame dest 0x0f cmd 0xe000: 0x05
[22:25:11.111][D][bshdbus:090]: Missed ACK for dest 0x0f of preceding frame
[22:25:11.151][D][bshdbus:061]: Discarding 10 bytes of unparsed data after timeout of 32 ms: 0x0a041fe00105020b6f1a
[22:25:13.105][D][main:661]: Received frame dest 0x0f cmd 0xe000: 0x05
[22:25:13.116][D][bshdbus:090]: Missed ACK for dest 0x0f of preceding frame
[22:25:13.128][D][bshdbus:061]: Discarding 1 bytes of unparsed data after timeout of 25 ms: 0x0a
[22:25:13.135][D][main:661]: Received frame dest 0x1f cmd 0xe001: 0x0502
[22:25:15.112][D][main:661]: Received frame dest 0x0f cmd 0xe000: 0x05
[22:25:15.127][D][bshdbus:090]: Missed ACK for dest 0x0f of preceding frame
[22:25:15.141][D][bshdbus:061]: Discarding 1 bytes of unparsed data after timeout of 21 ms: 0x0a
[22:25:15.149][D][main:661]: Received frame dest 0x1f cmd 0xe001: 0x0502
[22:25:17.120][D][main:661]: Received frame dest 0x0f cmd 0xe000: 0x05
[22:25:17.135][D][bshdbus:090]: Missed ACK for dest 0x0f of preceding frame
[22:25:17.157][D][bshdbus:061]: Discarding 1 bytes of unparsed data after timeout of 28 ms: 0x0a
[22:25:17.166][D][main:661]: Received frame dest 0x1f cmd 0xe001: 0x0502
[22:25:19.134][D][main:661]: Received frame dest 0x0f cmd 0xe000: 0x05
[22:25:19.151][D][bshdbus:090]: Missed ACK for dest 0x0f of preceding frame
[22:25:19.191][S][sensor]: 'Uptime s' >> 2882 s
[22:25:19.200][D][bshdbus:061]: Discarding 1 bytes of unparsed data after timeout of 29 ms: 0x0a
[22:25:19.208][D][main:661]: Received frame dest 0x1f cmd 0xe001: 0x0502
[22:25:19.454][S][sensor]: 'ESP Internal Temperature' >> 52.3 °C
[22:25:19.743][S][sensor]: 'WiFi RSSI' >> -77 dBm
[22:25:20.785][S][text_sensor]: 'Uptime' >> '00d 00h 48m 2s'
[22:25:21.120][D][main:661]: Received frame dest 0x0f cmd 0xe000: 0x05
[22:25:21.134][D][bshdbus:090]: Missed ACK for dest 0x0f of preceding frame
[22:25:21.150][D][bshdbus:061]: Discarding 1 bytes of unparsed data after timeout of 22 ms: 0x0a
[22:25:21.157][D][main:661]: Received frame dest 0x1f cmd 0xe001: 0x0502
[22:25:23.124][D][main:661]: Received frame dest 0x0f cmd 0xe000: 0x05
[22:25:23.134][D][bshdbus:090]: Missed ACK for dest 0x0f of preceding frame
[22:25:23.163][D][bshdbus:061]: Discarding 1 bytes of unparsed data after timeout of 28 ms: 0x0a
[22:25:23.173][D][main:661]: Received frame dest 0x1f cmd 0xe001: 0x0502
[22:25:25.128][D][main:661]: Received frame dest 0x0f cmd 0xe000: 0x05
[22:25:25.139][D][bshdbus:090]: Missed ACK for dest 0x0f of preceding frame
[22:25:25.183][D][bshdbus:061]: Discarding 10 bytes of unparsed data after timeout of 32 ms: 0x0a041fe00105020b6f1a
[22:25:27.131][D][main:661]: Received frame dest 0x0f cmd 0xe000: 0x05
[22:25:27.148][D][bshdbus:090]: Missed ACK for dest 0x0f of preceding frame
[22:25:27.157][D][bshdbus:061]: Discarding 1 bytes of unparsed data after timeout of 22 ms: 0x0a
[22:25:27.166][D][main:661]: Received frame dest 0x1f cmd 0xe001: 0x0502
[22:25:29.135][D][main:661]: Received frame dest 0x0f cmd 0xe000: 0x05
[22:25:29.156][D][bshdbus:090]: Missed ACK for dest 0x0f of preceding frame
[22:25:29.205][D][bshdbus:061]: Discarding 10 bytes of unparsed data after timeout of 32 ms: 0x0a041fe00105020b6f1a
[22:25:31.150][D][main:661]: Received frame dest 0x0f cmd 0xe000: 0x05
[22:25:31.162][D][bshdbus:090]: Missed ACK for dest 0x0f of preceding frame
[22:25:31.170][D][bshdbus:061]: Discarding 1 bytes of unparsed data after timeout of 26 ms: 0x0a
[22:25:31.185][D][main:661]: Received frame dest 0x1f cmd 0xe001: 0x0502
[22:25:33.142][D][main:661]: Received frame dest 0x0f cmd 0xe000: 0x05
[22:25:33.151][D][bshdbus:090]: Missed ACK for dest 0x0f of preceding frame
[22:25:33.165][D][bshdbus:061]: Discarding 1 bytes of unparsed data after timeout of 24 ms: 0x0a
[22:25:33.173][D][main:661]: Received frame dest 0x1f cmd 0xe001: 0x0502
[22:25:35.146][D][main:661]: Received frame dest 0x0f cmd 0xe000: 0x05
[22:25:35.154][D][bshdbus:090]: Missed ACK for dest 0x0f of preceding frame
[22:25:35.220][D][bshdbus:061]: Discarding 1 bytes of unparsed data after timeout of 24 ms: 0x0a
[22:25:35.232][D][main:661]: Received frame dest 0x1f cmd 0xe001: 0x0502
[22:25:37.150][D][main:661]: Received frame dest 0x0f cmd 0xe000: 0x05
[22:25:37.159][D][bshdbus:090]: Missed ACK for dest 0x0f of preceding frame
[22:25:37.199][D][bshdbus:061]: Discarding 10 bytes of unparsed data after timeout of 32 ms: 0x0a041fe00105020b6f1a
[22:25:39.154][D][main:661]: Received frame dest 0x0f cmd 0xe000: 0x05
[22:25:39.397][D][bshdbus:090]: Missed ACK for dest 0x0f of preceding frame
[22:25:39.410][D][bshdbus:061]: Discarding 1 bytes of unparsed data after timeout of 27 ms: 0x0a
[22:25:39.464][D][main:661]: Received frame dest 0x1f cmd 0xe001: 0x0502
[22:25:41.157][D][main:661]: Received frame dest 0x0f cmd 0xe000: 0x05
[22:25:41.167][D][bshdbus:090]: Missed ACK for dest 0x0f of preceding frame
[22:25:41.183][D][bshdbus:061]: Discarding 1 bytes of unparsed data after timeout of 23 ms: 0x0a
[22:25:41.193][D][main:661]: Received frame dest 0x1f cmd 0xe001: 0x0502
[22:25:43.161][D][main:661]: Received frame dest 0x0f cmd 0xe000: 0x05
[22:25:43.168][D][bshdbus:090]: Missed ACK for dest 0x0f of preceding frame
[22:25:43.211][D][bshdbus:061]: Discarding 10 bytes of unparsed data after timeout of 32 ms: 0x0a041fe00105020b6f1a
[22:25:45.193][D][main:661]: Received frame dest 0x0f cmd 0xe000: 0x05
[22:25:45.200][D][bshdbus:090]: Missed ACK for dest 0x0f of preceding frame
[22:25:45.206][D][bshdbus:061]: Discarding 1 bytes of unparsed data after timeout of 23 ms: 0x0a
[22:25:45.213][D][main:661]: Received frame dest 0x1f cmd 0xe001: 0x0502
[22:25:47.168][D][main:661]: Received frame dest 0x0f cmd 0xe000: 0x05
[22:25:47.175][D][bshdbus:090]: Missed ACK for dest 0x0f of preceding frame
[22:25:47.194][D][bshdbus:061]: Discarding 1 bytes of unparsed data after timeout of 27 ms: 0x0a
[22:25:47.200][D][main:661]: Received frame dest 0x1f cmd 0xe001: 0x0502
[22:25:49.173][D][main:661]: Received frame dest 0x0f cmd 0xe000: 0x05
[22:25:49.184][D][bshdbus:090]: Missed ACK for dest 0x0f of preceding frame
[22:25:49.218][D][bshdbus:061]: Discarding 10 bytes of unparsed data after timeout of 32 ms: 0x0a041fe00105020b6f1a
[22:25:51.175][D][main:661]: Received frame dest 0x0f cmd 0xe000: 0x05
[22:25:51.184][D][bshdbus:090]: Missed ACK for dest 0x0f of preceding frame
[22:25:51.226][D][bshdbus:061]: Discarding 10 bytes of unparsed data after timeout of 32 ms: 0x0a041fe00105020b6f1a
[22:25:53.178][D][main:661]: Received frame dest 0x0f cmd 0xe000: 0x05
[22:25:53.188][D][bshdbus:090]: Missed ACK for dest 0x0f of preceding frame
[22:25:53.226][D][bshdbus:061]: Discarding 10 bytes of unparsed data after timeout of 32 ms: 0x0a041fe00105020b6f1a
[22:25:55.183][D][main:661]: Received frame dest 0x0f cmd 0xe000: 0x05
[22:25:55.219][D][bshdbus:090]: Missed ACK for dest 0x0f of preceding frame
[22:25:55.226][D][bshdbus:061]: Discarding 1 bytes of unparsed data after timeout of 21 ms: 0x0a
[22:25:55.232][D][main:661]: Received frame dest 0x1f cmd 0xe001: 0x0502
[22:25:57.186][D][main:661]: Received frame dest 0x0f cmd 0xe000: 0x05
[22:25:57.197][D][bshdbus:090]: Missed ACK for dest 0x0f of preceding frame
[22:25:57.207][D][bshdbus:061]: Discarding 1 bytes of unparsed data after timeout of 23 ms: 0x0a
[22:25:57.216][D][main:661]: Received frame dest 0x1f cmd 0xe001: 0x0502
[22:25:59.190][D][main:661]: Received frame dest 0x0f cmd 0xe000: 0x05
[22:25:59.209][D][bshdbus:090]: Missed ACK for dest 0x0f of preceding frame
[22:25:59.217][D][bshdbus:061]: Discarding 1 bytes of unparsed data after timeout of 28 ms: 0x0a
[22:25:59.224][D][main:661]: Received frame dest 0x1f cmd 0xe001: 0x0502
[22:26:01.194][D][main:661]: Received frame dest 0x0f cmd 0xe000: 0x05
[22:26:01.220][D][bshdbus:090]: Missed ACK for dest 0x0f of preceding frame
[22:26:01.227][D][bshdbus:061]: Discarding 1 bytes of unparsed data after timeout of 22 ms: 0x0a
[22:26:01.254][D][main:661]: Received frame dest 0x1f cmd 0xe001: 0x0502
[22:26:03.205][D][main:661]: Received frame dest 0x0f cmd 0xe000: 0x05
[22:26:03.214][D][bshdbus:090]: Missed ACK for dest 0x0f of preceding frame
[22:26:03.244][D][bshdbus:061]: Discarding 10 bytes of unparsed data after timeout of 32 ms: 0x0a041fe00105020b6f1a
[22:26:05.201][D][main:661]: Received frame dest 0x0f cmd 0xe000: 0x05
[22:26:05.213][D][bshdbus:090]: Missed ACK for dest 0x0f of preceding frame
[22:26:05.221][D][bshdbus:061]: Discarding 1 bytes of unparsed data after timeout of 22 ms: 0x0a
[22:26:05.230][D][main:661]: Received frame dest 0x1f cmd 0xe001: 0x0502
[22:26:07.205][D][main:661]: Received frame dest 0x0f cmd 0xe000: 0x05
[22:26:07.215][D][bshdbus:090]: Missed ACK for dest 0x0f of preceding frame
[22:26:07.255][D][bshdbus:061]: Discarding 10 bytes of unparsed data after timeout of 32 ms: 0x0a041fe00105020b6f1a
[22:26:09.208][D][main:661]: Received frame dest 0x0f cmd 0xe000: 0x05
[22:26:09.237][D][bshdbus:090]: Missed ACK for dest 0x0f of preceding frame
[22:26:09.245][D][bshdbus:061]: Discarding 1 bytes of unparsed data after timeout of 25 ms: 0x0a
[22:26:09.251][D][main:661]: Received frame dest 0x1f cmd 0xe001: 0x0502
[22:26:11.212][D][main:661]: Received frame dest 0x0f cmd 0xe000: 0x05
[22:26:11.218][D][bshdbus:090]: Missed ACK for dest 0x0f of preceding frame
[22:26:11.262][D][bshdbus:061]: Discarding 10 bytes of unparsed data after timeout of 32 ms: 0x0a041fe00105020b6f1a
[22:26:13.215][D][main:661]: Received frame dest 0x0f cmd 0xe000: 0x05
[22:26:13.225][D][bshdbus:090]: Missed ACK for dest 0x0f of preceding frame
[22:26:13.238][D][bshdbus:061]: Discarding 1 bytes of unparsed data after timeout of 24 ms: 0x0a
[22:26:13.245][D][main:661]: Received frame dest 0x1f cmd 0xe001: 0x0502
[22:26:15.219][D][main:661]: Received frame dest 0x0f cmd 0xe000: 0x05
[22:26:15.229][D][bshdbus:090]: Missed ACK for dest 0x0f of preceding frame
[22:26:15.272][D][bshdbus:061]: Discarding 10 bytes of unparsed data after timeout of 32 ms: 0x0a041fe00105020b6f1a
[22:26:17.229][D][main:661]: Received frame dest 0x0f cmd 0xe000: 0x05
[22:26:17.238][D][bshdbus:090]: Missed ACK for dest 0x0f of preceding frame
[22:26:17.252][D][bshdbus:061]: Discarding 1 bytes of unparsed data after timeout of 30 ms: 0x0a
[22:26:17.259][D][main:661]: Received frame dest 0x1f cmd 0xe001: 0x0502
[22:26:19.128][S][sensor]: 'Uptime s' >> 2942 s
[22:26:19.226][D][main:661]: Received frame dest 0x0f cmd 0xe000: 0x05
[22:26:19.234][D][bshdbus:090]: Missed ACK for dest 0x0f of preceding frame
[22:26:19.277][D][bshdbus:061]: Discarding 10 bytes of unparsed data after timeout of 32 ms: 0x0a041fe00105020b6f1a
[22:26:19.407][S][sensor]: 'ESP Internal Temperature' >> 53.3 °C
[22:26:19.746][S][sensor]: 'WiFi RSSI' >> -76 dBm
[22:26:20.789][S][text_sensor]: 'Uptime' >> '00d 00h 49m 2s'
[22:26:21.231][D][main:661]: Received frame dest 0x0f cmd 0xe000: 0x05
[22:26:21.239][D][bshdbus:090]: Missed ACK for dest 0x0f of preceding frame
[22:26:21.281][D][bshdbus:061]: Discarding 10 bytes of unparsed data after timeout of 32 ms: 0x0a041fe00105020b6f1a
[22:26:23.236][D][main:661]: Received frame dest 0x0f cmd 0xe000: 0x05
[22:26:23.244][D][bshdbus:090]: Missed ACK for dest 0x0f of preceding frame
[22:26:23.278][D][bshdbus:061]: Discarding 1 bytes of unparsed data after timeout of 26 ms: 0x0a
[22:26:23.293][D][main:661]: Received frame dest 0x1f cmd 0xe001: 0x0502
[22:26:25.237][D][main:661]: Received frame dest 0x0f cmd 0xe000: 0x05
[22:26:25.243][D][bshdbus:090]: Missed ACK for dest 0x0f of preceding frame
[22:26:25.267][D][bshdbus:061]: Discarding 1 bytes of unparsed data after timeout of 27 ms: 0x0a
[22:26:25.274][D][main:661]: Received frame dest 0x1f cmd 0xe001: 0x0502
[22:26:27.242][D][main:661]: Received frame dest 0x0f cmd 0xe000: 0x05
[22:26:27.265][D][bshdbus:090]: Missed ACK for dest 0x0f of preceding frame
[22:26:27.289][D][bshdbus:061]: Discarding 10 bytes of unparsed data after timeout of 32 ms: 0x0a041fe00105020b6f1a
[22:26:29.244][D][main:661]: Received frame dest 0x0f cmd 0xe000: 0x05
[22:26:29.252][D][bshdbus:090]: Missed ACK for dest 0x0f of preceding frame
[22:26:29.295][D][bshdbus:061]: Discarding 10 bytes of unparsed data after timeout of 32 ms: 0x0a041fe00105020b6f1a
[22:26:31.260][D][main:661]: Received frame dest 0x0f cmd 0xe000: 0x05
[22:26:31.269][D][bshdbus:090]: Missed ACK for dest 0x0f of preceding frame
[22:26:31.301][D][bshdbus:061]: Discarding 10 bytes of unparsed data after timeout of 32 ms: 0x0a041fe00105020b6f1a
[22:26:33.251][D][main:661]: Received frame dest 0x0f cmd 0xe000: 0x05
[22:26:33.259][D][bshdbus:090]: Missed ACK for dest 0x0f of preceding frame
[22:26:33.321][D][bshdbus:061]: Discarding 10 bytes of unparsed data after timeout of 32 ms: 0x0a041fe00105020b6f1a
[22:26:35.254][D][main:661]: Received frame dest 0x0f cmd 0xe000: 0x05
[22:26:35.359][D][bshdbus:090]: Missed ACK for dest 0x0f of preceding frame
[22:26:35.367][D][bshdbus:061]: Discarding 1 bytes of unparsed data after timeout of 28 ms: 0x0a
[22:26:35.374][D][main:661]: Received frame dest 0x1f cmd 0xe001: 0x0502
[22:26:37.260][D][main:661]: Received frame dest 0x0f cmd 0xe000: 0x05
[22:26:37.267][D][bshdbus:090]: Missed ACK for dest 0x0f of preceding frame
[22:26:37.307][D][bshdbus:061]: Discarding 10 bytes of unparsed data after timeout of 32 ms: 0x0a041fe00105020b6f1a
[22:26:39.263][D][main:661]: Received frame dest 0x0f cmd 0xe000: 0x05
[22:26:39.288][D][bshdbus:090]: Missed ACK for dest 0x0f of preceding frame
[22:26:39.299][D][bshdbus:061]: Discarding 1 bytes of unparsed data after timeout of 22 ms: 0x0a
[22:26:39.305][D][main:661]: Received frame dest 0x1f cmd 0xe001: 0x0502
[22:26:41.268][D][main:661]: Received frame dest 0x0f cmd 0xe000: 0x05
[22:26:41.277][D][bshdbus:090]: Missed ACK for dest 0x0f of preceding frame
[22:26:41.315][D][bshdbus:061]: Discarding 10 bytes of unparsed data after timeout of 32 ms: 0x0a041fe00105020b6f1a
[22:26:43.270][D][main:661]: Received frame dest 0x0f cmd 0xe000: 0x05
[22:26:43.279][D][bshdbus:090]: Missed ACK for dest 0x0f of preceding frame
[22:26:43.292][D][bshdbus:061]: Discarding 1 bytes of unparsed data after timeout of 24 ms: 0x0a
[22:26:43.300][D][main:661]: Received frame dest 0x1f cmd 0xe001: 0x0502
[22:26:45.276][D][main:661]: Received frame dest 0x0f cmd 0xe000: 0x05
[22:26:45.285][D][bshdbus:090]: Missed ACK for dest 0x0f of preceding frame
[22:26:45.374][D][bshdbus:061]: Discarding 10 bytes of unparsed data after timeout of 32 ms: 0x0a041fe00105020b6f1a
[22:26:47.277][D][main:661]: Received frame dest 0x0f cmd 0xe000: 0x05
[22:26:47.287][D][bshdbus:090]: Missed ACK for dest 0x0f of preceding frame
[22:26:47.307][D][bshdbus:061]: Discarding 1 bytes of unparsed data after timeout of 29 ms: 0x0a
[22:26:47.314][D][main:661]: Received frame dest 0x1f cmd 0xe001: 0x0502
[22:26:49.288][D][main:661]: Received frame dest 0x0f cmd 0xe000: 0x05
[22:26:49.297][D][bshdbus:090]: Missed ACK for dest 0x0f of preceding frame
[22:26:49.304][D][bshdbus:061]: Discarding 1 bytes of unparsed data after timeout of 22 ms: 0x0a
[22:26:49.311][D][main:661]: Received frame dest 0x1f cmd 0xe001: 0x0502
[22:26:51.285][D][main:661]: Received frame dest 0x0f cmd 0xe000: 0x05
[22:26:51.295][D][bshdbus:090]: Missed ACK for dest 0x0f of preceding frame
[22:26:51.332][D][bshdbus:061]: Discarding 10 bytes of unparsed data after timeout of 32 ms: 0x0a041fe00105020b6f1a
[22:26:53.293][D][main:661]: Received frame dest 0x0f cmd 0xe000: 0x05
[22:26:53.303][D][bshdbus:090]: Missed ACK for dest 0x0f of preceding frame
[22:26:53.324][D][bshdbus:061]: Discarding 1 bytes of unparsed data after timeout of 28 ms: 0x0a
[22:26:53.333][D][main:661]: Received frame dest 0x1f cmd 0xe001: 0x0502
[22:26:55.291][D][main:661]: Received frame dest 0x0f cmd 0xe000: 0x05
[22:26:55.305][D][bshdbus:090]: Missed ACK for dest 0x0f of preceding frame
[22:26:55.328][D][bshdbus:061]: Discarding 1 bytes of unparsed data after timeout of 24 ms: 0x0a
[22:26:55.335][D][main:661]: Received frame dest 0x1f cmd 0xe001: 0x0502
[22:26:57.296][D][main:661]: Received frame dest 0x0f cmd 0xe000: 0x05
[22:26:57.303][D][bshdbus:090]: Missed ACK for dest 0x0f of preceding frame
[22:26:57.314][D][bshdbus:061]: Discarding 1 bytes of unparsed data after timeout of 21 ms: 0x0a
[22:26:57.321][D][main:661]: Received frame dest 0x1f cmd 0xe001: 0x0502
[22:26:59.299][D][main:661]: Received frame dest 0x0f cmd 0xe000: 0x05
[22:26:59.311][D][bshdbus:090]: Missed ACK for dest 0x0f of preceding frame
[22:26:59.347][D][bshdbus:061]: Discarding 10 bytes of unparsed data after timeout of 32 ms: 0x0a041fe00105020b6f1a
[22:27:01.302][D][main:661]: Received frame dest 0x0f cmd 0xe000: 0x05
[22:27:01.310][D][bshdbus:090]: Missed ACK for dest 0x0f of preceding frame
[22:27:01.325][D][bshdbus:061]: Discarding 1 bytes of unparsed data after timeout of 24 ms: 0x0a
[22:27:01.333][D][main:661]: Received frame dest 0x1f cmd 0xe001: 0x0502
[22:27:03.312][D][main:661]: Received frame dest 0x0f cmd 0xe000: 0x05
[22:27:03.353][D][bshdbus:090]: Missed ACK for dest 0x0f of preceding frame
[22:27:03.366][D][bshdbus:061]: Discarding 1 bytes of unparsed data after timeout of 23 ms: 0x0a
[22:27:03.376][D][main:661]: Received frame dest 0x1f cmd 0xe001: 0x0502
[22:27:05.309][D][main:661]: Received frame dest 0x0f cmd 0xe000: 0x05
[22:27:05.316][D][bshdbus:090]: Missed ACK for dest 0x0f of preceding frame
[22:27:05.361][D][bshdbus:061]: Discarding 10 bytes of unparsed data after timeout of 32 ms: 0x0a041fe00105020b6f1a
[22:27:07.313][D][main:661]: Received frame dest 0x0f cmd 0xe000: 0x05
[22:27:07.321][D][bshdbus:090]: Missed ACK for dest 0x0f of preceding frame
[22:27:07.340][D][bshdbus:061]: Discarding 1 bytes of unparsed data after timeout of 28 ms: 0x0a
[22:27:07.361][D][main:661]: Received frame dest 0x1f cmd 0xe001: 0x0502
[22:27:09.317][D][main:661]: Received frame dest 0x0f cmd 0xe000: 0x05
[22:27:09.326][D][bshdbus:090]: Missed ACK for dest 0x0f of preceding frame
[22:27:09.369][D][bshdbus:061]: Discarding 10 bytes of unparsed data after timeout of 32 ms: 0x0a041fe00105020b6f1a
[22:27:11.322][D][main:661]: Received frame dest 0x0f cmd 0xe000: 0x05
[22:27:11.330][D][bshdbus:090]: Missed ACK for dest 0x0f of preceding frame
[22:27:11.340][D][bshdbus:061]: Discarding 1 bytes of unparsed data after timeout of 21 ms: 0x0a
[22:27:11.349][D][main:661]: Received frame dest 0x1f cmd 0xe001: 0x0502
[22:27:13.324][D][main:661]: Received frame dest 0x0f cmd 0xe000: 0x05
[22:27:13.336][D][bshdbus:090]: Missed ACK for dest 0x0f of preceding frame
[22:27:13.362][D][bshdbus:061]: Discarding 1 bytes of unparsed data after timeout of 25 ms: 0x0a
[22:27:13.377][D][main:661]: Received frame dest 0x1f cmd 0xe001: 0x0502
[22:27:15.328][D][main:661]: Received frame dest 0x0f cmd 0xe000: 0x05
[22:27:15.336][D][bshdbus:090]: Missed ACK for dest 0x0f of preceding frame
[22:27:15.359][D][bshdbus:061]: Discarding 1 bytes of unparsed data after timeout of 29 ms: 0x0a
[22:27:15.374][D][main:661]: Received frame dest 0x1f cmd 0xe001: 0x0502
[22:27:17.342][D][main:661]: Received frame dest 0x0f cmd 0xe000: 0x05
[22:27:17.351][D][bshdbus:090]: Missed ACK for dest 0x0f of preceding frame
[22:27:17.381][D][bshdbus:061]: Discarding 10 bytes of unparsed data after timeout of 32 ms: 0x0a041fe00105020b6f1a
[22:27:19.131][S][sensor]: 'Uptime s' >> 3002 s
[22:27:19.342][D][main:661]: Received frame dest 0x0f cmd 0xe000: 0x05
[22:27:19.350][D][bshdbus:090]: Missed ACK for dest 0x0f of preceding frame
[22:27:19.404][D][bshdbus:061]: Discarding 10 bytes of unparsed data after timeout of 32 ms: 0x0a041fe00105020b6f1a
[22:27:19.415][S][sensor]: 'ESP Internal Temperature' >> 52.3 °C
[22:27:19.747][S][sensor]: 'WiFi RSSI' >> -78 dBm
[22:27:20.787][S][text_sensor]: 'Uptime' >> '00d 00h 50m 2s'
[22:27:21.343][D][main:661]: Received frame dest 0x0f cmd 0xe000: 0x05
[22:27:21.354][D][bshdbus:090]: Missed ACK for dest 0x0f of preceding frame
[22:27:21.366][D][bshdbus:061]: Discarding 1 bytes of unparsed data after timeout of 29 ms: 0x0a
[22:27:21.372][D][main:661]: Received frame dest 0x1f cmd 0xe001: 0x0502
[22:27:23.343][D][main:661]: Received frame dest 0x0f cmd 0xe000: 0x05
[22:27:23.354][D][bshdbus:090]: Missed ACK for dest 0x0f of preceding frame
[22:27:23.416][D][bshdbus:061]: Discarding 10 bytes of unparsed data after timeout of 32 ms: 0x0a041fe00105020b6f1a
[22:27:25.348][D][main:661]: Received frame dest 0x0f cmd 0xe000: 0x05
[22:27:25.355][D][bshdbus:090]: Missed ACK for dest 0x0f of preceding frame
[22:27:25.368][D][bshdbus:061]: Discarding 1 bytes of unparsed data after timeout of 23 ms: 0x0a
[22:27:25.374][D][main:661]: Received frame dest 0x1f cmd 0xe001: 0x0502
[22:27:27.350][D][main:661]: Received frame dest 0x0f cmd 0xe000: 0x05
[22:27:27.414][D][bshdbus:090]: Missed ACK for dest 0x0f of preceding frame
[22:27:27.491][D][bshdbus:061]: Discarding 10 bytes of unparsed data after timeout of 32 ms: 0x0a041fe00105020b6f1a
[22:27:29.358][D][main:661]: Received frame dest 0x0f cmd 0xe000: 0x05
[22:27:29.380][D][bshdbus:090]: Missed ACK for dest 0x0f of preceding frame
[22:27:29.406][D][bshdbus:061]: Discarding 10 bytes of unparsed data after timeout of 32 ms: 0x0a041fe00105020b6f1a
[22:27:31.371][D][main:661]: Received frame dest 0x0f cmd 0xe000: 0x05
[22:27:31.388][D][bshdbus:090]: Missed ACK for dest 0x0f of preceding frame
[22:27:31.397][D][bshdbus:061]: Discarding 1 bytes of unparsed data after timeout of 27 ms: 0x0a
[22:27:31.410][D][main:661]: Received frame dest 0x1f cmd 0xe001: 0x0502
[22:27:33.361][D][main:661]: Received frame dest 0x0f cmd 0xe000: 0x05
[22:27:33.369][D][bshdbus:090]: Missed ACK for dest 0x0f of preceding frame
[22:27:33.380][D][bshdbus:061]: Discarding 1 bytes of unparsed data after timeout of 21 ms: 0x0a
[22:27:33.392][D][main:661]: Received frame dest 0x1f cmd 0xe001: 0x0502
[22:27:35.364][D][main:661]: Received frame dest 0x0f cmd 0xe000: 0x05
[22:27:35.381][D][bshdbus:090]: Missed ACK for dest 0x0f of preceding frame
[22:27:35.419][D][bshdbus:061]: Discarding 10 bytes of unparsed data after timeout of 32 ms: 0x0a041fe00105020b6f1a
[22:27:37.368][D][main:661]: Received frame dest 0x0f cmd 0xe000: 0x05
[22:27:37.375][D][bshdbus:090]: Missed ACK for dest 0x0f of preceding frame
[22:27:37.389][D][bshdbus:061]: Discarding 1 bytes of unparsed data after timeout of 23 ms: 0x0a
[22:27:37.403][D][main:661]: Received frame dest 0x1f cmd 0xe001: 0x0502
[22:27:39.371][D][main:661]: Received frame dest 0x0f cmd 0xe000: 0x05
[22:27:39.383][D][bshdbus:090]: Missed ACK for dest 0x0f of preceding frame
[22:27:39.396][D][bshdbus:061]: Discarding 1 bytes of unparsed data after timeout of 25 ms: 0x0a
[22:27:39.405][D][main:661]: Received frame dest 0x1f cmd 0xe001: 0x0502
[22:27:41.376][D][main:661]: Received frame dest 0x0f cmd 0xe000: 0x05
[22:27:41.384][D][bshdbus:090]: Missed ACK for dest 0x0f of preceding frame
[22:27:41.424][D][bshdbus:061]: Discarding 10 bytes of unparsed data after timeout of 32 ms: 0x0a041fe00105020b6f1a
[22:27:43.384][D][main:661]: Received frame dest 0x0f cmd 0xe000: 0x05
[22:27:43.400][D][bshdbus:090]: Missed ACK for dest 0x0f of preceding frame
[22:27:43.407][D][bshdbus:061]: Discarding 1 bytes of unparsed data after timeout of 27 ms: 0x0a
[22:27:43.413][D][main:661]: Received frame dest 0x1f cmd 0xe001: 0x0502
[22:27:45.387][D][main:661]: Received frame dest 0x0f cmd 0xe000: 0x05
[22:27:45.401][D][bshdbus:090]: Missed ACK for dest 0x0f of preceding frame
[22:27:45.444][D][bshdbus:061]: Discarding 10 bytes of unparsed data after timeout of 32 ms: 0x0a041fe00105020b6f1a
[22:27:47.386][D][main:661]: Received frame dest 0x0f cmd 0xe000: 0x05
[22:27:47.401][D][bshdbus:090]: Missed ACK for dest 0x0f of preceding frame
[22:27:47.412][D][bshdbus:061]: Discarding 1 bytes of unparsed data after timeout of 26 ms: 0x0a
[22:27:47.420][D][main:661]: Received frame dest 0x1f cmd 0xe001: 0x0502
[22:27:49.412][D][main:661]: Received frame dest 0x0f cmd 0xe000: 0x05
[22:27:49.430][D][bshdbus:090]: Missed ACK for dest 0x0f of preceding frame
[22:27:49.437][D][bshdbus:061]: Discarding 1 bytes of unparsed data after timeout of 25 ms: 0x0a
[22:27:49.446][D][main:661]: Received frame dest 0x1f cmd 0xe001: 0x0502
[22:27:51.394][D][main:661]: Received frame dest 0x0f cmd 0xe000: 0x05
[22:27:51.405][D][bshdbus:090]: Missed ACK for dest 0x0f of preceding frame
[22:27:51.414][D][bshdbus:061]: Discarding 1 bytes of unparsed data after timeout of 22 ms: 0x0a
[22:27:51.423][D][main:661]: Received frame dest 0x1f cmd 0xe001: 0x0502
[22:27:53.413][D][main:661]: Received frame dest 0x0f cmd 0xe000: 0x05
[22:27:53.470][D][bshdbus:090]: Missed ACK for dest 0x0f of preceding frame
[22:27:53.484][D][bshdbus:061]: Discarding 1 bytes of unparsed data after timeout of 21 ms: 0x0a
[22:27:53.493][D][main:661]: Received frame dest 0x1f cmd 0xe001: 0x0502
[22:27:55.401][D][main:661]: Received frame dest 0x0f cmd 0xe000: 0x05
[22:27:55.409][D][bshdbus:090]: Missed ACK for dest 0x0f of preceding frame
[22:27:55.454][D][bshdbus:061]: Discarding 10 bytes of unparsed data after timeout of 32 ms: 0x0a041fe00105020b6f1a
[22:27:57.405][D][main:661]: Received frame dest 0x0f cmd 0xe000: 0x05
[22:27:57.420][D][bshdbus:090]: Missed ACK for dest 0x0f of preceding frame
[22:27:57.457][D][bshdbus:061]: Discarding 10 bytes of unparsed data after timeout of 32 ms: 0x0a041fe00105020b6f1a
[22:27:59.408][D][main:661]: Received frame dest 0x0f cmd 0xe000: 0x05
[22:27:59.419][D][bshdbus:090]: Missed ACK for dest 0x0f of preceding frame
[22:27:59.436][D][bshdbus:061]: Discarding 1 bytes of unparsed data after timeout of 25 ms: 0x0a
[22:27:59.446][D][main:661]: Received frame dest 0x1f cmd 0xe001: 0x0502
[22:28:01.412][D][main:661]: Received frame dest 0x0f cmd 0xe000: 0x05
[22:28:01.420][D][bshdbus:090]: Missed ACK for dest 0x0f of preceding frame
[22:28:01.439][D][bshdbus:061]: Discarding 1 bytes of unparsed data after timeout of 29 ms: 0x0a
[22:28:01.447][D][main:661]: Received frame dest 0x1f cmd 0xe001: 0x0502
[22:28:03.422][D][main:661]: Received frame dest 0x0f cmd 0xe000: 0x05
[22:28:03.432][D][bshdbus:090]: Missed ACK for dest 0x0f of preceding frame
[22:28:03.443][D][bshdbus:061]: Discarding 1 bytes of unparsed data after timeout of 24 ms: 0x0a
[22:28:03.450][D][main:661]: Received frame dest 0x1f cmd 0xe001: 0x0502
[22:28:05.419][D][main:661]: Received frame dest 0x0f cmd 0xe000: 0x05
[22:28:05.430][D][bshdbus:090]: Missed ACK for dest 0x0f of preceding frame
[22:28:05.443][D][bshdbus:061]: Discarding 1 bytes of unparsed data after timeout of 26 ms: 0x0a
[22:28:05.450][D][main:661]: Received frame dest 0x1f cmd 0xe001: 0x0502
[22:28:07.423][D][main:661]: Received frame dest 0x0f cmd 0xe000: 0x05
[22:28:07.431][D][bshdbus:090]: Missed ACK for dest 0x0f of preceding frame
[22:28:07.449][D][bshdbus:061]: Discarding 1 bytes of unparsed data after timeout of 27 ms: 0x0a
[22:28:07.460][D][main:661]: Received frame dest 0x1f cmd 0xe001: 0x0502
[22:28:09.427][D][main:661]: Received frame dest 0x0f cmd 0xe000: 0x05
[22:28:09.435][D][bshdbus:090]: Missed ACK for dest 0x0f of preceding frame
[22:28:09.448][D][bshdbus:061]: Discarding 1 bytes of unparsed data after timeout of 22 ms: 0x0a
[22:28:09.502][D][main:661]: Received frame dest 0x1f cmd 0xe001: 0x0502
[22:28:11.430][D][main:661]: Received frame dest 0x0f cmd 0xe000: 0x05
[22:28:11.444][D][bshdbus:090]: Missed ACK for dest 0x0f of preceding frame
[22:28:11.457][D][bshdbus:061]: Discarding 1 bytes of unparsed data after timeout of 24 ms: 0x0a
[22:28:11.463][D][main:661]: Received frame dest 0x1f cmd 0xe001: 0x0502
[22:28:13.434][D][main:661]: Received frame dest 0x0f cmd 0xe000: 0x05
[22:28:13.445][D][bshdbus:090]: Missed ACK for dest 0x0f of preceding frame
[22:28:13.462][D][bshdbus:061]: Discarding 1 bytes of unparsed data after timeout of 27 ms: 0x0a
[22:28:13.471][D][main:661]: Received frame dest 0x1f cmd 0xe001: 0x0502
[22:28:15.438][D][main:661]: Received frame dest 0x0f cmd 0xe000: 0x05
[22:28:15.446][D][bshdbus:090]: Missed ACK for dest 0x0f of preceding frame
[22:28:15.457][D][bshdbus:061]: Discarding 1 bytes of unparsed data after timeout of 21 ms: 0x0a
[22:28:15.464][D][main:661]: Received frame dest 0x1f cmd 0xe001: 0x0502
[22:28:17.456][D][main:661]: Received frame dest 0x0f cmd 0xe000: 0x05
[22:28:17.463][D][bshdbus:090]: Missed ACK for dest 0x0f of preceding frame
[22:28:17.469][D][bshdbus:061]: Discarding 1 bytes of unparsed data after timeout of 23 ms: 0x0a
[22:28:17.476][D][main:661]: Received frame dest 0x1f cmd 0xe001: 0x0502
[22:28:19.132][S][sensor]: 'Uptime s' >> 3062 s
[22:28:19.425][S][sensor]: 'ESP Internal Temperature' >> 52.3 °C
[22:28:19.443][D][main:661]: Received frame dest 0x0f cmd 0xe000: 0x05
[22:28:19.450][D][bshdbus:090]: Missed ACK for dest 0x0f of preceding frame
[22:28:19.473][D][bshdbus:061]: Discarding 1 bytes of unparsed data after timeout of 29 ms: 0x0a
[22:28:19.480][D][main:661]: Received frame dest 0x1f cmd 0xe001: 0x0502
[22:28:19.752][S][sensor]: 'WiFi RSSI' >> -76 dBm
[22:28:20.793][S][text_sensor]: 'Uptime' >> '00d 00h 51m 2s'
[22:28:21.448][D][main:661]: Received frame dest 0x0f cmd 0xe000: 0x05
[22:28:21.455][D][bshdbus:090]: Missed ACK for dest 0x0f of preceding frame
[22:28:21.499][D][bshdbus:061]: Discarding 10 bytes of unparsed data after timeout of 33 ms: 0x0a041fe00105020b6f1a
[22:28:23.452][D][main:661]: Received frame dest 0x0f cmd 0xe000: 0x05
[22:28:23.475][D][bshdbus:090]: Missed ACK for dest 0x0f of preceding frame
[22:28:23.504][D][bshdbus:061]: Discarding 1 bytes of unparsed data after timeout of 21 ms: 0x0a
[22:28:23.510][D][main:661]: Received frame dest 0x1f cmd 0xe001: 0x0502
[22:28:25.456][D][main:661]: Received frame dest 0x0f cmd 0xe000: 0x05
[22:28:25.465][D][bshdbus:090]: Missed ACK for dest 0x0f of preceding frame
[22:28:25.508][D][bshdbus:061]: Discarding 10 bytes of unparsed data after timeout of 32 ms: 0x0a041fe00105020b6f1a
[22:28:27.459][D][main:661]: Received frame dest 0x0f cmd 0xe000: 0x05
[22:28:27.480][D][bshdbus:090]: Missed ACK for dest 0x0f of preceding frame
[22:28:27.501][D][bshdbus:061]: Discarding 1 bytes of unparsed data after timeout of 27 ms: 0x0a
[22:28:27.512][D][main:661]: Received frame dest 0x1f cmd 0xe001: 0x0502
[22:28:29.482][D][main:661]: Received frame dest 0x0f cmd 0xe000: 0x05
[22:28:29.498][D][bshdbus:090]: Missed ACK for dest 0x0f of preceding frame
[22:28:29.512][D][bshdbus:061]: Discarding 1 bytes of unparsed data after timeout of 29 ms: 0x0a
[22:28:29.523][D][main:661]: Received frame dest 0x1f cmd 0xe001: 0x0502
[22:28:31.481][D][main:661]: Received frame dest 0x0f cmd 0xe000: 0x05
[22:28:31.493][D][bshdbus:090]: Missed ACK for dest 0x0f of preceding frame
[22:28:31.516][D][bshdbus:061]: Discarding 10 bytes of unparsed data after timeout of 32 ms: 0x0a041fe00105020b6f1a
[22:28:33.470][D][main:661]: Received frame dest 0x0f cmd 0xe000: 0x05
[22:28:33.482][D][bshdbus:090]: Missed ACK for dest 0x0f of preceding frame
[22:28:33.527][D][bshdbus:061]: Discarding 10 bytes of unparsed data after timeout of 32 ms: 0x0a041fe00105020b6f1a
[22:28:35.474][D][main:661]: Received frame dest 0x0f cmd 0xe000: 0x05
[22:28:35.482][D][bshdbus:090]: Missed ACK for dest 0x0f of preceding frame
[22:28:35.501][D][bshdbus:061]: Discarding 1 bytes of unparsed data after timeout of 28 ms: 0x0a
[22:28:35.512][D][main:661]: Received frame dest 0x1f cmd 0xe001: 0x0502
[22:28:37.477][D][main:661]: Received frame dest 0x0f cmd 0xe000: 0x05
[22:28:37.504][D][bshdbus:090]: Missed ACK for dest 0x0f of preceding frame
[22:28:37.523][D][bshdbus:061]: Discarding 1 bytes of unparsed data after timeout of 27 ms: 0x0a
[22:28:37.559][D][main:661]: Received frame dest 0x1f cmd 0xe001: 0x0502
[22:28:39.522][D][main:661]: Received frame dest 0x0f cmd 0xe000: 0x05
[22:28:39.557][D][bshdbus:090]: Missed ACK for dest 0x0f of preceding frame
[22:28:39.580][D][bshdbus:061]: Discarding 10 bytes of unparsed data after timeout of 32 ms: 0x0a041fe00105020b6f1a
[22:28:41.484][D][main:661]: Received frame dest 0x0f cmd 0xe000: 0x05
[22:28:41.493][D][bshdbus:090]: Missed ACK for dest 0x0f of preceding frame
[22:28:41.533][D][bshdbus:061]: Discarding 10 bytes of unparsed data after timeout of 32 ms: 0x0a041fe00105020b6f1a
[22:28:43.488][D][main:661]: Received frame dest 0x0f cmd 0xe000: 0x05
[22:28:43.517][D][bshdbus:090]: Missed ACK for dest 0x0f of preceding frame
[22:28:43.542][D][bshdbus:061]: Discarding 10 bytes of unparsed data after timeout of 32 ms: 0x0a041fe00105020b6f1a
[22:28:45.492][D][main:661]: Received frame dest 0x0f cmd 0xe000: 0x05
[22:28:45.503][D][bshdbus:090]: Missed ACK for dest 0x0f of preceding frame
[22:28:45.524][D][bshdbus:061]: Discarding 1 bytes of unparsed data after timeout of 30 ms: 0x0a
[22:28:45.530][D][main:661]: Received frame dest 0x1f cmd 0xe001: 0x0502
[22:28:47.497][D][main:661]: Received frame dest 0x0f cmd 0xe000: 0x05
[22:28:47.538][D][bshdbus:090]: Missed ACK for dest 0x0f of preceding frame
[22:28:47.619][D][bshdbus:061]: Discarding 1 bytes of unparsed data after timeout of 25 ms: 0x0a
[22:28:47.626][D][main:661]: Received frame dest 0x1f cmd 0xe001: 0x0502
[22:28:49.502][D][main:661]: Received frame dest 0x0f cmd 0xe000: 0x05
[22:28:49.509][D][bshdbus:090]: Missed ACK for dest 0x0f of preceding frame
[22:28:49.587][D][bshdbus:061]: Discarding 10 bytes of unparsed data after timeout of 32 ms: 0x0a041fe00105020b6f1a
[22:28:51.503][D][main:661]: Received frame dest 0x0f cmd 0xe000: 0x05
[22:28:51.511][D][bshdbus:090]: Missed ACK for dest 0x0f of preceding frame
[22:28:51.529][D][bshdbus:061]: Discarding 1 bytes of unparsed data after timeout of 28 ms: 0x0a
[22:28:51.540][D][main:661]: Received frame dest 0x1f cmd 0xe001: 0x0502
[22:28:53.507][D][main:661]: Received frame dest 0x0f cmd 0xe000: 0x05
[22:28:53.519][D][bshdbus:090]: Missed ACK for dest 0x0f of preceding frame
[22:28:53.556][D][bshdbus:061]: Discarding 10 bytes of unparsed data after timeout of 32 ms: 0x0a041fe00105020b6f1a
[22:28:55.511][D][main:661]: Received frame dest 0x0f cmd 0xe000: 0x05
[22:28:55.533][D][bshdbus:090]: Missed ACK for dest 0x0f of preceding frame
[22:28:55.573][D][bshdbus:061]: Discarding 10 bytes of unparsed data after timeout of 32 ms: 0x0a041fe00105020b6f1a
[22:28:57.513][D][main:661]: Received frame dest 0x0f cmd 0xe000: 0x05
[22:28:57.521][D][bshdbus:090]: Missed ACK for dest 0x0f of preceding frame
[22:28:57.564][D][bshdbus:061]: Discarding 10 bytes of unparsed data after timeout of 32 ms: 0x0a041fe00105020b6f1a
[22:28:59.517][D][main:661]: Received frame dest 0x0f cmd 0xe000: 0x05
[22:28:59.527][D][bshdbus:090]: Missed ACK for dest 0x0f of preceding frame
[22:28:59.545][D][bshdbus:061]: Discarding 1 bytes of unparsed data after timeout of 25 ms: 0x0a
[22:28:59.562][D][main:661]: Received frame dest 0x1f cmd 0xe001: 0x0502
[22:29:01.522][D][main:661]: Received frame dest 0x0f cmd 0xe000: 0x05
[22:29:01.537][D][bshdbus:090]: Missed ACK for dest 0x0f of preceding frame
[22:29:01.547][D][bshdbus:061]: Discarding 1 bytes of unparsed data after timeout of 27 ms: 0x0a
[22:29:01.563][D][main:661]: Received frame dest 0x1f cmd 0xe001: 0x0502
[22:29:03.531][D][main:661]: Received frame dest 0x0f cmd 0xe000: 0x05
[22:29:03.543][D][bshdbus:090]: Missed ACK for dest 0x0f of preceding frame
[22:29:03.576][D][bshdbus:061]: Discarding 10 bytes of unparsed data after timeout of 32 ms: 0x0a041fe00105020b6f1a
[22:29:05.528][D][main:661]: Received frame dest 0x0f cmd 0xe000: 0x05
[22:29:05.536][D][bshdbus:090]: Missed ACK for dest 0x0f of preceding frame
[22:29:05.599][D][bshdbus:061]: Discarding 1 bytes of unparsed data after timeout of 23 ms: 0x0a
[22:29:05.686][D][main:661]: Received frame dest 0x1f cmd 0xe001: 0x0502
[22:29:07.544][D][main:661]: Received frame dest 0x0f cmd 0xe000: 0x05
[22:29:07.551][D][bshdbus:090]: Missed ACK for dest 0x0f of preceding frame
[22:29:07.562][D][bshdbus:061]: Discarding 1 bytes of unparsed data after timeout of 22 ms: 0x0a
[22:29:07.570][D][main:661]: Received frame dest 0x1f cmd 0xe001: 0x0502
[22:29:09.535][D][main:661]: Received frame dest 0x0f cmd 0xe000: 0x05
[22:29:09.544][D][bshdbus:090]: Missed ACK for dest 0x0f of preceding frame
[22:29:09.578][D][bshdbus:061]: Discarding 1 bytes of unparsed data after timeout of 28 ms: 0x0a
[22:29:09.586][D][main:661]: Received frame dest 0x1f cmd 0xe001: 0x0502
[22:29:11.539][D][main:661]: Received frame dest 0x0f cmd 0xe000: 0x05
[22:29:11.546][D][bshdbus:090]: Missed ACK for dest 0x0f of preceding frame
[22:29:11.565][D][bshdbus:061]: Discarding 1 bytes of unparsed data after timeout of 27 ms: 0x0a
[22:29:11.572][D][main:661]: Received frame dest 0x1f cmd 0xe001: 0x0502
[22:29:13.545][D][main:661]: Received frame dest 0x0f cmd 0xe000: 0x05
[22:29:13.561][D][bshdbus:090]: Missed ACK for dest 0x0f of preceding frame
[22:29:13.567][D][bshdbus:061]: Discarding 1 bytes of unparsed data after timeout of 24 ms: 0x0a
[22:29:13.573][D][main:661]: Received frame dest 0x1f cmd 0xe001: 0x0502
[22:29:15.559][D][main:661]: Received frame dest 0x0f cmd 0xe000: 0x05
[22:29:15.566][D][bshdbus:090]: Missed ACK for dest 0x0f of preceding frame
[22:29:15.571][D][bshdbus:061]: Discarding 1 bytes of unparsed data after timeout of 21 ms: 0x0a
[22:29:15.577][D][main:661]: Received frame dest 0x1f cmd 0xe001: 0x0502
[22:29:17.561][D][main:661]: Received frame dest 0x0f cmd 0xe000: 0x05
[22:29:17.571][D][bshdbus:090]: Missed ACK for dest 0x0f of preceding frame
[22:29:17.579][D][bshdbus:061]: Discarding 1 bytes of unparsed data after timeout of 23 ms: 0x0a
[22:29:17.586][D][main:661]: Received frame dest 0x1f cmd 0xe001: 0x0502
[22:29:19.178][S][sensor]: 'Uptime s' >> 3122 s
[22:29:19.406][S][sensor]: 'ESP Internal Temperature' >> 52.3 °C
[22:29:19.554][D][main:661]: Received frame dest 0x0f cmd 0xe000: 0x05
[22:29:19.561][D][bshdbus:090]: Missed ACK for dest 0x0f of preceding frame
[22:29:19.608][D][bshdbus:061]: Discarding 10 bytes of unparsed data after timeout of 32 ms: 0x0a041fe00105020b6f1a
[22:29:19.751][S][sensor]: 'WiFi RSSI' >> -78 dBm
[22:29:20.793][S][text_sensor]: 'Uptime' >> '00d 00h 52m 2s'
[22:29:21.561][D][main:661]: Received frame dest 0x0f cmd 0xe000: 0x05
[22:29:21.579][D][bshdbus:090]: Missed ACK for dest 0x0f of preceding frame
[22:29:21.607][D][bshdbus:061]: Discarding 10 bytes of unparsed data after timeout of 32 ms: 0x0a041fe00105020b6f1a
[22:29:23.564][D][main:661]: Received frame dest 0x0f cmd 0xe000: 0x05
[22:29:23.591][D][bshdbus:090]: Missed ACK for dest 0x0f of preceding frame
[22:29:23.682][D][bshdbus:061]: Discarding 10 bytes of unparsed data after timeout of 32 ms: 0x0a041fe00105020b6f1a
[22:29:25.590][D][main:661]: Received frame dest 0x0f cmd 0xe000: 0x05
[22:29:25.596][D][bshdbus:090]: Missed ACK for dest 0x0f of preceding frame
[22:29:25.601][D][bshdbus:061]: Discarding 1 bytes of unparsed data after timeout of 29 ms: 0x0a
[22:29:25.606][D][main:661]: Received frame dest 0x1f cmd 0xe001: 0x0502
[22:29:27.569][D][main:661]: Received frame dest 0x0f cmd 0xe000: 0x05
[22:29:27.599][D][bshdbus:090]: Missed ACK for dest 0x0f of preceding frame
[22:29:27.621][D][bshdbus:061]: Discarding 10 bytes of unparsed data after timeout of 32 ms: 0x0a041fe00105020b6f1a
[22:29:29.626][D][main:661]: Received frame dest 0x0f cmd 0xe000: 0x05
[22:29:29.643][D][bshdbus:090]: Missed ACK for dest 0x0f of preceding frame
[22:29:29.650][D][bshdbus:061]: Discarding 1 bytes of unparsed data after timeout of 26 ms: 0x0a
[22:29:29.656][D][main:661]: Received frame dest 0x1f cmd 0xe001: 0x0502
[22:29:31.578][D][main:661]: Received frame dest 0x0f cmd 0xe000: 0x05
[22:29:31.597][D][bshdbus:090]: Missed ACK for dest 0x0f of preceding frame
[22:29:31.629][D][bshdbus:061]: Discarding 10 bytes of unparsed data after timeout of 33 ms: 0x0a041fe00105020b6f1a
[22:29:33.580][D][main:661]: Received frame dest 0x0f cmd 0xe000: 0x05
[22:29:33.587][D][bshdbus:090]: Missed ACK for dest 0x0f of preceding frame
[22:29:33.637][D][bshdbus:061]: Discarding 10 bytes of unparsed data after timeout of 32 ms: 0x0a041fe00105020b6f1a
[22:29:35.624][D][main:661]: Received frame dest 0x0f cmd 0xe000: 0x05
[22:29:35.633][D][bshdbus:090]: Missed ACK for dest 0x0f of preceding frame
[22:29:35.639][D][bshdbus:061]: Discarding 1 bytes of unparsed data after timeout of 28 ms: 0x0a
[22:29:35.646][D][main:661]: Received frame dest 0x1f cmd 0xe001: 0x0502
[22:29:37.587][D][main:661]: Received frame dest 0x0f cmd 0xe000: 0x05
[22:29:37.595][D][bshdbus:090]: Missed ACK for dest 0x0f of preceding frame
[22:29:37.609][D][bshdbus:061]: Discarding 1 bytes of unparsed data after timeout of 23 ms: 0x0a
[22:29:37.622][D][main:661]: Received frame dest 0x1f cmd 0xe001: 0x0502
[22:29:39.593][D][main:661]: Received frame dest 0x0f cmd 0xe000: 0x05
[22:29:39.608][D][bshdbus:090]: Missed ACK for dest 0x0f of preceding frame
[22:29:39.639][D][bshdbus:061]: Discarding 10 bytes of unparsed data after timeout of 32 ms: 0x0a041fe00105020b6f1a
[22:29:41.595][D][main:661]: Received frame dest 0x0f cmd 0xe000: 0x05
[22:29:41.602][D][bshdbus:090]: Missed ACK for dest 0x0f of preceding frame
[22:29:41.648][D][bshdbus:061]: Discarding 10 bytes of unparsed data after timeout of 32 ms: 0x0a041fe00105020b6f1a
[22:29:43.599][D][main:661]: Received frame dest 0x0f cmd 0xe000: 0x05
[22:29:43.608][D][bshdbus:090]: Missed ACK for dest 0x0f of preceding frame
[22:29:43.618][D][bshdbus:061]: Discarding 1 bytes of unparsed data after timeout of 21 ms: 0x0a
[22:29:43.626][D][main:661]: Received frame dest 0x1f cmd 0xe001: 0x0502
[22:29:45.603][D][main:661]: Received frame dest 0x0f cmd 0xe000: 0x05
[22:29:45.629][D][bshdbus:090]: Missed ACK for dest 0x0f of preceding frame
[22:29:45.657][D][bshdbus:061]: Discarding 10 bytes of unparsed data after timeout of 32 ms: 0x0a041fe00105020b6f1a
[22:29:47.607][D][main:661]: Received frame dest 0x0f cmd 0xe000: 0x05
[22:29:47.615][D][bshdbus:090]: Missed ACK for dest 0x0f of preceding frame
[22:29:47.635][D][bshdbus:061]: Discarding 1 bytes of unparsed data after timeout of 28 ms: 0x0a
[22:29:47.642][D][main:661]: Received frame dest 0x1f cmd 0xe001: 0x0502
[22:29:49.621][D][main:661]: Received frame dest 0x0f cmd 0xe000: 0x05
[22:29:49.629][D][bshdbus:090]: Missed ACK for dest 0x0f of preceding frame
[22:29:49.635][D][bshdbus:061]: Discarding 1 bytes of unparsed data after timeout of 26 ms: 0x0a
[22:29:49.642][D][main:661]: Received frame dest 0x1f cmd 0xe001: 0x0502
[22:29:51.613][D][main:661]: Received frame dest 0x0f cmd 0xe000: 0x05
[22:29:51.620][D][bshdbus:090]: Missed ACK for dest 0x0f of preceding frame
[22:29:51.678][D][bshdbus:061]: Discarding 10 bytes of unparsed data after timeout of 32 ms: 0x0a041fe00105020b6f1a
[22:29:53.621][D][main:661]: Received frame dest 0x0f cmd 0xe000: 0x05
[22:29:53.630][D][bshdbus:090]: Missed ACK for dest 0x0f of preceding frame
[22:29:53.643][D][bshdbus:061]: Discarding 1 bytes of unparsed data after timeout of 27 ms: 0x0a
[22:29:53.652][D][main:661]: Received frame dest 0x1f cmd 0xe001: 0x0502
[22:29:55.620][D][main:661]: Received frame dest 0x0f cmd 0xe000: 0x05
[22:29:55.628][D][bshdbus:090]: Missed ACK for dest 0x0f of preceding frame
[22:29:55.674][D][bshdbus:061]: Discarding 10 bytes of unparsed data after timeout of 32 ms: 0x0a041fe00105020b6f1a
[22:29:57.624][D][main:661]: Received frame dest 0x0f cmd 0xe000: 0x05
[22:29:57.632][D][bshdbus:090]: Missed ACK for dest 0x0f of preceding frame
[22:29:57.676][D][bshdbus:061]: Discarding 10 bytes of unparsed data after timeout of 32 ms: 0x0a041fe00105020b6f1a
[22:29:59.627][D][main:661]: Received frame dest 0x0f cmd 0xe000: 0x05
[22:29:59.639][D][bshdbus:090]: Missed ACK for dest 0x0f of preceding frame
[22:29:59.653][D][bshdbus:061]: Discarding 1 bytes of unparsed data after timeout of 27 ms: 0x0a
[22:29:59.661][D][main:661]: Received frame dest 0x1f cmd 0xe001: 0x0502
[22:30:01.631][D][main:661]: Received frame dest 0x0f cmd 0xe000: 0x05
[22:30:01.639][D][bshdbus:090]: Missed ACK for dest 0x0f of preceding frame
[22:30:01.677][D][bshdbus:061]: Discarding 10 bytes of unparsed data after timeout of 32 ms: 0x0a041fe00105020b6f1a
[22:30:03.643][D][main:661]: Received frame dest 0x0f cmd 0xe000: 0x05
[22:30:03.650][D][bshdbus:090]: Missed ACK for dest 0x0f of preceding frame
[22:30:03.659][D][bshdbus:061]: Discarding 1 bytes of unparsed data after timeout of 24 ms: 0x0a
[22:30:03.671][D][main:661]: Received frame dest 0x1f cmd 0xe001: 0x0502
[22:30:05.639][D][main:661]: Received frame dest 0x0f cmd 0xe000: 0x05
[22:30:05.648][D][bshdbus:090]: Missed ACK for dest 0x0f of preceding frame
[22:30:05.706][D][bshdbus:061]: Discarding 10 bytes of unparsed data after timeout of 33 ms: 0x0a041fe00105020b6f1a
[22:30:07.644][D][main:661]: Received frame dest 0x0f cmd 0xe000: 0x05
[22:30:07.665][D][bshdbus:090]: Missed ACK for dest 0x0f of preceding frame
[22:30:07.689][D][bshdbus:061]: Discarding 1 bytes of unparsed data after timeout of 26 ms: 0x0a
[22:30:07.696][D][main:661]: Received frame dest 0x1f cmd 0xe001: 0x0502
[22:30:09.645][D][main:661]: Received frame dest 0x0f cmd 0xe000: 0x05
[22:30:09.654][D][bshdbus:090]: Missed ACK for dest 0x0f of preceding frame
[22:30:09.685][D][bshdbus:061]: Discarding 1 bytes of unparsed data after timeout of 28 ms: 0x0a
[22:30:09.711][D][main:661]: Received frame dest 0x1f cmd 0xe001: 0x0502
[22:30:11.651][D][main:661]: Received frame dest 0x0f cmd 0xe000: 0x05
[22:30:11.660][D][bshdbus:090]: Missed ACK for dest 0x0f of preceding frame
[22:30:11.696][D][bshdbus:061]: Discarding 10 bytes of unparsed data after timeout of 32 ms: 0x0a041fe00105020b6f1a
[22:30:13.653][D][main:661]: Received frame dest 0x0f cmd 0xe000: 0x05
[22:30:13.660][D][bshdbus:090]: Missed ACK for dest 0x0f of preceding frame
[22:30:13.706][D][bshdbus:061]: Discarding 10 bytes of unparsed data after timeout of 32 ms: 0x0a041fe00105020b6f1a
[22:30:15.656][D][main:661]: Received frame dest 0x0f cmd 0xe000: 0x05
[22:30:15.663][D][bshdbus:090]: Missed ACK for dest 0x0f of preceding frame
[22:30:15.706][D][bshdbus:061]: Discarding 10 bytes of unparsed data after timeout of 32 ms: 0x0a041fe00105020b6f1a
[22:30:17.671][D][main:661]: Received frame dest 0x0f cmd 0xe000: 0x05
[22:30:17.681][D][bshdbus:090]: Missed ACK for dest 0x0f of preceding frame
[22:30:17.708][D][bshdbus:061]: Discarding 10 bytes of unparsed data after timeout of 33 ms: 0x0a041fe00105020b6f1a
[22:30:19.134][S][sensor]: 'Uptime s' >> 3182 s
[22:30:19.437][S][sensor]: 'ESP Internal Temperature' >> 52.3 °C
[22:30:19.663][D][main:661]: Received frame dest 0x0f cmd 0xe000: 0x05
[22:30:19.676][D][bshdbus:090]: Missed ACK for dest 0x0f of preceding frame
[22:30:19.689][D][bshdbus:061]: Discarding 1 bytes of unparsed data after timeout of 28 ms: 0x0a
[22:30:19.695][D][main:661]: Received frame dest 0x1f cmd 0xe001: 0x0502
[22:30:19.744][S][sensor]: 'WiFi RSSI' >> -75 dBm
[22:30:20.787][S][text_sensor]: 'Uptime' >> '00d 00h 53m 2s'
[22:30:21.667][D][main:661]: Received frame dest 0x0f cmd 0xe000: 0x05
[22:30:21.674][D][bshdbus:090]: Missed ACK for dest 0x0f of preceding frame
[22:30:21.694][D][bshdbus:061]: Discarding 1 bytes of unparsed data after timeout of 27 ms: 0x0a
[22:30:21.701][D][main:661]: Received frame dest 0x1f cmd 0xe001: 0x0502
[22:30:23.674][D][main:661]: Received frame dest 0x0f cmd 0xe000: 0x05
[22:30:23.681][D][bshdbus:090]: Missed ACK for dest 0x0f of preceding frame
[22:30:23.726][D][bshdbus:061]: Discarding 10 bytes of unparsed data after timeout of 32 ms: 0x0a041fe00105020b6f1a
[22:30:25.682][D][main:661]: Received frame dest 0x0f cmd 0xe000: 0x05
[22:30:25.693][D][bshdbus:090]: Missed ACK for dest 0x0f of preceding frame
[22:30:25.721][D][bshdbus:061]: Discarding 10 bytes of unparsed data after timeout of 32 ms: 0x0a041fe00105020b6f1a
[22:30:27.680][D][main:661]: Received frame dest 0x0f cmd 0xe000: 0x05
[22:30:27.704][D][bshdbus:090]: Missed ACK for dest 0x0f of preceding frame
[22:30:27.737][D][bshdbus:061]: Discarding 10 bytes of unparsed data after timeout of 32 ms: 0x0a041fe00105020b6f1a
[22:30:29.682][D][main:661]: Received frame dest 0x0f cmd 0xe000: 0x05
[22:30:29.694][D][bshdbus:090]: Missed ACK for dest 0x0f of preceding frame
[22:30:29.709][D][bshdbus:061]: Discarding 1 bytes of unparsed data after timeout of 23 ms: 0x0a
[22:30:29.721][D][main:661]: Received frame dest 0x1f cmd 0xe001: 0x0502
[22:30:31.704][D][main:661]: Received frame dest 0x0f cmd 0xe000: 0x05
[22:30:31.721][D][bshdbus:090]: Missed ACK for dest 0x0f of preceding frame
[22:30:31.737][D][bshdbus:061]: Discarding 10 bytes of unparsed data after timeout of 32 ms: 0x0a041fe00105020b6f1a
[22:30:33.689][D][main:661]: Received frame dest 0x0f cmd 0xe000: 0x05
[22:30:33.703][D][bshdbus:090]: Missed ACK for dest 0x0f of preceding frame
[22:30:33.757][D][bshdbus:061]: Discarding 10 bytes of unparsed data after timeout of 32 ms: 0x0a041fe00105020b6f1a
[22:30:35.696][D][main:661]: Received frame dest 0x0f cmd 0xe000: 0x05
[22:30:35.709][D][bshdbus:090]: Missed ACK for dest 0x0f of preceding frame
[22:30:35.720][D][bshdbus:061]: Discarding 1 bytes of unparsed data after timeout of 27 ms: 0x0a
[22:30:35.729][D][main:661]: Received frame dest 0x1f cmd 0xe001: 0x0502
[22:30:37.696][D][main:661]: Received frame dest 0x0f cmd 0xe000: 0x05
[22:30:37.715][D][bshdbus:090]: Missed ACK for dest 0x0f of preceding frame
[22:30:37.759][D][bshdbus:061]: Discarding 10 bytes of unparsed data after timeout of 32 ms: 0x0a041fe00105020b6f1a
[22:30:39.699][D][main:661]: Received frame dest 0x0f cmd 0xe000: 0x05
[22:30:39.710][D][bshdbus:090]: Missed ACK for dest 0x0f of preceding frame
[22:30:39.722][D][bshdbus:061]: Discarding 1 bytes of unparsed data after timeout of 22 ms: 0x0a
[22:30:39.752][D][main:661]: Received frame dest 0x1f cmd 0xe001: 0x0502
[22:30:41.704][D][main:661]: Received frame dest 0x0f cmd 0xe000: 0x05
[22:30:41.717][D][bshdbus:090]: Missed ACK for dest 0x0f of preceding frame
[22:30:41.742][D][bshdbus:061]: Discarding 1 bytes of unparsed data after timeout of 25 ms: 0x0a
[22:30:41.761][D][main:661]: Received frame dest 0x1f cmd 0xe001: 0x0502
[22:30:43.707][D][main:661]: Received frame dest 0x0f cmd 0xe000: 0x05
[22:30:43.716][D][bshdbus:090]: Missed ACK for dest 0x0f of preceding frame
[22:30:43.759][D][bshdbus:061]: Discarding 10 bytes of unparsed data after timeout of 32 ms: 0x0a041fe00105020b6f1a
[22:30:45.711][D][main:661]: Received frame dest 0x0f cmd 0xe000: 0x05
[22:30:45.731][D][bshdbus:090]: Missed ACK for dest 0x0f of preceding frame
[22:30:45.757][D][bshdbus:061]: Discarding 10 bytes of unparsed data after timeout of 32 ms: 0x0a041fe00105020b6f1a
[22:30:47.715][D][main:661]: Received frame dest 0x0f cmd 0xe000: 0x05
[22:30:47.723][D][bshdbus:090]: Missed ACK for dest 0x0f of preceding frame
[22:30:47.741][D][bshdbus:061]: Discarding 1 bytes of unparsed data after timeout of 28 ms: 0x0a
[22:30:47.753][D][main:661]: Received frame dest 0x1f cmd 0xe001: 0x0502
[22:30:49.731][D][main:661]: Received frame dest 0x0f cmd 0xe000: 0x05
[22:30:49.738][D][bshdbus:090]: Missed ACK for dest 0x0f of preceding frame
[22:30:49.772][D][bshdbus:061]: Discarding 10 bytes of unparsed data after timeout of 32 ms: 0x0a041fe00105020b6f1a
[22:30:51.722][D][main:661]: Received frame dest 0x0f cmd 0xe000: 0x05
[22:30:51.733][D][bshdbus:090]: Missed ACK for dest 0x0f of preceding frame
[22:30:51.776][D][bshdbus:061]: Discarding 10 bytes of unparsed data after timeout of 32 ms: 0x0a041fe00105020b6f1a
[22:30:53.726][D][main:661]: Received frame dest 0x0f cmd 0xe000: 0x05
[22:30:53.738][D][bshdbus:090]: Missed ACK for dest 0x0f of preceding frame
[22:30:53.781][D][bshdbus:061]: Discarding 10 bytes of unparsed data after timeout of 32 ms: 0x0a041fe00105020b6f1a
[22:30:55.730][D][main:661]: Received frame dest 0x0f cmd 0xe000: 0x05
[22:30:55.742][D][bshdbus:090]: Missed ACK for dest 0x0f of preceding frame
[22:30:55.786][D][bshdbus:061]: Discarding 10 bytes of unparsed data after timeout of 32 ms: 0x0a041fe00105020b6f1a
[22:30:57.733][D][main:661]: Received frame dest 0x0f cmd 0xe000: 0x05
[22:30:57.742][D][bshdbus:090]: Missed ACK for dest 0x0f of preceding frame
[22:30:57.785][D][bshdbus:061]: Discarding 10 bytes of unparsed data after timeout of 32 ms: 0x0a041fe00105020b6f1a
[22:30:59.737][D][main:661]: Received frame dest 0x0f cmd 0xe000: 0x05
[22:30:59.752][D][bshdbus:090]: Missed ACK for dest 0x0f of preceding frame
[22:30:59.788][D][bshdbus:061]: Discarding 10 bytes of unparsed data after timeout of 33 ms: 0x0a041fe00105020b6f1a
[22:31:01.741][D][main:661]: Received frame dest 0x0f cmd 0xe000: 0x05
[22:31:01.748][D][bshdbus:090]: Missed ACK for dest 0x0f of preceding frame
[22:31:01.765][D][bshdbus:061]: Discarding 1 bytes of unparsed data after timeout of 26 ms: 0x0a
[22:31:01.773][D][main:661]: Received frame dest 0x1f cmd 0xe001: 0x0502
[22:31:03.752][D][main:661]: Received frame dest 0x0f cmd 0xe000: 0x05
[22:31:03.767][D][bshdbus:090]: Missed ACK for dest 0x0f of preceding frame
[22:31:03.776][D][bshdbus:061]: Discarding 1 bytes of unparsed data after timeout of 26 ms: 0x0a
[22:31:03.786][D][main:661]: Received frame dest 0x1f cmd 0xe001: 0x0502
[22:31:05.778][D][main:661]: Received frame dest 0x0f cmd 0xe000: 0x05
[22:31:05.788][D][bshdbus:090]: Missed ACK for dest 0x0f of preceding frame
[22:31:05.794][D][bshdbus:061]: Discarding 1 bytes of unparsed data after timeout of 23 ms: 0x0a
[22:31:05.799][D][main:661]: Received frame dest 0x1f cmd 0xe001: 0x0502
[22:31:07.752][D][main:661]: Received frame dest 0x0f cmd 0xe000: 0x05
[22:31:07.771][D][bshdbus:090]: Missed ACK for dest 0x0f of preceding frame
[22:31:07.785][D][bshdbus:061]: Discarding 1 bytes of unparsed data after timeout of 29 ms: 0x0a
[22:31:07.792][D][main:661]: Received frame dest 0x1f cmd 0xe001: 0x0502
[22:31:09.755][D][main:661]: Received frame dest 0x0f cmd 0xe000: 0x05
[22:31:09.775][D][bshdbus:090]: Missed ACK for dest 0x0f of preceding frame
[22:31:09.812][D][bshdbus:061]: Discarding 10 bytes of unparsed data after timeout of 32 ms: 0x0a041fe00105020b6f1a
[22:31:11.759][D][main:661]: Received frame dest 0x0f cmd 0xe000: 0x05
[22:31:11.767][D][bshdbus:090]: Missed ACK for dest 0x0f of preceding frame
[22:31:11.780][D][bshdbus:061]: Discarding 1 bytes of unparsed data after timeout of 22 ms: 0x0a
[22:31:11.786][D][main:661]: Received frame dest 0x1f cmd 0xe001: 0x0502
[22:31:13.762][D][main:661]: Received frame dest 0x0f cmd 0xe000: 0x05
[22:31:13.770][D][bshdbus:090]: Missed ACK for dest 0x0f of preceding frame
[22:31:13.794][D][bshdbus:061]: Discarding 1 bytes of unparsed data after timeout of 25 ms: 0x0a
[22:31:13.802][D][main:661]: Received frame dest 0x1f cmd 0xe001: 0x0502
[22:31:15.768][D][main:661]: Received frame dest 0x0f cmd 0xe000: 0x05
[22:31:15.775][D][bshdbus:090]: Missed ACK for dest 0x0f of preceding frame
[22:31:15.789][D][bshdbus:061]: Discarding 1 bytes of unparsed data after timeout of 23 ms: 0x0a
[22:31:15.795][D][main:661]: Received frame dest 0x1f cmd 0xe001: 0x0502
[22:31:17.789][D][main:661]: Received frame dest 0x0f cmd 0xe000: 0x05
[22:31:17.795][D][bshdbus:090]: Missed ACK for dest 0x0f of preceding frame
[22:31:17.826][D][bshdbus:061]: Discarding 10 bytes of unparsed data after timeout of 32 ms: 0x0a041fe00105020b6f1a
[22:31:19.199][S][sensor]: 'Uptime s' >> 3242 s
[22:31:19.429][S][sensor]: 'ESP Internal Temperature' >> 51.3 °C
[22:31:19.749][S][sensor]: 'WiFi RSSI' >> -75 dBm
[22:31:19.774][D][main:661]: Received frame dest 0x0f cmd 0xe000: 0x05
[22:31:19.803][D][bshdbus:090]: Missed ACK for dest 0x0f of preceding frame
[22:31:19.809][D][bshdbus:061]: Discarding 1 bytes of unparsed data after timeout of 22 ms: 0x0a
[22:31:19.817][D][main:661]: Received frame dest 0x1f cmd 0xe001: 0x0502
[22:31:20.790][S][text_sensor]: 'Uptime' >> '00d 00h 54m 2s'
[22:31:21.779][D][main:661]: Received frame dest 0x0f cmd 0xe000: 0x05
[22:31:21.786][D][bshdbus:090]: Missed ACK for dest 0x0f of preceding frame
[22:31:21.832][D][bshdbus:061]: Discarding 10 bytes of unparsed data after timeout of 32 ms: 0x0a041fe00105020b6f1a
[22:31:23.781][D][main:661]: Received frame dest 0x0f cmd 0xe000: 0x05
[22:31:23.788][D][bshdbus:090]: Missed ACK for dest 0x0f of preceding frame
[22:31:23.811][D][bshdbus:061]: Discarding 1 bytes of unparsed data after timeout of 29 ms: 0x0a
[22:31:23.826][D][main:661]: Received frame dest 0x1f cmd 0xe001: 0x0502
[22:31:25.785][D][main:661]: Received frame dest 0x0f cmd 0xe000: 0x05
[22:31:25.792][D][bshdbus:090]: Missed ACK for dest 0x0f of preceding frame
[22:31:25.832][D][bshdbus:061]: Discarding 10 bytes of unparsed data after timeout of 32 ms: 0x0a041fe00105020b6f1a
[22:31:27.788][D][main:661]: Received frame dest 0x0f cmd 0xe000: 0x05
[22:31:27.796][D][bshdbus:090]: Missed ACK for dest 0x0f of preceding frame
[22:31:27.821][D][bshdbus:061]: Discarding 1 bytes of unparsed data after timeout of 27 ms: 0x0a
[22:31:27.830][D][main:661]: Received frame dest 0x1f cmd 0xe001: 0x0502
[22:31:29.793][D][main:661]: Received frame dest 0x0f cmd 0xe000: 0x05
[22:31:29.807][D][bshdbus:090]: Missed ACK for dest 0x0f of preceding frame
[22:31:29.841][D][bshdbus:061]: Discarding 10 bytes of unparsed data after timeout of 32 ms: 0x0a041fe00105020b6f1a
[22:31:31.795][D][main:661]: Received frame dest 0x0f cmd 0xe000: 0x05
[22:31:31.811][D][bshdbus:090]: Missed ACK for dest 0x0f of preceding frame
[22:31:31.829][D][bshdbus:061]: Discarding 1 bytes of unparsed data after timeout of 22 ms: 0x0a
[22:31:31.841][D][main:661]: Received frame dest 0x1f cmd 0xe001: 0x0502
[22:31:33.827][D][main:661]: Received frame dest 0x0f cmd 0xe000: 0x05
[22:31:33.834][D][bshdbus:090]: Missed ACK for dest 0x0f of preceding frame
[22:31:33.859][D][bshdbus:061]: Discarding 10 bytes of unparsed data after timeout of 32 ms: 0x0a041fe00105020b6f1a
[22:31:35.819][D][main:661]: Received frame dest 0x0f cmd 0xe000: 0x05
[22:31:35.840][D][bshdbus:090]: Missed ACK for dest 0x0f of preceding frame
[22:31:35.847][D][bshdbus:061]: Discarding 1 bytes of unparsed data after timeout of 24 ms: 0x0a
[22:31:36.013][D][main:661]: Received frame dest 0x1f cmd 0xe001: 0x0502
[22:31:37.807][D][main:661]: Received frame dest 0x0f cmd 0xe000: 0x05
[22:31:37.817][D][bshdbus:090]: Missed ACK for dest 0x0f of preceding frame
[22:31:37.833][D][bshdbus:061]: Discarding 1 bytes of unparsed data after timeout of 27 ms: 0x0a
[22:31:37.873][D][main:661]: Received frame dest 0x1f cmd 0xe001: 0x0502
[22:31:39.810][D][main:661]: Received frame dest 0x0f cmd 0xe000: 0x05
[22:31:39.819][D][bshdbus:090]: Missed ACK for dest 0x0f of preceding frame
[22:31:39.832][D][bshdbus:061]: Discarding 1 bytes of unparsed data after timeout of 23 ms: 0x0a
[22:31:39.839][D][main:661]: Received frame dest 0x1f cmd 0xe001: 0x0502
[22:31:41.814][D][main:661]: Received frame dest 0x0f cmd 0xe000: 0x05
[22:31:41.828][D][bshdbus:090]: Missed ACK for dest 0x0f of preceding frame
[22:31:41.867][D][bshdbus:061]: Discarding 10 bytes of unparsed data after timeout of 32 ms: 0x0a041fe00105020b6f1a
[22:31:43.816][D][main:661]: Received frame dest 0x0f cmd 0xe000: 0x05
[22:31:43.824][D][bshdbus:090]: Missed ACK for dest 0x0f of preceding frame
[22:31:43.872][D][bshdbus:061]: Discarding 10 bytes of unparsed data after timeout of 33 ms: 0x0a041fe00105020b6f1a
[22:31:45.821][D][main:661]: Received frame dest 0x0f cmd 0xe000: 0x05
[22:31:45.831][D][bshdbus:090]: Missed ACK for dest 0x0f of preceding frame
[22:31:45.860][D][bshdbus:061]: Discarding 1 bytes of unparsed data after timeout of 24 ms: 0x0a
[22:31:45.866][D][main:661]: Received frame dest 0x1f cmd 0xe001: 0x0502
[22:31:47.824][D][main:661]: Received frame dest 0x0f cmd 0xe000: 0x05
[22:31:47.839][D][bshdbus:090]: Missed ACK for dest 0x0f of preceding frame
[22:31:47.890][D][bshdbus:061]: Discarding 10 bytes of unparsed data after timeout of 33 ms: 0x0a041fe00105020b6f1a
[22:31:49.842][D][main:661]: Received frame dest 0x0f cmd 0xe000: 0x05
[22:31:49.858][D][bshdbus:090]: Missed ACK for dest 0x0f of preceding frame
[22:31:49.867][D][bshdbus:061]: Discarding 1 bytes of unparsed data after timeout of 23 ms: 0x0a
[22:31:49.872][D][main:661]: Received frame dest 0x1f cmd 0xe001: 0x0502
[22:31:51.832][D][main:661]: Received frame dest 0x0f cmd 0xe000: 0x05
[22:31:51.838][D][bshdbus:090]: Missed ACK for dest 0x0f of preceding frame
[22:31:51.855][D][bshdbus:061]: Discarding 1 bytes of unparsed data after timeout of 24 ms: 0x0a
[22:31:51.861][D][main:661]: Received frame dest 0x1f cmd 0xe001: 0x0502
[22:31:53.836][D][main:661]: Received frame dest 0x0f cmd 0xe000: 0x05
[22:31:53.850][D][bshdbus:090]: Missed ACK for dest 0x0f of preceding frame
[22:31:53.886][D][bshdbus:061]: Discarding 10 bytes of unparsed data after timeout of 32 ms: 0x0a041fe00105020b6f1a
[22:31:55.839][D][main:661]: Received frame dest 0x0f cmd 0xe000: 0x05
[22:31:55.846][D][bshdbus:090]: Missed ACK for dest 0x0f of preceding frame
[22:31:55.886][D][bshdbus:061]: Discarding 10 bytes of unparsed data after timeout of 32 ms: 0x0a041fe00105020b6f1a
[22:31:57.846][D][main:661]: Received frame dest 0x0f cmd 0xe000: 0x05
[22:31:57.855][D][bshdbus:090]: Missed ACK for dest 0x0f of preceding frame
[22:31:57.889][D][bshdbus:061]: Discarding 10 bytes of unparsed data after timeout of 32 ms: 0x0a041fe00105020b6f1a
[22:31:59.850][D][main:661]: Received frame dest 0x0f cmd 0xe000: 0x05
[22:32:00.031][D][bshdbus:090]: Missed ACK for dest 0x0f of preceding frame
[22:32:00.037][D][bshdbus:061]: Discarding 1 bytes of unparsed data after timeout of 25 ms: 0x0a
[22:32:00.042][D][main:661]: Received frame dest 0x1f cmd 0xe001: 0x0502
[22:32:01.850][D][main:661]: Received frame dest 0x0f cmd 0xe000: 0x05
[22:32:01.857][D][bshdbus:090]: Missed ACK for dest 0x0f of preceding frame
[22:32:01.917][D][bshdbus:061]: Discarding 10 bytes of unparsed data after timeout of 32 ms: 0x0a041fe00105020b6f1a
[22:32:03.873][D][main:661]: Received frame dest 0x0f cmd 0xe000: 0x05
[22:32:03.883][D][bshdbus:090]: Missed ACK for dest 0x0f of preceding frame
[22:32:03.894][D][bshdbus:061]: Discarding 1 bytes of unparsed data after timeout of 28 ms: 0x0a
[22:32:03.899][D][main:661]: Received frame dest 0x1f cmd 0xe001: 0x0502
[22:32:05.857][D][main:661]: Received frame dest 0x0f cmd 0xe000: 0x05
[22:32:05.864][D][bshdbus:090]: Missed ACK for dest 0x0f of preceding frame
[22:32:05.881][D][bshdbus:061]: Discarding 1 bytes of unparsed data after timeout of 26 ms: 0x0a
[22:32:05.887][D][main:661]: Received frame dest 0x1f cmd 0xe001: 0x0502
[22:32:07.861][D][main:661]: Received frame dest 0x0f cmd 0xe000: 0x05
[22:32:07.867][D][bshdbus:090]: Missed ACK for dest 0x0f of preceding frame
[22:32:07.880][D][bshdbus:061]: Discarding 1 bytes of unparsed data after timeout of 21 ms: 0x0a
[22:32:07.886][D][main:661]: Received frame dest 0x1f cmd 0xe001: 0x0502
[22:32:09.866][D][main:661]: Received frame dest 0x0f cmd 0xe000: 0x05
[22:32:09.874][D][bshdbus:090]: Missed ACK for dest 0x0f of preceding frame
[22:32:09.888][D][bshdbus:061]: Discarding 1 bytes of unparsed data after timeout of 24 ms: 0x0a
[22:32:09.907][D][main:661]: Received frame dest 0x1f cmd 0xe001: 0x0502
[22:32:11.868][D][main:661]: Received frame dest 0x0f cmd 0xe000: 0x05
[22:32:11.882][D][bshdbus:090]: Missed ACK for dest 0x0f of preceding frame
[22:32:11.897][D][bshdbus:061]: Discarding 1 bytes of unparsed data after timeout of 22 ms: 0x0a
[22:32:11.902][D][main:661]: Received frame dest 0x1f cmd 0xe001: 0x0502
[22:32:13.872][D][main:661]: Received frame dest 0x0f cmd 0xe000: 0x05
[22:32:13.881][D][bshdbus:090]: Missed ACK for dest 0x0f of preceding frame
[22:32:13.898][D][bshdbus:061]: Discarding 1 bytes of unparsed data after timeout of 25 ms: 0x0a
[22:32:13.904][D][main:661]: Received frame dest 0x1f cmd 0xe001: 0x0502
[22:32:15.876][D][main:661]: Received frame dest 0x0f cmd 0xe000: 0x05
[22:32:15.883][D][bshdbus:090]: Missed ACK for dest 0x0f of preceding frame
[22:32:15.921][D][bshdbus:061]: Discarding 1 bytes of unparsed data after timeout of 27 ms: 0x0a
[22:32:15.930][D][main:661]: Received frame dest 0x1f cmd 0xe001: 0x0502
[22:32:17.895][D][main:661]: Received frame dest 0x0f cmd 0xe000: 0x05
[22:32:17.912][D][bshdbus:090]: Missed ACK for dest 0x0f of preceding frame
[22:32:17.920][D][bshdbus:061]: Discarding 1 bytes of unparsed data after timeout of 26 ms: 0x0a
[22:32:17.927][D][main:661]: Received frame dest 0x1f cmd 0xe001: 0x0502
[22:32:19.125][S][sensor]: 'Uptime s' >> 3302 s
[22:32:19.428][S][sensor]: 'ESP Internal Temperature' >> 51.3 °C
[22:32:19.761][S][sensor]: 'WiFi RSSI' >> -76 dBm
[22:32:19.882][D][main:661]: Received frame dest 0x0f cmd 0xe000: 0x05
[22:32:19.890][D][bshdbus:090]: Missed ACK for dest 0x0f of preceding frame
[22:32:19.902][D][bshdbus:061]: Discarding 1 bytes of unparsed data after timeout of 21 ms: 0x0a
[22:32:19.909][D][main:661]: Received frame dest 0x1f cmd 0xe001: 0x0502
[22:32:20.788][S][text_sensor]: 'Uptime' >> '00d 00h 55m 2s'
[22:32:21.886][D][main:661]: Received frame dest 0x0f cmd 0xe000: 0x05
[22:32:21.903][D][bshdbus:090]: Missed ACK for dest 0x0f of preceding frame
[22:32:21.910][D][bshdbus:061]: Discarding 1 bytes of unparsed data after timeout of 22 ms: 0x0a
[22:32:21.917][D][main:661]: Received frame dest 0x1f cmd 0xe001: 0x0502
[22:32:23.893][D][main:661]: Received frame dest 0x0f cmd 0xe000: 0x05
[22:32:23.908][D][bshdbus:090]: Missed ACK for dest 0x0f of preceding frame
[22:32:23.943][D][bshdbus:061]: Discarding 10 bytes of unparsed data after timeout of 32 ms: 0x0a041fe00105020b6f1a
[22:32:25.893][D][main:661]: Received frame dest 0x0f cmd 0xe000: 0x05
[22:32:25.905][D][bshdbus:090]: Missed ACK for dest 0x0f of preceding frame
[22:32:25.956][D][bshdbus:061]: Discarding 10 bytes of unparsed data after timeout of 32 ms: 0x0a041fe00105020b6f1a
[22:32:27.897][D][main:661]: Received frame dest 0x0f cmd 0xe000: 0x05
[22:32:27.915][D][bshdbus:090]: Missed ACK for dest 0x0f of preceding frame
[22:32:27.951][D][bshdbus:061]: Discarding 10 bytes of unparsed data after timeout of 32 ms: 0x0a041fe00105020b6f1a
[22:32:29.901][D][main:661]: Received frame dest 0x0f cmd 0xe000: 0x05
[22:32:29.908][D][bshdbus:090]: Missed ACK for dest 0x0f of preceding frame
[22:32:29.954][D][bshdbus:061]: Discarding 10 bytes of unparsed data after timeout of 32 ms: 0x0a041fe00105020b6f1a
[22:32:31.904][D][main:661]: Received frame dest 0x0f cmd 0xe000: 0x05
[22:32:31.922][D][bshdbus:090]: Missed ACK for dest 0x0f of preceding frame
[22:32:31.930][D][bshdbus:061]: Discarding 1 bytes of unparsed data after timeout of 21 ms: 0x0a
[22:32:31.940][D][main:661]: Received frame dest 0x1f cmd 0xe001: 0x0502
[22:32:33.908][D][main:661]: Received frame dest 0x0f cmd 0xe000: 0x05
[22:32:33.916][D][bshdbus:090]: Missed ACK for dest 0x0f of preceding frame
[22:32:33.932][D][bshdbus:061]: Discarding 1 bytes of unparsed data after timeout of 25 ms: 0x0a
[22:32:33.947][D][main:661]: Received frame dest 0x1f cmd 0xe001: 0x0502
[22:32:35.914][D][main:661]: Received frame dest 0x0f cmd 0xe000: 0x05
[22:32:36.001][D][bshdbus:090]: Missed ACK for dest 0x0f of preceding frame
[22:32:36.012][D][bshdbus:061]: Discarding 10 bytes of unparsed data after timeout of 32 ms: 0x0a041fe00105020b6f1a
[22:32:37.915][D][main:661]: Received frame dest 0x0f cmd 0xe000: 0x05
[22:32:37.924][D][bshdbus:090]: Missed ACK for dest 0x0f of preceding frame
[22:32:37.935][D][bshdbus:061]: Discarding 1 bytes of unparsed data after timeout of 22 ms: 0x0a
[22:32:37.942][D][main:661]: Received frame dest 0x1f cmd 0xe001: 0x0502
[22:32:39.920][D][main:661]: Received frame dest 0x0f cmd 0xe000: 0x05
[22:32:39.928][D][bshdbus:090]: Missed ACK for dest 0x0f of preceding frame
[22:32:39.973][D][bshdbus:061]: Discarding 10 bytes of unparsed data after timeout of 32 ms: 0x0a041fe00105020b6f1a
[22:32:41.970][D][main:661]: Received frame dest 0x0f cmd 0xe000: 0x05
[22:32:42.037][D][bshdbus:090]: Missed ACK for dest 0x0f of preceding frame
[22:32:42.046][D][bshdbus:061]: Discarding 1 bytes of unparsed data after timeout of 28 ms: 0x0a
[22:32:42.052][D][main:661]: Received frame dest 0x1f cmd 0xe001: 0x0502
[22:32:43.928][D][main:661]: Received frame dest 0x0f cmd 0xe000: 0x05
[22:32:43.947][D][bshdbus:090]: Missed ACK for dest 0x0f of preceding frame
[22:32:43.975][D][bshdbus:061]: Discarding 10 bytes of unparsed data after timeout of 32 ms: 0x0a041fe00105020b6f1a
[22:32:45.930][D][main:661]: Received frame dest 0x0f cmd 0xe000: 0x05
[22:32:45.942][D][bshdbus:090]: Missed ACK for dest 0x0f of preceding frame
[22:32:45.957][D][bshdbus:061]: Discarding 1 bytes of unparsed data after timeout of 22 ms: 0x0a
[22:32:45.967][D][main:661]: Received frame dest 0x1f cmd 0xe001: 0x0502
[22:32:47.935][D][main:661]: Received frame dest 0x0f cmd 0xe000: 0x05
[22:32:47.948][D][bshdbus:090]: Missed ACK for dest 0x0f of preceding frame
[22:32:47.983][D][bshdbus:061]: Discarding 10 bytes of unparsed data after timeout of 32 ms: 0x0a041fe00105020b6f1a
[22:32:49.944][D][main:661]: Received frame dest 0x0f cmd 0xe000: 0x05
[22:32:49.956][D][bshdbus:090]: Missed ACK for dest 0x0f of preceding frame
[22:32:49.990][D][bshdbus:061]: Discarding 10 bytes of unparsed data after timeout of 32 ms: 0x0a041fe00105020b6f1a
[22:32:51.941][D][main:661]: Received frame dest 0x0f cmd 0xe000: 0x05
[22:32:51.957][D][bshdbus:090]: Missed ACK for dest 0x0f of preceding frame
[22:32:51.992][D][bshdbus:061]: Discarding 10 bytes of unparsed data after timeout of 32 ms: 0x0a041fe00105020b6f1a
[22:32:53.945][D][main:661]: Received frame dest 0x0f cmd 0xe000: 0x05
[22:32:53.961][D][bshdbus:090]: Missed ACK for dest 0x0f of preceding frame
[22:32:53.983][D][bshdbus:061]: Discarding 1 bytes of unparsed data after timeout of 21 ms: 0x0a
[22:32:53.989][D][main:661]: Received frame dest 0x1f cmd 0xe001: 0x0502
[22:32:55.949][D][main:661]: Received frame dest 0x0f cmd 0xe000: 0x05
[22:32:55.975][D][bshdbus:090]: Missed ACK for dest 0x0f of preceding frame
[22:32:56.046][D][bshdbus:061]: Discarding 1 bytes of unparsed data after timeout of 24 ms: 0x0a
[22:32:56.054][D][main:661]: Received frame dest 0x1f cmd 0xe001: 0x0502
[22:32:57.954][D][main:661]: Received frame dest 0x0f cmd 0xe000: 0x05
[22:32:57.963][D][bshdbus:090]: Missed ACK for dest 0x0f of preceding frame
[22:32:58.003][D][bshdbus:061]: Discarding 10 bytes of unparsed data after timeout of 32 ms: 0x0a041fe00105020b6f1a
[22:32:59.956][D][main:661]: Received frame dest 0x0f cmd 0xe000: 0x05
[22:32:59.964][D][bshdbus:090]: Missed ACK for dest 0x0f of preceding frame
[22:33:00.028][D][bshdbus:061]: Discarding 1 bytes of unparsed data after timeout of 25 ms: 0x0a
[22:33:00.035][D][main:661]: Received frame dest 0x1f cmd 0xe001: 0x0502
[22:33:01.961][D][main:661]: Received frame dest 0x0f cmd 0xe000: 0x05
[22:33:01.969][D][bshdbus:090]: Missed ACK for dest 0x0f of preceding frame
[22:33:01.980][D][bshdbus:061]: Discarding 1 bytes of unparsed data after timeout of 22 ms: 0x0a
[22:33:01.986][D][main:661]: Received frame dest 0x1f cmd 0xe001: 0x0502
[22:33:03.973][D][main:661]: Received frame dest 0x0f cmd 0xe000: 0x05
[22:33:03.981][D][bshdbus:090]: Missed ACK for dest 0x0f of preceding frame
[22:33:04.017][D][bshdbus:061]: Discarding 10 bytes of unparsed data after timeout of 32 ms: 0x0a041fe00105020b6f1a
[22:33:05.966][D][main:661]: Received frame dest 0x0f cmd 0xe000: 0x05
[22:33:05.974][D][bshdbus:090]: Missed ACK for dest 0x0f of preceding frame
[22:33:05.987][D][bshdbus:061]: Discarding 1 bytes of unparsed data after timeout of 22 ms: 0x0a
[22:33:05.993][D][main:661]: Received frame dest 0x1f cmd 0xe001: 0x0502
[22:33:07.970][D][main:661]: Received frame dest 0x0f cmd 0xe000: 0x05
[22:33:07.976][D][bshdbus:090]: Missed ACK for dest 0x0f of preceding frame
[22:33:08.018][D][bshdbus:061]: Discarding 10 bytes of unparsed data after timeout of 32 ms: 0x0a041fe00105020b6f1a
[22:33:09.976][D][main:661]: Received frame dest 0x0f cmd 0xe000: 0x05
[22:33:09.993][D][bshdbus:090]: Missed ACK for dest 0x0f of preceding frame
[22:33:10.003][D][bshdbus:061]: Discarding 1 bytes of unparsed data after timeout of 21 ms: 0x0a
[22:33:10.008][D][main:661]: Received frame dest 0x1f cmd 0xe001: 0x0502
[22:33:11.978][D][main:661]: Received frame dest 0x0f cmd 0xe000: 0x05
[22:33:11.990][D][bshdbus:090]: Missed ACK for dest 0x0f of preceding frame
[22:33:12.036][D][bshdbus:061]: Discarding 10 bytes of unparsed data after timeout of 32 ms: 0x0a041fe00105020b6f1a
[22:33:13.983][D][main:661]: Received frame dest 0x0f cmd 0xe000: 0x05
[22:33:13.992][D][bshdbus:090]: Missed ACK for dest 0x0f of preceding frame
[22:33:14.011][D][bshdbus:061]: Discarding 1 bytes of unparsed data after timeout of 26 ms: 0x0a
[22:33:14.020][D][main:661]: Received frame dest 0x1f cmd 0xe001: 0x0502
[22:33:16.031][D][main:661]: Received frame dest 0x0f cmd 0xe000: 0x05
[22:33:16.041][D][bshdbus:090]: Missed ACK for dest 0x0f of preceding frame
[22:33:16.049][D][bshdbus:061]: Discarding 10 bytes of unparsed data after timeout of 32 ms: 0x0a041fe00105020b6f1a
[22:33:17.990][D][main:661]: Received frame dest 0x0f cmd 0xe000: 0x05
[22:33:18.000][D][bshdbus:090]: Missed ACK for dest 0x0f of preceding frame
[22:33:18.036][D][bshdbus:061]: Discarding 10 bytes of unparsed data after timeout of 32 ms: 0x0a041fe00105020b6f1a
[22:33:19.137][S][sensor]: 'Uptime s' >> 3362 s
[22:33:19.416][S][sensor]: 'ESP Internal Temperature' >> 52.3 °C
[22:33:19.757][S][sensor]: 'WiFi RSSI' >> -75 dBm
[22:33:19.992][D][main:661]: Received frame dest 0x0f cmd 0xe000: 0x05
[22:33:19.999][D][bshdbus:090]: Missed ACK for dest 0x0f of preceding frame
[22:33:20.057][D][bshdbus:061]: Discarding 10 bytes of unparsed data after timeout of 32 ms: 0x0a041fe00105020b6f1a
[22:33:20.781][S][text_sensor]: 'Uptime' >> '00d 00h 56m 2s'
[22:33:21.995][D][main:661]: Received frame dest 0x0f cmd 0xe000: 0x05
[22:33:22.021][D][bshdbus:090]: Missed ACK for dest 0x0f of preceding frame
[22:33:22.046][D][bshdbus:061]: Discarding 10 bytes of unparsed data after timeout of 32 ms: 0x0a041fe00105020b6f1a
[22:33:23.999][D][main:661]: Received frame dest 0x0f cmd 0xe000: 0x05
[22:33:24.006][D][bshdbus:090]: Missed ACK for dest 0x0f of preceding frame
[22:33:24.024][D][bshdbus:061]: Discarding 1 bytes of unparsed data after timeout of 26 ms: 0x0a
[22:33:24.037][D][main:661]: Received frame dest 0x1f cmd 0xe001: 0x0502
[22:33:26.004][D][main:661]: Received frame dest 0x0f cmd 0xe000: 0x05
[22:33:26.020][D][bshdbus:090]: Missed ACK for dest 0x0f of preceding frame
[22:33:26.054][D][bshdbus:061]: Discarding 10 bytes of unparsed data after timeout of 32 ms: 0x0a041fe00105020b6f1a
[22:33:28.006][D][main:661]: Received frame dest 0x0f cmd 0xe000: 0x05
[22:33:28.016][D][bshdbus:090]: Missed ACK for dest 0x0f of preceding frame
[22:33:28.064][D][bshdbus:061]: Discarding 1 bytes of unparsed data after timeout of 25 ms: 0x0a
[22:33:28.070][D][main:661]: Received frame dest 0x1f cmd 0xe001: 0x0502
[22:33:30.009][D][main:661]: Received frame dest 0x0f cmd 0xe000: 0x05
[22:33:30.016][D][bshdbus:090]: Missed ACK for dest 0x0f of preceding frame
[22:33:30.042][D][bshdbus:061]: Discarding 1 bytes of unparsed data after timeout of 30 ms: 0x0a
[22:33:30.054][D][main:661]: Received frame dest 0x1f cmd 0xe001: 0x0502
[22:33:32.019][D][main:661]: Received frame dest 0x0f cmd 0xe000: 0x05
[22:33:32.072][D][bshdbus:090]: Missed ACK for dest 0x0f of preceding frame
[22:33:32.080][D][bshdbus:061]: Discarding 1 bytes of unparsed data after timeout of 26 ms: 0x0a
[22:33:32.086][D][main:661]: Received frame dest 0x1f cmd 0xe001: 0x0502
[22:33:34.017][D][main:661]: Received frame dest 0x0f cmd 0xe000: 0x05
[22:33:34.025][D][bshdbus:090]: Missed ACK for dest 0x0f of preceding frame
[22:33:34.046][D][bshdbus:061]: Discarding 1 bytes of unparsed data after timeout of 28 ms: 0x0a
[22:33:34.054][D][main:661]: Received frame dest 0x1f cmd 0xe001: 0x0502
[22:33:36.031][D][main:661]: Received frame dest 0x0f cmd 0xe000: 0x05
[22:33:36.038][D][bshdbus:090]: Missed ACK for dest 0x0f of preceding frame
[22:33:36.049][D][bshdbus:061]: Discarding 1 bytes of unparsed data after timeout of 29 ms: 0x0a
[22:33:36.055][D][main:661]: Received frame dest 0x1f cmd 0xe001: 0x0502
[22:33:38.025][D][main:661]: Received frame dest 0x0f cmd 0xe000: 0x05
[22:33:38.035][D][bshdbus:090]: Missed ACK for dest 0x0f of preceding frame
[22:33:38.053][D][bshdbus:061]: Discarding 1 bytes of unparsed data after timeout of 29 ms: 0x0a
[22:33:38.064][D][main:661]: Received frame dest 0x1f cmd 0xe001: 0x0502
[22:33:40.028][D][main:661]: Received frame dest 0x0f cmd 0xe000: 0x05
[22:33:40.036][D][bshdbus:090]: Missed ACK for dest 0x0f of preceding frame
[22:33:40.047][D][bshdbus:061]: Discarding 1 bytes of unparsed data after timeout of 21 ms: 0x0a
[22:33:40.053][D][main:661]: Received frame dest 0x1f cmd 0xe001: 0x0502
[22:33:42.032][D][main:661]: Received frame dest 0x0f cmd 0xe000: 0x05
[22:33:42.043][D][bshdbus:090]: Missed ACK for dest 0x0f of preceding frame
[22:33:42.094][D][bshdbus:061]: Discarding 10 bytes of unparsed data after timeout of 32 ms: 0x0a041fe00105020b6f1a
[22:33:44.036][D][main:661]: Received frame dest 0x0f cmd 0xe000: 0x05
[22:33:44.045][D][bshdbus:090]: Missed ACK for dest 0x0f of preceding frame
[22:33:44.085][D][bshdbus:061]: Discarding 10 bytes of unparsed data after timeout of 32 ms: 0x0a041fe00105020b6f1a
[22:33:46.039][D][main:661]: Received frame dest 0x0f cmd 0xe000: 0x05
[22:33:46.062][D][bshdbus:090]: Missed ACK for dest 0x0f of preceding frame
[22:33:46.108][D][bshdbus:061]: Discarding 10 bytes of unparsed data after timeout of 32 ms: 0x0a041fe00105020b6f1a
[22:33:48.045][D][main:661]: Received frame dest 0x0f cmd 0xe000: 0x05
[22:33:48.053][D][bshdbus:090]: Missed ACK for dest 0x0f of preceding frame
[22:33:48.093][D][bshdbus:061]: Discarding 10 bytes of unparsed data after timeout of 32 ms: 0x0a041fe00105020b6f1a
[22:33:50.056][D][main:661]: Received frame dest 0x0f cmd 0xe000: 0x05
[22:33:50.064][D][bshdbus:090]: Missed ACK for dest 0x0f of preceding frame
[22:33:50.094][D][bshdbus:061]: Discarding 10 bytes of unparsed data after timeout of 32 ms: 0x0a041fe00105020b6f1a
[22:33:52.053][D][main:661]: Received frame dest 0x0f cmd 0xe000: 0x05
[22:33:52.065][D][bshdbus:090]: Missed ACK for dest 0x0f of preceding frame
[22:33:52.109][D][bshdbus:061]: Discarding 10 bytes of unparsed data after timeout of 32 ms: 0x0a041fe00105020b6f1a
[22:33:54.054][D][main:661]: Received frame dest 0x0f cmd 0xe000: 0x05
[22:33:54.061][D][bshdbus:090]: Missed ACK for dest 0x0f of preceding frame
[22:33:54.079][D][bshdbus:061]: Discarding 1 bytes of unparsed data after timeout of 26 ms: 0x0a
[22:33:54.093][D][main:661]: Received frame dest 0x1f cmd 0xe001: 0x0502
[22:33:56.058][D][main:661]: Received frame dest 0x0f cmd 0xe000: 0x05
[22:33:56.066][D][bshdbus:090]: Missed ACK for dest 0x0f of preceding frame
[22:33:56.108][D][bshdbus:061]: Discarding 10 bytes of unparsed data after timeout of 32 ms: 0x0a041fe00105020b6f1a
[22:33:58.063][D][main:661]: Received frame dest 0x0f cmd 0xe000: 0x05
[22:33:58.072][D][bshdbus:090]: Missed ACK for dest 0x0f of preceding frame
[22:33:58.108][D][bshdbus:061]: Discarding 10 bytes of unparsed data after timeout of 32 ms: 0x0a041fe00105020b6f1a
[22:34:00.065][D][main:661]: Received frame dest 0x0f cmd 0xe000: 0x05
[22:34:00.077][D][bshdbus:090]: Missed ACK for dest 0x0f of preceding frame
[22:34:00.118][D][bshdbus:061]: Discarding 10 bytes of unparsed data after timeout of 32 ms: 0x0a041fe00105020b6f1a
[22:34:02.073][D][main:661]: Received frame dest 0x0f cmd 0xe000: 0x05
[22:34:02.085][D][bshdbus:090]: Missed ACK for dest 0x0f of preceding frame
[22:34:02.126][D][bshdbus:061]: Discarding 10 bytes of unparsed data after timeout of 32 ms: 0x0a041fe00105020b6f1a
[22:34:04.083][D][main:661]: Received frame dest 0x0f cmd 0xe000: 0x05
[22:34:04.095][D][bshdbus:090]: Missed ACK for dest 0x0f of preceding frame
[22:34:04.102][D][bshdbus:061]: Discarding 1 bytes of unparsed data after timeout of 25 ms: 0x0a
[22:34:04.110][D][main:661]: Received frame dest 0x1f cmd 0xe001: 0x0502
[22:34:06.076][D][main:661]: Received frame dest 0x0f cmd 0xe000: 0x05
[22:34:06.086][D][bshdbus:090]: Missed ACK for dest 0x0f of preceding frame
[22:34:06.134][D][bshdbus:061]: Discarding 10 bytes of unparsed data after timeout of 32 ms: 0x0a041fe00105020b6f1a
[22:34:08.080][D][main:661]: Received frame dest 0x0f cmd 0xe000: 0x05
[22:34:08.090][D][bshdbus:090]: Missed ACK for dest 0x0f of preceding frame
[22:34:08.106][D][bshdbus:061]: Discarding 1 bytes of unparsed data after timeout of 26 ms: 0x0a
[22:34:08.117][D][main:661]: Received frame dest 0x1f cmd 0xe001: 0x0502
[22:34:10.085][D][main:661]: Received frame dest 0x0f cmd 0xe000: 0x05
[22:34:10.096][D][bshdbus:090]: Missed ACK for dest 0x0f of preceding frame
[22:34:10.110][D][bshdbus:061]: Discarding 1 bytes of unparsed data after timeout of 22 ms: 0x0a
[22:34:10.119][D][main:661]: Received frame dest 0x1f cmd 0xe001: 0x0502
[22:34:12.096][D][main:661]: Received frame dest 0x0f cmd 0xe000: 0x05
[22:34:12.108][D][bshdbus:090]: Missed ACK for dest 0x0f of preceding frame
[22:34:12.117][D][bshdbus:061]: Discarding 1 bytes of unparsed data after timeout of 26 ms: 0x0a
[22:34:12.124][D][main:661]: Received frame dest 0x1f cmd 0xe001: 0x0502
[22:34:14.091][D][main:661]: Received frame dest 0x0f cmd 0xe000: 0x05
[22:34:14.107][D][bshdbus:090]: Missed ACK for dest 0x0f of preceding frame
[22:34:14.143][D][bshdbus:061]: Discarding 10 bytes of unparsed data after timeout of 32 ms: 0x0a041fe00105020b6f1a
[22:34:16.095][D][main:661]: Received frame dest 0x0f cmd 0xe000: 0x05
[22:34:16.111][D][bshdbus:090]: Missed ACK for dest 0x0f of preceding frame
[22:34:16.122][D][bshdbus:061]: Discarding 1 bytes of unparsed data after timeout of 29 ms: 0x0a
[22:34:16.130][D][main:661]: Received frame dest 0x1f cmd 0xe001: 0x0502
[22:34:18.100][D][main:661]: Received frame dest 0x0f cmd 0xe000: 0x05
[22:34:18.120][D][bshdbus:090]: Missed ACK for dest 0x0f of preceding frame
[22:34:18.129][D][bshdbus:061]: Discarding 1 bytes of unparsed data after timeout of 25 ms: 0x0a
[22:34:18.135][D][main:661]: Received frame dest 0x1f cmd 0xe001: 0x0502
[22:34:19.138][S][sensor]: 'Uptime s' >> 3422 s
[22:34:19.408][S][sensor]: 'ESP Internal Temperature' >> 52.3 °C
[22:34:19.754][S][sensor]: 'WiFi RSSI' >> -75 dBm
[22:34:20.102][D][main:661]: Received frame dest 0x0f cmd 0xe000: 0x05
[22:34:20.114][D][bshdbus:090]: Missed ACK for dest 0x0f of preceding frame
[22:34:20.162][D][bshdbus:061]: Discarding 10 bytes of unparsed data after timeout of 32 ms: 0x0a041fe00105020b6f1a
[22:34:20.782][S][text_sensor]: 'Uptime' >> '00d 00h 57m 2s'
[22:34:22.108][D][main:661]: Received frame dest 0x0f cmd 0xe000: 0x05
[22:34:22.132][D][bshdbus:090]: Missed ACK for dest 0x0f of preceding frame
[22:34:22.138][D][bshdbus:061]: Discarding 1 bytes of unparsed data after timeout of 27 ms: 0x0a
[22:34:22.146][D][main:661]: Received frame dest 0x1f cmd 0xe001: 0x0502
[22:34:24.109][D][main:661]: Received frame dest 0x0f cmd 0xe000: 0x05
[22:34:24.118][D][bshdbus:090]: Missed ACK for dest 0x0f of preceding frame
[22:34:24.135][D][bshdbus:061]: Discarding 1 bytes of unparsed data after timeout of 27 ms: 0x0a
[22:34:24.145][D][main:661]: Received frame dest 0x1f cmd 0xe001: 0x0502
[22:34:26.112][D][main:661]: Received frame dest 0x0f cmd 0xe000: 0x05
[22:34:26.123][D][bshdbus:090]: Missed ACK for dest 0x0f of preceding frame
[22:34:26.162][D][bshdbus:061]: Discarding 10 bytes of unparsed data after timeout of 32 ms: 0x0a041fe00105020b6f1a
[22:34:28.117][D][main:661]: Received frame dest 0x0f cmd 0xe000: 0x05
[22:34:28.125][D][bshdbus:090]: Missed ACK for dest 0x0f of preceding frame
[22:34:28.165][D][bshdbus:061]: Discarding 10 bytes of unparsed data after timeout of 32 ms: 0x0a041fe00105020b6f1a
[22:34:30.120][D][main:661]: Received frame dest 0x0f cmd 0xe000: 0x05
[22:34:30.130][D][bshdbus:090]: Missed ACK for dest 0x0f of preceding frame
[22:34:30.170][D][bshdbus:061]: Discarding 10 bytes of unparsed data after timeout of 32 ms: 0x0a041fe00105020b6f1a
[22:34:32.125][D][main:661]: Received frame dest 0x0f cmd 0xe000: 0x05
[22:34:32.148][D][bshdbus:090]: Missed ACK for dest 0x0f of preceding frame
[22:34:32.158][D][bshdbus:061]: Discarding 1 bytes of unparsed data after timeout of 28 ms: 0x0a
[22:34:32.165][D][main:661]: Received frame dest 0x1f cmd 0xe001: 0x0502
[22:34:34.127][D][main:661]: Received frame dest 0x0f cmd 0xe000: 0x05
[22:34:34.158][D][bshdbus:090]: Missed ACK for dest 0x0f of preceding frame
[22:34:34.183][D][bshdbus:061]: Discarding 10 bytes of unparsed data after timeout of 32 ms: 0x0a041fe00105020b6f1a
[22:34:36.136][D][main:661]: Received frame dest 0x0f cmd 0xe000: 0x05
[22:34:36.145][D][bshdbus:090]: Missed ACK for dest 0x0f of preceding frame
[22:34:36.153][D][bshdbus:061]: Discarding 1 bytes of unparsed data after timeout of 22 ms: 0x0a
[22:34:36.163][D][main:661]: Received frame dest 0x1f cmd 0xe001: 0x0502
[22:34:38.135][D][main:661]: Received frame dest 0x0f cmd 0xe000: 0x05
[22:34:38.148][D][bshdbus:090]: Missed ACK for dest 0x0f of preceding frame
[22:34:38.162][D][bshdbus:061]: Discarding 1 bytes of unparsed data after timeout of 28 ms: 0x0a
[22:34:38.168][D][main:661]: Received frame dest 0x1f cmd 0xe001: 0x0502
[22:34:40.139][D][main:661]: Received frame dest 0x0f cmd 0xe000: 0x05
[22:34:40.151][D][bshdbus:090]: Missed ACK for dest 0x0f of preceding frame
[22:34:40.163][D][bshdbus:061]: Discarding 1 bytes of unparsed data after timeout of 24 ms: 0x0a
[22:34:40.173][D][main:661]: Received frame dest 0x1f cmd 0xe001: 0x0502
[22:34:42.166][D][main:661]: Received frame dest 0x0f cmd 0xe000: 0x05
[22:34:42.187][D][bshdbus:090]: Missed ACK for dest 0x0f of preceding frame
[22:34:42.194][D][bshdbus:061]: Discarding 10 bytes of unparsed data after timeout of 32 ms: 0x0a041fe00105020b6f1a
[22:34:44.148][D][main:661]: Received frame dest 0x0f cmd 0xe000: 0x05
[22:34:44.185][D][bshdbus:090]: Missed ACK for dest 0x0f of preceding frame
[22:34:44.194][D][bshdbus:061]: Discarding 10 bytes of unparsed data after timeout of 32 ms: 0x0a041fe00105020b6f1a
[22:34:46.149][D][main:661]: Received frame dest 0x0f cmd 0xe000: 0x05
[22:34:46.161][D][bshdbus:090]: Missed ACK for dest 0x0f of preceding frame
[22:34:46.198][D][bshdbus:061]: Discarding 10 bytes of unparsed data after timeout of 32 ms: 0x0a041fe00105020b6f1a
[22:34:48.153][D][main:661]: Received frame dest 0x0f cmd 0xe000: 0x05
[22:34:48.160][D][bshdbus:090]: Missed ACK for dest 0x0f of preceding frame
[22:34:48.207][D][bshdbus:061]: Discarding 10 bytes of unparsed data after timeout of 32 ms: 0x0a041fe00105020b6f1a
[22:34:50.166][D][main:661]: Received frame dest 0x0f cmd 0xe000: 0x05
[22:34:50.179][D][bshdbus:090]: Missed ACK for dest 0x0f of preceding frame
[22:34:50.187][D][bshdbus:061]: Discarding 1 bytes of unparsed data after timeout of 26 ms: 0x0a
[22:34:50.193][D][main:661]: Received frame dest 0x1f cmd 0xe001: 0x0502
[22:34:52.160][D][main:661]: Received frame dest 0x0f cmd 0xe000: 0x05
[22:34:52.168][D][bshdbus:090]: Missed ACK for dest 0x0f of preceding frame
[22:34:52.212][D][bshdbus:061]: Discarding 10 bytes of unparsed data after timeout of 32 ms: 0x0a041fe00105020b6f1a
[22:34:54.166][D][main:661]: Received frame dest 0x0f cmd 0xe000: 0x05
[22:34:54.178][D][bshdbus:090]: Missed ACK for dest 0x0f of preceding frame
[22:34:54.216][D][bshdbus:061]: Discarding 10 bytes of unparsed data after timeout of 32 ms: 0x0a041fe00105020b6f1a
[22:34:56.167][D][main:661]: Received frame dest 0x0f cmd 0xe000: 0x05
[22:34:56.179][D][bshdbus:090]: Missed ACK for dest 0x0f of preceding frame
[22:34:56.187][D][bshdbus:061]: Discarding 1 bytes of unparsed data after timeout of 21 ms: 0x0a
[22:34:56.198][D][main:661]: Received frame dest 0x1f cmd 0xe001: 0x0502
[22:34:58.171][D][main:661]: Received frame dest 0x0f cmd 0xe000: 0x05
[22:34:58.183][D][bshdbus:090]: Missed ACK for dest 0x0f of preceding frame
[22:34:58.193][D][bshdbus:061]: Discarding 1 bytes of unparsed data after timeout of 23 ms: 0x0a
[22:34:58.201][D][main:661]: Received frame dest 0x1f cmd 0xe001: 0x0502
[22:35:00.175][D][main:661]: Received frame dest 0x0f cmd 0xe000: 0x05
[22:35:00.188][D][bshdbus:090]: Missed ACK for dest 0x0f of preceding frame
[22:35:00.228][D][bshdbus:061]: Discarding 10 bytes of unparsed data after timeout of 32 ms: 0x0a041fe00105020b6f1a
[22:35:02.179][D][main:661]: Received frame dest 0x0f cmd 0xe000: 0x05
[22:35:02.196][D][bshdbus:090]: Missed ACK for dest 0x0f of preceding frame
[22:35:02.232][D][bshdbus:061]: Discarding 10 bytes of unparsed data after timeout of 32 ms: 0x0a041fe00105020b6f1a
[22:35:04.199][D][main:661]: Received frame dest 0x0f cmd 0xe000: 0x05
[22:35:04.216][D][bshdbus:090]: Missed ACK for dest 0x0f of preceding frame
[22:35:04.234][D][bshdbus:061]: Discarding 10 bytes of unparsed data after timeout of 32 ms: 0x0a041fe00105020b6f1a
[22:35:06.186][D][main:661]: Received frame dest 0x0f cmd 0xe000: 0x05
[22:35:06.195][D][bshdbus:090]: Missed ACK for dest 0x0f of preceding frame
[22:35:06.210][D][bshdbus:061]: Discarding 1 bytes of unparsed data after timeout of 24 ms: 0x0a
[22:35:06.217][D][main:661]: Received frame dest 0x1f cmd 0xe001: 0x0502
[22:35:08.194][D][main:661]: Received frame dest 0x0f cmd 0xe000: 0x05
[22:35:08.205][D][bshdbus:090]: Missed ACK for dest 0x0f of preceding frame
[22:35:08.217][D][bshdbus:061]: Discarding 1 bytes of unparsed data after timeout of 29 ms: 0x0a
[22:35:08.223][D][main:661]: Received frame dest 0x1f cmd 0xe001: 0x0502
[22:35:10.193][D][main:661]: Received frame dest 0x0f cmd 0xe000: 0x05
[22:35:10.202][D][bshdbus:090]: Missed ACK for dest 0x0f of preceding frame
[22:35:10.219][D][bshdbus:061]: Discarding 1 bytes of unparsed data after timeout of 28 ms: 0x0a
[22:35:10.245][D][main:661]: Received frame dest 0x1f cmd 0xe001: 0x0502
[22:35:12.197][D][main:661]: Received frame dest 0x0f cmd 0xe000: 0x05
[22:35:12.209][D][bshdbus:090]: Missed ACK for dest 0x0f of preceding frame
[22:35:12.244][D][bshdbus:061]: Discarding 10 bytes of unparsed data after timeout of 32 ms: 0x0a041fe00105020b6f1a
[22:35:14.202][D][main:661]: Received frame dest 0x0f cmd 0xe000: 0x05
[22:35:14.212][D][bshdbus:090]: Missed ACK for dest 0x0f of preceding frame
[22:35:14.251][D][bshdbus:061]: Discarding 10 bytes of unparsed data after timeout of 32 ms: 0x0a041fe00105020b6f1a
[22:35:16.204][D][main:661]: Received frame dest 0x0f cmd 0xe000: 0x05
[22:35:16.211][D][bshdbus:090]: Missed ACK for dest 0x0f of preceding frame
[22:35:16.233][D][bshdbus:061]: Discarding 1 bytes of unparsed data after timeout of 25 ms: 0x0a
[22:35:16.238][D][main:661]: Received frame dest 0x1f cmd 0xe001: 0x0502
[22:35:18.207][D][main:661]: Received frame dest 0x0f cmd 0xe000: 0x05
[22:35:18.232][D][bshdbus:090]: Missed ACK for dest 0x0f of preceding frame
[22:35:18.256][D][bshdbus:061]: Discarding 10 bytes of unparsed data after timeout of 32 ms: 0x0a041fe00105020b6f1a
[22:35:19.148][S][sensor]: 'Uptime s' >> 3482 s
[22:35:19.415][S][sensor]: 'ESP Internal Temperature' >> 52.3 °C
[22:35:19.776][S][sensor]: 'WiFi RSSI' >> -75 dBm
[22:35:20.212][D][main:661]: Received frame dest 0x0f cmd 0xe000: 0x05
[22:35:20.221][D][bshdbus:090]: Missed ACK for dest 0x0f of preceding frame
[22:35:20.272][D][bshdbus:061]: Discarding 10 bytes of unparsed data after timeout of 32 ms: 0x0a041fe00105020b6f1a
[22:35:20.791][S][text_sensor]: 'Uptime' >> '00d 00h 58m 2s'
[22:35:22.221][D][main:661]: Received frame dest 0x0f cmd 0xe000: 0x05
[22:35:22.231][D][bshdbus:090]: Missed ACK for dest 0x0f of preceding frame
[22:35:22.269][D][bshdbus:061]: Discarding 10 bytes of unparsed data after timeout of 32 ms: 0x0a041fe00105020b6f1a
[22:35:24.219][D][main:661]: Received frame dest 0x0f cmd 0xe000: 0x05
[22:35:24.229][D][bshdbus:090]: Missed ACK for dest 0x0f of preceding frame
[22:35:24.245][D][bshdbus:061]: Discarding 1 bytes of unparsed data after timeout of 25 ms: 0x0a
[22:35:24.255][D][main:661]: Received frame dest 0x1f cmd 0xe001: 0x0502
[22:35:26.222][D][main:661]: Received frame dest 0x0f cmd 0xe000: 0x05
[22:35:26.273][D][bshdbus:090]: Missed ACK for dest 0x0f of preceding frame
[22:35:26.280][D][bshdbus:061]: Discarding 1 bytes of unparsed data after timeout of 26 ms: 0x0a
[22:35:26.290][D][main:661]: Received frame dest 0x1f cmd 0xe001: 0x0502
[22:35:28.226][D][main:661]: Received frame dest 0x0f cmd 0xe000: 0x05
[22:35:28.247][D][bshdbus:090]: Missed ACK for dest 0x0f of preceding frame
[22:35:28.279][D][bshdbus:061]: Discarding 10 bytes of unparsed data after timeout of 32 ms: 0x0a041fe00105020b6f1a
[22:35:30.230][D][main:661]: Received frame dest 0x0f cmd 0xe000: 0x05
[22:35:30.243][D][bshdbus:090]: Missed ACK for dest 0x0f of preceding frame
[22:35:30.257][D][bshdbus:061]: Discarding 1 bytes of unparsed data after timeout of 27 ms: 0x0a
[22:35:30.264][D][main:661]: Received frame dest 0x1f cmd 0xe001: 0x0502
[22:35:32.233][D][main:661]: Received frame dest 0x0f cmd 0xe000: 0x05
[22:35:32.261][D][bshdbus:090]: Missed ACK for dest 0x0f of preceding frame
[22:35:32.285][D][bshdbus:061]: Discarding 10 bytes of unparsed data after timeout of 32 ms: 0x0a041fe00105020b6f1a
[22:35:34.237][D][main:661]: Received frame dest 0x0f cmd 0xe000: 0x05
[22:35:34.245][D][bshdbus:090]: Missed ACK for dest 0x0f of preceding frame
[22:35:34.263][D][bshdbus:061]: Discarding 1 bytes of unparsed data after timeout of 28 ms: 0x0a
[22:35:34.271][D][main:661]: Received frame dest 0x1f cmd 0xe001: 0x0502
[22:35:36.245][D][main:661]: Received frame dest 0x0f cmd 0xe000: 0x05
[22:35:36.255][D][bshdbus:090]: Missed ACK for dest 0x0f of preceding frame
[22:35:36.268][D][bshdbus:061]: Discarding 1 bytes of unparsed data after timeout of 28 ms: 0x0a
[22:35:36.278][D][main:661]: Received frame dest 0x1f cmd 0xe001: 0x0502
[22:35:38.286][D][main:661]: Received frame dest 0x0f cmd 0xe000: 0x05
[22:35:38.292][D][bshdbus:090]: Missed ACK for dest 0x0f of preceding frame
[22:35:38.400][D][bshdbus:061]: Discarding 1 bytes of unparsed data after timeout of 28 ms: 0x0a
[22:35:38.410][D][main:661]: Received frame dest 0x1f cmd 0xe001: 0x0502
[22:35:40.249][D][main:661]: Received frame dest 0x0f cmd 0xe000: 0x05
[22:35:40.261][D][bshdbus:090]: Missed ACK for dest 0x0f of preceding frame
[22:35:40.272][D][bshdbus:061]: Discarding 1 bytes of unparsed data after timeout of 24 ms: 0x0a
[22:35:40.279][D][main:661]: Received frame dest 0x1f cmd 0xe001: 0x0502
[22:35:42.252][D][main:661]: Received frame dest 0x0f cmd 0xe000: 0x05
[22:35:42.262][D][bshdbus:090]: Missed ACK for dest 0x0f of preceding frame
[22:35:42.302][D][bshdbus:061]: Discarding 10 bytes of unparsed data after timeout of 32 ms: 0x0a041fe00105020b6f1a
[22:35:44.257][D][main:661]: Received frame dest 0x0f cmd 0xe000: 0x05
[22:35:44.268][D][bshdbus:090]: Missed ACK for dest 0x0f of preceding frame
[22:35:44.310][D][bshdbus:061]: Discarding 10 bytes of unparsed data after timeout of 32 ms: 0x0a041fe00105020b6f1a
[22:35:46.259][D][main:661]: Received frame dest 0x0f cmd 0xe000: 0x05
[22:35:46.288][D][bshdbus:090]: Missed ACK for dest 0x0f of preceding frame
[22:35:46.348][D][bshdbus:061]: Discarding 10 bytes of unparsed data after timeout of 33 ms: 0x0a041fe00105020b6f1a
[22:35:48.269][D][main:661]: Received frame dest 0x0f cmd 0xe000: 0x05
[22:35:48.284][D][bshdbus:090]: Missed ACK for dest 0x0f of preceding frame
[22:35:48.314][D][bshdbus:061]: Discarding 10 bytes of unparsed data after timeout of 33 ms: 0x0a041fe00105020b6f1a
[22:35:50.275][D][main:661]: Received frame dest 0x0f cmd 0xe000: 0x05
[22:35:50.283][D][bshdbus:090]: Missed ACK for dest 0x0f of preceding frame
[22:35:50.292][D][bshdbus:061]: Discarding 1 bytes of unparsed data after timeout of 24 ms: 0x0a
[22:35:50.308][D][main:661]: Received frame dest 0x1f cmd 0xe001: 0x0502
[22:35:52.271][D][main:661]: Received frame dest 0x0f cmd 0xe000: 0x05
[22:35:52.278][D][bshdbus:090]: Missed ACK for dest 0x0f of preceding frame
[22:35:52.294][D][bshdbus:061]: Discarding 1 bytes of unparsed data after timeout of 24 ms: 0x0a
[22:35:52.329][D][main:661]: Received frame dest 0x1f cmd 0xe001: 0x0502
[22:35:54.278][D][main:661]: Received frame dest 0x0f cmd 0xe000: 0x05
[22:35:54.305][D][bshdbus:090]: Missed ACK for dest 0x0f of preceding frame
[22:35:54.334][D][bshdbus:061]: Discarding 1 bytes of unparsed data after timeout of 25 ms: 0x0a
[22:35:54.363][D][main:661]: Received frame dest 0x1f cmd 0xe001: 0x0502
[22:35:56.280][D][main:661]: Received frame dest 0x0f cmd 0xe000: 0x05
[22:35:56.290][D][bshdbus:090]: Missed ACK for dest 0x0f of preceding frame
[22:35:56.299][D][bshdbus:061]: Discarding 1 bytes of unparsed data after timeout of 22 ms: 0x0a
[22:35:56.323][D][main:661]: Received frame dest 0x1f cmd 0xe001: 0x0502
[22:35:58.282][D][main:661]: Received frame dest 0x0f cmd 0xe000: 0x05
[22:35:58.289][D][bshdbus:090]: Missed ACK for dest 0x0f of preceding frame
[22:35:58.309][D][bshdbus:061]: Discarding 1 bytes of unparsed data after timeout of 28 ms: 0x0a
[22:35:58.315][D][main:661]: Received frame dest 0x1f cmd 0xe001: 0x0502
[22:36:00.285][D][main:661]: Received frame dest 0x0f cmd 0xe000: 0x05
[22:36:00.292][D][bshdbus:090]: Missed ACK for dest 0x0f of preceding frame
[22:36:00.338][D][bshdbus:061]: Discarding 10 bytes of unparsed data after timeout of 32 ms: 0x0a041fe00105020b6f1a
[22:36:02.289][D][main:661]: Received frame dest 0x0f cmd 0xe000: 0x05
[22:36:02.302][D][bshdbus:090]: Missed ACK for dest 0x0f of preceding frame
[22:36:02.340][D][bshdbus:061]: Discarding 10 bytes of unparsed data after timeout of 32 ms: 0x0a041fe00105020b6f1a
[22:36:04.324][D][main:661]: Received frame dest 0x0f cmd 0xe000: 0x05
[22:36:04.341][D][bshdbus:090]: Missed ACK for dest 0x0f of preceding frame
[22:36:04.346][D][bshdbus:061]: Discarding 10 bytes of unparsed data after timeout of 32 ms: 0x0a041fe00105020b6f1a
[22:36:06.296][D][main:661]: Received frame dest 0x0f cmd 0xe000: 0x05
[22:36:06.321][D][bshdbus:090]: Missed ACK for dest 0x0f of preceding frame
[22:36:06.352][D][bshdbus:061]: Discarding 10 bytes of unparsed data after timeout of 32 ms: 0x0a041fe00105020b6f1a
[22:36:08.318][D][main:661]: Received frame dest 0x0f cmd 0xe000: 0x05
[22:36:08.407][D][bshdbus:090]: Missed ACK for dest 0x0f of preceding frame
[22:36:08.444][D][bshdbus:061]: Discarding 10 bytes of unparsed data after timeout of 32 ms: 0x0a041fe00105020b6f1a
[22:36:10.305][D][main:661]: Received frame dest 0x0f cmd 0xe000: 0x05
[22:36:10.313][D][bshdbus:090]: Missed ACK for dest 0x0f of preceding frame
[22:36:10.356][D][bshdbus:061]: Discarding 10 bytes of unparsed data after timeout of 32 ms: 0x0a041fe00105020b6f1a
[22:36:12.308][D][main:661]: Received frame dest 0x0f cmd 0xe000: 0x05
[22:36:12.328][D][bshdbus:090]: Missed ACK for dest 0x0f of preceding frame
[22:36:12.336][D][bshdbus:061]: Discarding 1 bytes of unparsed data after timeout of 24 ms: 0x0a
[22:36:12.341][D][main:661]: Received frame dest 0x1f cmd 0xe001: 0x0502
[22:36:14.312][D][main:661]: Received frame dest 0x0f cmd 0xe000: 0x05
[22:36:14.345][D][bshdbus:090]: Missed ACK for dest 0x0f of preceding frame
[22:36:14.361][D][bshdbus:061]: Discarding 10 bytes of unparsed data after timeout of 32 ms: 0x0a041fe00105020b6f1a
[22:36:16.317][D][main:661]: Received frame dest 0x0f cmd 0xe000: 0x05
[22:36:16.331][D][bshdbus:090]: Missed ACK for dest 0x0f of preceding frame
[22:36:16.355][D][bshdbus:061]: Discarding 1 bytes of unparsed data after timeout of 29 ms: 0x0a
[22:36:16.361][D][main:661]: Received frame dest 0x1f cmd 0xe001: 0x0502
[22:36:18.321][D][main:661]: Received frame dest 0x0f cmd 0xe000: 0x05
[22:36:18.339][D][bshdbus:090]: Missed ACK for dest 0x0f of preceding frame
[22:36:18.372][D][bshdbus:061]: Discarding 10 bytes of unparsed data after timeout of 32 ms: 0x0a041fe00105020b6f1a
[22:36:19.125][S][sensor]: 'Uptime s' >> 3542 s
[22:36:19.417][S][sensor]: 'ESP Internal Temperature' >> 52.3 °C
[22:36:19.771][S][sensor]: 'WiFi RSSI' >> -77 dBm
[22:36:20.323][D][main:661]: Received frame dest 0x0f cmd 0xe000: 0x05
[22:36:20.332][D][bshdbus:090]: Missed ACK for dest 0x0f of preceding frame
[22:36:20.344][D][bshdbus:061]: Discarding 1 bytes of unparsed data after timeout of 23 ms: 0x0a
[22:36:20.351][D][main:661]: Received frame dest 0x1f cmd 0xe001: 0x0502
[22:36:20.792][S][text_sensor]: 'Uptime' >> '00d 00h 59m 2s'
[22:36:22.327][D][main:661]: Received frame dest 0x0f cmd 0xe000: 0x05
[22:36:22.335][D][bshdbus:090]: Missed ACK for dest 0x0f of preceding frame
[22:36:22.350][D][bshdbus:061]: Discarding 1 bytes of unparsed data after timeout of 23 ms: 0x0a
[22:36:22.364][D][main:661]: Received frame dest 0x1f cmd 0xe001: 0x0502
[22:36:24.330][D][main:661]: Received frame dest 0x0f cmd 0xe000: 0x05
[22:36:24.336][D][bshdbus:090]: Missed ACK for dest 0x0f of preceding frame
[22:36:24.383][D][bshdbus:061]: Discarding 10 bytes of unparsed data after timeout of 32 ms: 0x0a041fe00105020b6f1a
[22:36:26.334][D][main:661]: Received frame dest 0x0f cmd 0xe000: 0x05
[22:36:26.342][D][bshdbus:090]: Missed ACK for dest 0x0f of preceding frame
[22:36:26.384][D][bshdbus:061]: Discarding 10 bytes of unparsed data after timeout of 32 ms: 0x0a041fe00105020b6f1a
[22:36:28.337][D][main:661]: Received frame dest 0x0f cmd 0xe000: 0x05
[22:36:28.344][D][bshdbus:090]: Missed ACK for dest 0x0f of preceding frame
[22:36:28.369][D][bshdbus:061]: Discarding 1 bytes of unparsed data after timeout of 27 ms: 0x0a
[22:36:28.391][D][main:661]: Received frame dest 0x1f cmd 0xe001: 0x0502
[22:36:30.341][D][main:661]: Received frame dest 0x0f cmd 0xe000: 0x05
[22:36:30.347][D][bshdbus:090]: Missed ACK for dest 0x0f of preceding frame
[22:36:30.393][D][bshdbus:061]: Discarding 10 bytes of unparsed data after timeout of 32 ms: 0x0a041fe00105020b6f1a
[22:36:32.344][D][main:661]: Received frame dest 0x0f cmd 0xe000: 0x05
[22:36:32.355][D][bshdbus:090]: Missed ACK for dest 0x0f of preceding frame
[22:36:32.397][D][bshdbus:061]: Discarding 10 bytes of unparsed data after timeout of 32 ms: 0x0a041fe00105020b6f1a
[22:36:34.350][D][main:661]: Received frame dest 0x0f cmd 0xe000: 0x05
[22:36:34.361][D][bshdbus:090]: Missed ACK for dest 0x0f of preceding frame
[22:36:34.373][D][bshdbus:061]: Discarding 1 bytes of unparsed data after timeout of 25 ms: 0x0a
[22:36:34.387][D][main:661]: Received frame dest 0x1f cmd 0xe001: 0x0502
[22:36:36.357][D][main:661]: Received frame dest 0x0f cmd 0xe000: 0x05
[22:36:36.365][D][bshdbus:090]: Missed ACK for dest 0x0f of preceding frame
[22:36:36.405][D][bshdbus:061]: Discarding 10 bytes of unparsed data after timeout of 32 ms: 0x0a041fe00105020b6f1a
[22:36:38.356][D][main:661]: Received frame dest 0x0f cmd 0xe000: 0x05
[22:36:38.364][D][bshdbus:090]: Missed ACK for dest 0x0f of preceding frame
[22:36:38.427][D][bshdbus:061]: Discarding 10 bytes of unparsed data after timeout of 32 ms: 0x0a041fe00105020b6f1a
[22:36:40.359][D][main:661]: Received frame dest 0x0f cmd 0xe000: 0x05
[22:36:40.369][D][bshdbus:090]: Missed ACK for dest 0x0f of preceding frame
[22:36:40.384][D][bshdbus:061]: Discarding 1 bytes of unparsed data after timeout of 25 ms: 0x0a
[22:36:40.393][D][main:661]: Received frame dest 0x1f cmd 0xe001: 0x0502
