[22:07:45.611][I][app:151]: ESPHome version 2026.9.0 compiled on 2026-09-17 21:07:14 +0300
[22:07:45.620][I][app:158]: ESP32 Chip: ESP32-S3 rev0.2, 2 core(s)
[22:07:45.625][C][logger:216]: Logger:
[22:07:45.625][C][logger:216]:   Max Level: DEBUG
[22:07:45.625][C][logger:216]:   Initial Level: DEBUG
[22:07:45.644][C][logger:223]:   Log Baud Rate: 0
[22:07:45.644][C][logger:223]:   Hardware UART: USB_SERIAL_JTAG
[22:07:45.656][C][logger:232]:   Task Log Buffer Size: 768 bytes
[22:07:45.662][C][uart:254]: UART Bus 0:
[22:07:45.667][C][uart:131]:   RX Pin: GPIO4
[22:07:45.676][C][uart:259]:   RX Buffer Size: 1024
[22:07:45.676][C][uart:259]:   RX Full Threshold: 8
[22:07:45.676][C][uart:259]:   RX Timeout: 2
[22:07:45.696][C][uart:268]:   Baud Rate: 9600 baud
[22:07:45.696][C][uart:268]:   Data Bits: 8
[22:07:45.696][C][uart:268]:   Parity: NONE
[22:07:45.696][C][uart:268]:   Stop bits: 1
[22:07:45.696][C][uart:268]:   Wake on data RX: ENABLED
[22:07:45.726][C][template.binary_sensor:016]: Template Binary Sensor 'Washer Powered'
[22:07:45.732][C][template.binary_sensor:165]:   Device Class: 'power'
[22:07:45.737][C][template.binary_sensor:016]: Template Binary Sensor 'Program Running (Derived)'
[22:07:45.742][C][template.binary_sensor:165]:   Device Class: 'running'
[22:07:45.748][C][template.sensor:017]: Template Sensor 'Remaining Time (Smoothed)'
[22:07:45.748][C][template.sensor:017]:   State Class: 'measurement'
[22:07:45.748][C][template.sensor:017]:   Unit of Measurement: 'min'
[22:07:45.748][C][template.sensor:017]:   Accuracy Decimals: 0
[22:07:45.771][C][template.sensor:165]:   Device Class: 'duration'
[22:07:45.779][C][template.sensor:340]:   Update Interval: 30.000s
[22:07:45.785][C][uptime.sensor:017]: Uptime Sensor 'Uptime s'
[22:07:45.785][C][uptime.sensor:017]:   State Class: 'total_increasing'
[22:07:45.785][C][uptime.sensor:017]:   Unit of Measurement: 's'
[22:07:45.785][C][uptime.sensor:017]:   Accuracy Decimals: 0
[22:07:45.809][C][uptime.sensor:165]:   Device Class: 'duration'
[22:07:45.815][C][uptime.sensor:156]:   Icon: 'mdi:timer-outline'
[22:07:45.821][C][uptime.sensor:019]:   Type: Seconds
[22:07:45.826][C][template.text_sensor:016]: Template Sensor 'Uptime'
[22:07:45.832][C][template.text_sensor:156]:   Icon: 'mdi:clock-start'
[22:07:45.837][C][bshdbus:052]: BSH D-Bus:
[22:07:45.844][C][status:016]: Status Binary Sensor 'Status'
[22:07:45.850][C][status:165]:   Device Class: 'connectivity'
[22:07:45.856][C][bshdbus.binary_sensor:011]: BSH D-Bus Binary Sensor:
[22:07:45.863][C][bshdbus.binary_sensor:015]:   Dest node: 0x14
[22:07:45.870][C][bshdbus.binary_sensor:020]:   Command: 0x1007
[22:07:45.880][C][bshdbus.binary_sensor:022]:   Binary Sensors:
[22:07:45.886][C][bshdbus.binary_sensor:016]:   - 'Water Plus'
[22:07:45.893][C][bshdbus.binary_sensor:016]:   - 'Speed Perfect'
[22:07:45.900][C][bshdbus.binary_sensor:016]:   - 'Stain Selection'
[22:07:45.907][C][bshdbus.binary_sensor:016]:   - 'Pre-wash'
[22:07:45.913][C][bshdbus.binary_sensor:016]:   - 'Anti-crease'
[22:07:45.919][C][bshdbus.binary_sensor:011]: BSH D-Bus Binary Sensor:
[22:07:45.925][C][bshdbus.binary_sensor:015]:   Dest node: 0x14
[22:07:45.932][C][bshdbus.binary_sensor:020]:   Command: 0x1008
[22:07:45.939][C][bshdbus.binary_sensor:022]:   Binary Sensors:
[22:07:45.945][C][bshdbus.binary_sensor:016]:   - 'No Spin'
[22:07:45.951][C][bshdbus.binary_sensor:011]: BSH D-Bus Binary Sensor:
[22:07:45.957][C][bshdbus.binary_sensor:015]:   Dest node: 0x15
[22:07:45.964][C][bshdbus.binary_sensor:020]:   Command: 0x1100
[22:07:45.970][C][bshdbus.binary_sensor:022]:   Binary Sensors:
[22:07:45.980][C][bshdbus.binary_sensor:016]:   - 'Start Button'
[22:07:45.988][C][bshdbus.binary_sensor:011]: BSH D-Bus Binary Sensor:
[22:07:45.995][C][bshdbus.binary_sensor:015]:   Dest node: 0x26
[22:07:46.001][C][bshdbus.binary_sensor:020]:   Command: 0x1701
[22:07:46.008][C][bshdbus.binary_sensor:022]:   Binary Sensors:
[22:07:46.016][C][bshdbus.binary_sensor:016]:   - 'Wash Program Started'
[22:07:46.023][C][bshdbus.binary_sensor:011]: BSH D-Bus Binary Sensor:
[22:07:46.031][C][bshdbus.binary_sensor:015]:   Dest node: 0x26
[22:07:46.038][C][bshdbus.binary_sensor:020]:   Command: 0x1200
[22:07:46.044][C][bshdbus.binary_sensor:022]:   Binary Sensors:
[22:07:46.051][C][bshdbus.binary_sensor:016]:   - 'Door Open'
[22:07:46.057][C][bshdbus.binary_sensor:165]:     Device Class: 'door'
[22:07:46.064][C][bshdbus.binary_sensor:016]:   - 'Door Lock'
[22:07:46.070][C][bshdbus.binary_sensor:165]:     Device Class: 'lock'
[22:07:46.076][C][bshdbus.binary_sensor:011]: BSH D-Bus Binary Sensor:
[22:07:46.086][C][bshdbus.binary_sensor:015]:   Dest node: 0x26
[22:07:46.091][C][bshdbus.binary_sensor:020]:   Command: 0x1101
[22:07:46.097][C][bshdbus.binary_sensor:022]:   Binary Sensors:
[22:07:46.103][C][bshdbus.binary_sensor:016]:   - 'Program Running'
[22:07:46.108][C][bshdbus.binary_sensor:165]:     Device Class: 'running'
[22:07:46.113][C][internal_temperature:017]: Internal Temperature Sensor 'ESP Internal Temperature'
[22:07:46.113][C][internal_temperature:017]:   State Class: 'measurement'
[22:07:46.113][C][internal_temperature:017]:   Unit of Measurement: '°C'
[22:07:46.113][C][internal_temperature:017]:   Accuracy Decimals: 1
[22:07:46.133][C][internal_temperature:165]:   Device Class: 'temperature'
[22:07:46.139][C][bshdbus.sensor:011]: BSH D-Bus Sensor:
[22:07:46.144][C][bshdbus.sensor:015]:   Dest node: 0x14
[22:07:46.151][C][bshdbus.sensor:020]:   Command: 0x1006
[22:07:46.157][C][bshdbus.sensor:022]:   Sensors:
[22:07:46.164][C][bshdbus.sensor:017]:   - 'Spin Speed'
[22:07:46.164][C][bshdbus.sensor:017]:     State Class: 'measurement'
[22:07:46.164][C][bshdbus.sensor:017]:     Unit of Measurement: 'rpm'
[22:07:46.164][C][bshdbus.sensor:017]:     Accuracy Decimals: 0
[22:07:46.191][C][bshdbus.sensor:165]:     Device Class: 'speed'
[22:07:46.197][C][bshdbus.sensor:011]: BSH D-Bus Sensor:
[22:07:46.203][C][bshdbus.sensor:015]:   Dest node: 0x16
[22:07:46.209][C][bshdbus.sensor:020]:   Command: 0x3015
[22:07:46.215][C][bshdbus.sensor:022]:   Sensors:
[22:07:46.221][C][bshdbus.sensor:017]:   - 'Drum Speed (current)'
[22:07:46.221][C][bshdbus.sensor:017]:     State Class: ''
[22:07:46.221][C][bshdbus.sensor:017]:     Unit of Measurement: 'rpm'
[22:07:46.221][C][bshdbus.sensor:017]:     Accuracy Decimals: 0
[22:07:46.245][C][bshdbus.sensor:165]:     Device Class: 'speed'
[22:07:46.251][C][bshdbus.sensor:011]: BSH D-Bus Sensor:
[22:07:46.258][C][bshdbus.sensor:015]:   Dest node: 0x17
[22:07:46.265][C][bshdbus.sensor:020]:   Command: 0x4010
[22:07:46.270][C][bshdbus.sensor:022]:   Sensors:
[22:07:46.276][C][bshdbus.sensor:017]:   - 'Imbalance X'
[22:07:46.276][C][bshdbus.sensor:017]:     State Class: ''
[22:07:46.276][C][bshdbus.sensor:017]:     Unit of Measurement: ''
[22:07:46.276][C][bshdbus.sensor:017]:     Accuracy Decimals: 0
[22:07:46.304][C][bshdbus.sensor:156]:     Icon: 'mdi:axis-x-rotate-clockwise'
[22:07:46.310][C][bshdbus.sensor:017]:   - 'Imbalance Z'
[22:07:46.310][C][bshdbus.sensor:017]:     State Class: ''
[22:07:46.310][C][bshdbus.sensor:017]:     Unit of Measurement: ''
[22:07:46.310][C][bshdbus.sensor:017]:     Accuracy Decimals: 0
[22:07:46.333][C][bshdbus.sensor:156]:     Icon: 'mdi:axis-z-rotate-clockwise'
[22:07:46.338][C][bshdbus.sensor:017]:   - 'Imbalance Y'
[22:07:46.338][C][bshdbus.sensor:017]:     State Class: ''
[22:07:46.338][C][bshdbus.sensor:017]:     Unit of Measurement: ''
[22:07:46.338][C][bshdbus.sensor:017]:     Accuracy Decimals: 0
[22:07:46.365][C][bshdbus.sensor:156]:     Icon: 'mdi:axis-y-rotate-clockwise'
[22:07:46.371][C][bshdbus.sensor:011]: BSH D-Bus Sensor:
[22:07:46.376][C][bshdbus.sensor:015]:   Dest node: 0x2a
[22:07:46.382][C][bshdbus.sensor:020]:   Command: 0x1600
[22:07:46.391][C][bshdbus.sensor:022]:   Sensors:
[22:07:46.397][C][bshdbus.sensor:017]:   - 'Remaining Time'
[22:07:46.397][C][bshdbus.sensor:017]:     State Class: 'measurement'
[22:07:46.397][C][bshdbus.sensor:017]:     Unit of Measurement: 'min'
[22:07:46.397][C][bshdbus.sensor:017]:     Accuracy Decimals: 0
[22:07:46.421][C][bshdbus.sensor:165]:     Device Class: 'duration'
[22:07:46.426][C][bshdbus.sensor:011]: BSH D-Bus Sensor:
[22:07:46.432][C][bshdbus.sensor:015]:   Dest node: 0x14
[22:07:46.438][C][bshdbus.sensor:020]:   Command: 0x1004
[22:07:46.443][C][bshdbus.sensor:022]:   Sensors:
[22:07:46.450][C][bshdbus.sensor:017]:   - 'Temperature'
[22:07:46.450][C][bshdbus.sensor:017]:     State Class: 'measurement'
[22:07:46.450][C][bshdbus.sensor:017]:     Unit of Measurement: '°C'
[22:07:46.450][C][bshdbus.sensor:017]:     Accuracy Decimals: 0
[22:07:46.470][C][bshdbus.sensor:165]:     Device Class: 'temperature'
[22:07:46.476][C][bshdbus.sensor:156]:     Icon: 'mdi:thermometer'
[22:07:46.481][C][bshdbus.sensor:011]: BSH D-Bus Sensor:
[22:07:46.487][C][bshdbus.sensor:015]:   Dest node: 0x14
[22:07:46.494][C][bshdbus.sensor:020]:   Command: 0x1007
[22:07:46.500][C][bshdbus.sensor:022]:   Sensors:
[22:07:46.506][C][bshdbus.sensor:017]:   - 'Extra Rinse'
[22:07:46.506][C][bshdbus.sensor:017]:     State Class: ''
[22:07:46.506][C][bshdbus.sensor:017]:     Unit of Measurement: ''
[22:07:46.506][C][bshdbus.sensor:017]:     Accuracy Decimals: 0
[22:07:46.528][C][bshdbus.sensor:156]:     Icon: 'mdi:water-plus-outline'
[22:07:46.533][C][bshdbus.text_sensor:011]: BSH D-Bus Text Sensor:
[22:07:46.539][C][bshdbus.text_sensor:015]:   Dest node: 0x14
[22:07:46.545][C][bshdbus.text_sensor:020]:   Command: 0x1005
[22:07:46.552][C][bshdbus.text_sensor:022]:   Text Sensors:
[22:07:46.558][C][bshdbus.text_sensor:016]:   - 'Wash Program'
[22:07:46.563][C][bshdbus.text_sensor:156]:     Icon: 'mdi:numeric'
[22:07:46.570][C][bshdbus.text_sensor:011]: BSH D-Bus Text Sensor:
[22:07:46.577][C][bshdbus.text_sensor:015]:   Dest node: 0x14
[22:07:46.583][C][bshdbus.text_sensor:020]:   Command: 0x1007
[22:07:46.589][C][bshdbus.text_sensor:022]:   Text Sensors:
[22:07:46.597][C][bshdbus.text_sensor:016]:   - 'Wash Mode'
[22:07:46.602][C][bshdbus.text_sensor:156]:     Icon: 'mdi:tune-variant'
[22:07:46.608][C][bshdbus.text_sensor:011]: BSH D-Bus Text Sensor:
[22:07:46.616][C][bshdbus.text_sensor:015]:   Dest node: 0x16
[22:07:46.624][C][bshdbus.text_sensor:020]:   Command: 0x3015
[22:07:46.631][C][bshdbus.text_sensor:022]:   Text Sensors:
[22:07:46.639][C][bshdbus.text_sensor:016]:   - 'Current Rotation Direction'
[22:07:46.645][C][bshdbus.text_sensor:156]:     Icon: 'mdi:crop-rotate'
[22:07:46.651][C][bshdbus.text_sensor:011]: BSH D-Bus Text Sensor:
[22:07:46.658][C][bshdbus.text_sensor:015]:   Dest node: 0x26
[22:07:46.664][C][bshdbus.text_sensor:020]:   Command: 0x1200
[22:07:46.670][C][bshdbus.text_sensor:022]:   Text Sensors:
[22:07:46.677][C][bshdbus.text_sensor:016]:   - 'Door'
[22:07:46.683][C][bshdbus.text_sensor:156]:     Icon: 'mdi:door'
[22:07:46.689][C][bshdbus.text_sensor:011]: BSH D-Bus Text Sensor:
[22:07:46.699][C][bshdbus.text_sensor:015]:   Dest node: 0x26
[22:07:46.707][C][bshdbus.text_sensor:020]:   Command: 0x1020
[22:07:46.714][C][bshdbus.text_sensor:022]:   Text Sensors:
[22:07:46.721][C][bshdbus.text_sensor:016]:   - 'Program Step'
[22:07:46.727][C][bshdbus.text_sensor:156]:     Icon: 'mdi:map-marker-path'
[22:07:46.733][C][bshdbus.text_sensor:011]: BSH D-Bus Text Sensor:
[22:07:46.739][C][bshdbus.text_sensor:015]:   Dest node: 0x26
[22:07:46.745][C][bshdbus.text_sensor:020]:   Command: 0x1101
[22:07:46.751][C][bshdbus.text_sensor:022]:   Text Sensors:
[22:07:46.757][C][bshdbus.text_sensor:016]:   - 'Status'
[22:07:46.762][C][bshdbus.text_sensor:156]:     Icon: 'mdi:state-machine'
[22:07:46.768][C][wifi_info:016]: SSID 'SSID'
[22:07:46.774][C][wifi_info:016]: BSSID 'BSSID'
[22:07:46.784][C][wifi_info:016]: MAC Address 'MAC'
[22:07:46.791][C][wifi_info:016]: IP Address 'IP'
[22:07:46.801][C][version.text_sensor:016]: Version Text Sensor 'ESPHome Version'
[22:07:46.808][C][version.text_sensor:156]:   Icon: 'mdi:new-box'
[22:07:46.813][C][restart.button:014]: Restart Button 'Restart'
[22:07:46.819][C][restart.button:156]:   Icon: 'mdi:restart'
[22:07:46.826][C][esp32_ble:821]: Bluetooth stack is not enabled
[22:07:46.832][C][network:050]: Network:
[22:07:46.832][C][network:050]:   TCP send buffer: 5760 bytes
[22:07:46.843][C][wifi:1582]: WiFi:
[22:07:46.843][C][wifi:1582]:   Local MAC: 28:84:85:6B:3D:AC
[22:07:46.843][C][wifi:1582]:   Connected: YES
[22:07:46.862][C][wifi:1286]:   IP Address: 192.168.200.100
[22:07:46.868][C][wifi:1297]:   SSID: '888_Network_IOT'
[22:07:46.868][C][wifi:1297]:   BSSID: 8E:78:48:12:EC:F5
[22:07:46.868][C][wifi:1297]:   Hostname: 'esp32-bsh-washer'
[22:07:46.868][C][wifi:1297]:   Signal strength: -79 dB ▂▄▆█
[22:07:46.868][C][wifi:1297]:   Channel: 6
[22:07:46.868][C][wifi:1297]:   Subnet: 255.255.255.0
[22:07:46.868][C][wifi:1297]:   Gateway: 192.168.200.1
[22:07:46.868][C][wifi:1297]:   DNS1: 192.168.1.1
[22:07:46.868][C][wifi:1297]:   DNS2: 0.0.0.0
[22:07:46.939][C][sntp:058]: SNTP Time:
[22:07:46.945][C][sntp:061]:   Server 0: '0.pool.ntp.org'
[22:07:46.950][C][sntp:061]:   Server 1: '1.pool.ntp.org'
[22:07:46.955][C][sntp:061]:   Server 2: '2.pool.ntp.org'
[22:07:46.962][C][time:051]: Timezone: UTC+3:00
[22:07:46.968][C][time:055]: Current time: 2026-09-18 22:08:12
[22:07:46.974][C][esphome.ota:113]: Over-The-Air updates:
[22:07:46.974][C][esphome.ota:113]:   Address: esp32-bsh-washer.iot.home.to4ko.ru:3232
[22:07:46.974][C][esphome.ota:113]:   Version: 2
[22:07:46.991][C][safe_mode:058]: Safe Mode:
[22:07:46.991][C][safe_mode:058]:   Successful after: 60s
[22:07:46.991][C][safe_mode:058]:   Invoke after: 5 attempts
[22:07:46.991][C][safe_mode:058]:   Duration: 900s
[22:07:47.017][C][safe_mode:079]:   Bootloader rollback: support unknown
[22:07:47.023][C][api:271]: Server:
[22:07:47.023][C][api:271]:   Address: esp32-bsh-washer.iot.home.to4ko.ru:6053
[22:07:47.023][C][api:271]:   Listen backlog: 4
[22:07:47.023][C][api:271]:   Max connections: 5
[22:07:47.048][C][api:283]:   Noise encryption: NO
[22:07:47.053][C][wifi_signal.sensor:017]: WiFi Signal 'WiFi RSSI'
[22:07:47.053][C][wifi_signal.sensor:017]:   State Class: 'measurement'
[22:07:47.053][C][wifi_signal.sensor:017]:   Unit of Measurement: 'dBm'
[22:07:47.053][C][wifi_signal.sensor:017]:   Accuracy Decimals: 0
[22:07:47.077][C][wifi_signal.sensor:165]:   Device Class: 'signal_strength'
[22:07:47.083][C][mdns:259]: mDNS:
[22:07:47.083][C][mdns:259]:   Hostname: esp32-bsh-washer
[22:07:47.182][D][main:692]: Received frame dest 0x0f cmd 0xe000: 0x05
[22:07:47.188][D][bshdbus:090]: Missed ACK for dest 0x0f of preceding frame
[22:07:47.230][D][bshdbus:061]: Discarding 10 bytes of unparsed data after timeout of 32 ms: 0x0a041fe00105020b6f1a
[22:07:49.192][D][main:692]: Received frame dest 0x0f cmd 0xe000: 0x05
[22:07:49.199][D][bshdbus:090]: Missed ACK for dest 0x0f of preceding frame
[22:07:49.218][D][bshdbus:061]: Discarding 1 bytes of unparsed data after timeout of 26 ms: 0x0a
[22:07:49.225][D][main:692]: Received frame dest 0x1f cmd 0xe001: 0x0502
[22:07:51.183][D][main:692]: Received frame dest 0x0f cmd 0xe000: 0x05
[22:07:51.190][D][bshdbus:090]: Missed ACK for dest 0x0f of preceding frame
[22:07:51.213][D][bshdbus:061]: Discarding 1 bytes of unparsed data after timeout of 25 ms: 0x0a
[22:07:51.219][D][main:692]: Received frame dest 0x1f cmd 0xe001: 0x0502
[22:07:52.284][S][sensor]: 'WiFi RSSI' >> -79 dBm
[22:07:52.413][S][sensor]: 'Remaining Time (Smoothed)' >> nan min
[22:07:52.591][S][sensor]: 'Uptime s' >> 663 s
[22:07:53.194][D][main:692]: Received frame dest 0x0f cmd 0xe000: 0x05
[22:07:53.200][D][bshdbus:090]: Missed ACK for dest 0x0f of preceding frame
[22:07:53.239][D][bshdbus:061]: Discarding 10 bytes of unparsed data after timeout of 32 ms: 0x0a041fe00105020b6f1a
[22:07:54.043][S][text_sensor]: 'Uptime' >> '00d 00h 11m 3s'
[22:07:54.653][S][sensor]: 'ESP Internal Temperature' >> 53.3 °C
[22:07:55.185][D][main:692]: Received frame dest 0x0f cmd 0xe000: 0x05
[22:07:55.191][D][bshdbus:090]: Missed ACK for dest 0x0f of preceding frame
[22:07:55.232][D][bshdbus:061]: Discarding 10 bytes of unparsed data after timeout of 32 ms: 0x0a041fe00105020b6f1a
[22:07:57.194][D][main:692]: Received frame dest 0x0f cmd 0xe000: 0x05
[22:07:57.206][D][bshdbus:090]: Missed ACK for dest 0x0f of preceding frame
[22:07:57.257][D][bshdbus:061]: Discarding 10 bytes of unparsed data after timeout of 32 ms: 0x0a041fe00105020b6f1a
[22:07:59.205][D][main:692]: Received frame dest 0x0f cmd 0xe000: 0x05
[22:07:59.211][D][bshdbus:090]: Missed ACK for dest 0x0f of preceding frame
[22:07:59.252][D][bshdbus:061]: Discarding 10 bytes of unparsed data after timeout of 32 ms: 0x0a041fe00105020b6f1a
[22:08:01.195][D][main:692]: Received frame dest 0x0f cmd 0xe000: 0x05
[22:08:01.202][D][bshdbus:090]: Missed ACK for dest 0x0f of preceding frame
[22:08:01.250][D][bshdbus:061]: Discarding 10 bytes of unparsed data after timeout of 32 ms: 0x0a041fe00105020b6f1a
[22:08:03.206][D][main:692]: Received frame dest 0x0f cmd 0xe000: 0x05
[22:08:03.212][D][bshdbus:090]: Missed ACK for dest 0x0f of preceding frame
[22:08:03.254][D][bshdbus:061]: Discarding 10 bytes of unparsed data after timeout of 32 ms: 0x0a041fe00105020b6f1a
[22:08:05.213][D][main:692]: Received frame dest 0x0f cmd 0xe000: 0x05
[22:08:05.220][D][bshdbus:090]: Missed ACK for dest 0x0f of preceding frame
[22:08:05.244][D][bshdbus:061]: Discarding 1 bytes of unparsed data after timeout of 22 ms: 0x0a
[22:08:05.256][D][main:692]: Received frame dest 0x1f cmd 0xe001: 0x0502
[22:08:07.207][D][main:692]: Received frame dest 0x0f cmd 0xe000: 0x05
[22:08:07.213][D][bshdbus:090]: Missed ACK for dest 0x0f of preceding frame
[22:08:07.235][D][bshdbus:061]: Discarding 1 bytes of unparsed data after timeout of 28 ms: 0x0a
[22:08:07.243][D][main:692]: Received frame dest 0x1f cmd 0xe001: 0x0502
[22:08:09.214][D][main:692]: Received frame dest 0x0f cmd 0xe000: 0x05
[22:08:09.226][D][bshdbus:090]: Missed ACK for dest 0x0f of preceding frame
[22:08:09.267][D][bshdbus:061]: Discarding 10 bytes of unparsed data after timeout of 32 ms: 0x0a041fe00105020b6f1a
[22:08:11.224][D][main:692]: Received frame dest 0x0f cmd 0xe000: 0x05
[22:08:11.231][D][bshdbus:090]: Missed ACK for dest 0x0f of preceding frame
[22:08:11.248][D][bshdbus:061]: Discarding 1 bytes of unparsed data after timeout of 25 ms: 0x0a
[22:08:11.261][D][main:692]: Received frame dest 0x1f cmd 0xe001: 0x0502
[22:08:13.234][D][main:692]: Received frame dest 0x0f cmd 0xe000: 0x05
[22:08:13.241][D][bshdbus:090]: Missed ACK for dest 0x0f of preceding frame
[22:08:13.269][D][bshdbus:061]: Discarding 10 bytes of unparsed data after timeout of 32 ms: 0x0a041fe00105020b6f1a
[22:08:15.226][D][main:692]: Received frame dest 0x0f cmd 0xe000: 0x05
[22:08:15.234][D][bshdbus:090]: Missed ACK for dest 0x0f of preceding frame
[22:08:15.252][D][bshdbus:061]: Discarding 1 bytes of unparsed data after timeout of 26 ms: 0x0a
[22:08:15.279][D][main:692]: Received frame dest 0x1f cmd 0xe001: 0x0502
[22:08:17.234][D][main:692]: Received frame dest 0x0f cmd 0xe000: 0x05
[22:08:17.242][D][bshdbus:090]: Missed ACK for dest 0x0f of preceding frame
[22:08:17.257][D][bshdbus:061]: Discarding 1 bytes of unparsed data after timeout of 25 ms: 0x0a
[22:08:17.268][D][main:692]: Received frame dest 0x1f cmd 0xe001: 0x0502
[22:08:19.225][D][main:692]: Received frame dest 0x0f cmd 0xe000: 0x05
[22:08:19.232][D][bshdbus:090]: Missed ACK for dest 0x0f of preceding frame
[22:08:19.248][D][bshdbus:061]: Discarding 1 bytes of unparsed data after timeout of 23 ms: 0x0a
[22:08:19.259][D][main:692]: Received frame dest 0x1f cmd 0xe001: 0x0502
[22:08:21.235][D][main:692]: Received frame dest 0x0f cmd 0xe000: 0x05
[22:08:21.242][D][bshdbus:090]: Missed ACK for dest 0x0f of preceding frame
[22:08:21.283][D][bshdbus:061]: Discarding 10 bytes of unparsed data after timeout of 32 ms: 0x0a041fe00105020b6f1a
[22:08:22.421][S][sensor]: 'Remaining Time (Smoothed)' >> nan min
[22:08:23.229][D][main:692]: Received frame dest 0x0f cmd 0xe000: 0x05
[22:08:23.253][D][bshdbus:090]: Missed ACK for dest 0x0f of preceding frame
[22:08:23.260][D][bshdbus:061]: Discarding 1 bytes of unparsed data after timeout of 23 ms: 0x0a
[22:08:23.266][D][main:692]: Received frame dest 0x1f cmd 0xe001: 0x0502
[22:08:25.238][D][main:692]: Received frame dest 0x0f cmd 0xe000: 0x05
[22:08:25.245][D][bshdbus:090]: Missed ACK for dest 0x0f of preceding frame
[22:08:25.263][D][bshdbus:061]: Discarding 1 bytes of unparsed data after timeout of 26 ms: 0x0a
[22:08:25.270][D][main:692]: Received frame dest 0x1f cmd 0xe001: 0x0502
[22:08:27.303][D][main:692]: Received frame dest 0x0f cmd 0xe000: 0x05
[22:08:27.510][D][bshdbus:090]: Missed ACK for dest 0x0f of preceding frame
[22:08:27.516][D][bshdbus:061]: Discarding 10 bytes of unparsed data after timeout of 32 ms: 0x0a041fe00105020b6f1a
[22:08:29.237][D][main:692]: Received frame dest 0x0f cmd 0xe000: 0x05
[22:08:29.244][D][bshdbus:090]: Missed ACK for dest 0x0f of preceding frame
[22:08:29.264][D][bshdbus:061]: Discarding 1 bytes of unparsed data after timeout of 29 ms: 0x0a
[22:08:29.277][D][main:692]: Received frame dest 0x1f cmd 0xe001: 0x0502
[22:08:31.258][D][main:692]: Received frame dest 0x0f cmd 0xe000: 0x05
[22:08:31.265][D][bshdbus:090]: Missed ACK for dest 0x0f of preceding frame
[22:08:31.299][D][bshdbus:061]: Discarding 10 bytes of unparsed data after timeout of 32 ms: 0x0a041fe00105020b6f1a
[22:08:33.257][D][main:692]: Received frame dest 0x0f cmd 0xe000: 0x05
[22:08:33.264][D][bshdbus:090]: Missed ACK for dest 0x0f of preceding frame
[22:08:33.304][D][bshdbus:061]: Discarding 10 bytes of unparsed data after timeout of 32 ms: 0x0a041fe00105020b6f1a
[22:08:35.250][D][main:692]: Received frame dest 0x0f cmd 0xe000: 0x05
[22:08:35.256][D][bshdbus:090]: Missed ACK for dest 0x0f of preceding frame
[22:08:35.274][D][bshdbus:061]: Discarding 1 bytes of unparsed data after timeout of 29 ms: 0x0a
[22:08:35.284][D][main:692]: Received frame dest 0x1f cmd 0xe001: 0x0502
[22:08:37.258][D][main:692]: Received frame dest 0x0f cmd 0xe000: 0x05
[22:08:37.266][D][bshdbus:090]: Missed ACK for dest 0x0f of preceding frame
[22:08:37.276][D][bshdbus:061]: Discarding 1 bytes of unparsed data after timeout of 21 ms: 0x0a
[22:08:37.297][D][main:692]: Received frame dest 0x1f cmd 0xe001: 0x0502
[22:08:39.265][D][main:692]: Received frame dest 0x0f cmd 0xe000: 0x05
[22:08:39.285][D][bshdbus:090]: Missed ACK for dest 0x0f of preceding frame
[22:08:39.291][D][bshdbus:061]: Discarding 1 bytes of unparsed data after timeout of 21 ms: 0x0a
[22:08:39.297][D][main:692]: Received frame dest 0x1f cmd 0xe001: 0x0502
[22:08:41.257][D][main:692]: Received frame dest 0x0f cmd 0xe000: 0x05
[22:08:41.264][D][bshdbus:090]: Missed ACK for dest 0x0f of preceding frame
[22:08:41.294][D][bshdbus:061]: Discarding 1 bytes of unparsed data after timeout of 22 ms: 0x0a
[22:08:41.301][D][main:692]: Received frame dest 0x1f cmd 0xe001: 0x0502
[22:08:43.269][D][main:692]: Received frame dest 0x0f cmd 0xe000: 0x05
[22:08:43.276][D][bshdbus:090]: Missed ACK for dest 0x0f of preceding frame
[22:08:43.290][D][bshdbus:061]: Discarding 1 bytes of unparsed data after timeout of 25 ms: 0x0a
[22:08:43.297][D][main:692]: Received frame dest 0x1f cmd 0xe001: 0x0502
[22:08:45.298][D][main:692]: Received frame dest 0x0f cmd 0xe000: 0x05
[22:08:45.304][D][bshdbus:090]: Missed ACK for dest 0x0f of preceding frame
[22:08:45.324][D][bshdbus:061]: Discarding 10 bytes of unparsed data after timeout of 32 ms: 0x0a041fe00105020b6f1a
[22:08:47.267][D][main:692]: Received frame dest 0x0f cmd 0xe000: 0x05
[22:08:47.282][D][bshdbus:090]: Missed ACK for dest 0x0f of preceding frame
[22:08:47.333][D][bshdbus:061]: Discarding 10 bytes of unparsed data after timeout of 32 ms: 0x0a041fe00105020b6f1a
[22:08:49.290][D][main:692]: Received frame dest 0x0f cmd 0xe000: 0x05
[22:08:49.299][D][bshdbus:090]: Missed ACK for dest 0x0f of preceding frame
[22:08:49.334][D][bshdbus:061]: Discarding 10 bytes of unparsed data after timeout of 32 ms: 0x0a041fe00105020b6f1a
[22:08:51.306][D][main:692]: Received frame dest 0x0f cmd 0xe000: 0x05
[22:08:51.315][D][bshdbus:090]: Missed ACK for dest 0x0f of preceding frame
[22:08:51.343][D][bshdbus:061]: Discarding 1 bytes of unparsed data after timeout of 23 ms: 0x0a
[22:08:51.349][D][main:692]: Received frame dest 0x1f cmd 0xe001: 0x0502
[22:08:52.273][S][sensor]: 'WiFi RSSI' >> -80 dBm
[22:08:52.420][S][sensor]: 'Remaining Time (Smoothed)' >> nan min
[22:08:52.582][S][sensor]: 'Uptime s' >> 723 s
[22:08:53.277][D][main:692]: Received frame dest 0x0f cmd 0xe000: 0x05
[22:08:53.285][D][bshdbus:090]: Missed ACK for dest 0x0f of preceding frame
[22:08:53.307][D][bshdbus:061]: Discarding 1 bytes of unparsed data after timeout of 25 ms: 0x0a
[22:08:53.313][D][main:692]: Received frame dest 0x1f cmd 0xe001: 0x0502
[22:08:54.050][S][text_sensor]: 'Uptime' >> '00d 00h 12m 3s'
[22:08:54.654][S][sensor]: 'ESP Internal Temperature' >> 53.3 °C
[22:08:55.287][D][main:692]: Received frame dest 0x0f cmd 0xe000: 0x05
[22:08:55.299][D][bshdbus:090]: Missed ACK for dest 0x0f of preceding frame
[22:08:55.334][D][bshdbus:061]: Discarding 10 bytes of unparsed data after timeout of 32 ms: 0x0a041fe00105020b6f1a
[22:08:57.296][D][main:692]: Received frame dest 0x0f cmd 0xe000: 0x05
[22:08:57.304][D][bshdbus:090]: Missed ACK for dest 0x0f of preceding frame
[22:08:57.350][D][bshdbus:061]: Discarding 10 bytes of unparsed data after timeout of 32 ms: 0x0a041fe00105020b6f1a
[22:08:59.287][D][main:692]: Received frame dest 0x0f cmd 0xe000: 0x05
[22:08:59.295][D][bshdbus:090]: Missed ACK for dest 0x0f of preceding frame
[22:08:59.344][D][bshdbus:061]: Discarding 10 bytes of unparsed data after timeout of 32 ms: 0x0a041fe00105020b6f1a
[22:09:01.298][D][main:692]: Received frame dest 0x0f cmd 0xe000: 0x05
[22:09:01.311][D][bshdbus:090]: Missed ACK for dest 0x0f of preceding frame
[22:09:01.319][D][bshdbus:061]: Discarding 1 bytes of unparsed data after timeout of 21 ms: 0x0a
[22:09:01.326][D][main:692]: Received frame dest 0x1f cmd 0xe001: 0x0502
[22:09:03.289][D][main:692]: Received frame dest 0x0f cmd 0xe000: 0x05
[22:09:03.312][D][bshdbus:090]: Missed ACK for dest 0x0f of preceding frame
[22:09:03.334][D][bshdbus:061]: Discarding 10 bytes of unparsed data after timeout of 32 ms: 0x0a041fe00105020b6f1a
[22:09:05.300][D][main:692]: Received frame dest 0x0f cmd 0xe000: 0x05
[22:09:05.309][D][bshdbus:090]: Missed ACK for dest 0x0f of preceding frame
[22:09:05.355][D][bshdbus:061]: Discarding 10 bytes of unparsed data after timeout of 32 ms: 0x0a041fe00105020b6f1a
[22:09:07.309][D][main:692]: Received frame dest 0x0f cmd 0xe000: 0x05
[22:09:07.316][D][bshdbus:090]: Missed ACK for dest 0x0f of preceding frame
[22:09:07.330][D][bshdbus:061]: Discarding 1 bytes of unparsed data after timeout of 24 ms: 0x0a
[22:09:07.336][D][main:692]: Received frame dest 0x1f cmd 0xe001: 0x0502
[22:09:09.313][D][main:692]: Received frame dest 0x0f cmd 0xe000: 0x05
[22:09:09.391][D][bshdbus:090]: Missed ACK for dest 0x0f of preceding frame
[22:09:09.433][D][bshdbus:061]: Discarding 10 bytes of unparsed data after timeout of 32 ms: 0x0a041fe00105020b6f1a
[22:09:11.308][D][main:692]: Received frame dest 0x0f cmd 0xe000: 0x05
[22:09:11.314][D][bshdbus:090]: Missed ACK for dest 0x0f of preceding frame
[22:09:11.327][D][bshdbus:061]: Discarding 1 bytes of unparsed data after timeout of 22 ms: 0x0a
[22:09:11.333][D][main:692]: Received frame dest 0x1f cmd 0xe001: 0x0502
[22:09:13.317][D][main:692]: Received frame dest 0x0f cmd 0xe000: 0x05
[22:09:13.325][D][bshdbus:090]: Missed ACK for dest 0x0f of preceding frame
[22:09:13.370][D][bshdbus:061]: Discarding 10 bytes of unparsed data after timeout of 32 ms: 0x0a041fe00105020b6f1a
[22:09:15.309][D][main:692]: Received frame dest 0x0f cmd 0xe000: 0x05
[22:09:15.317][D][bshdbus:090]: Missed ACK for dest 0x0f of preceding frame
[22:09:15.333][D][bshdbus:061]: Discarding 1 bytes of unparsed data after timeout of 26 ms: 0x0a
[22:09:15.339][D][main:692]: Received frame dest 0x1f cmd 0xe001: 0x0502
[22:09:17.343][D][main:692]: Received frame dest 0x0f cmd 0xe000: 0x05
[22:09:17.351][D][bshdbus:090]: Missed ACK for dest 0x0f of preceding frame
[22:09:17.369][D][bshdbus:061]: Discarding 10 bytes of unparsed data after timeout of 32 ms: 0x0a041fe00105020b6f1a
[22:09:19.328][D][main:692]: Received frame dest 0x0f cmd 0xe000: 0x05
[22:09:19.336][D][bshdbus:090]: Missed ACK for dest 0x0f of preceding frame
[22:09:19.355][D][bshdbus:061]: Discarding 1 bytes of unparsed data after timeout of 28 ms: 0x0a
[22:09:19.362][D][main:692]: Received frame dest 0x1f cmd 0xe001: 0x0502
[22:09:21.331][D][main:692]: Received frame dest 0x0f cmd 0xe000: 0x05
[22:09:21.338][D][bshdbus:090]: Missed ACK for dest 0x0f of preceding frame
[22:09:21.370][D][bshdbus:061]: Discarding 10 bytes of unparsed data after timeout of 32 ms: 0x0a041fe00105020b6f1a
[22:09:22.414][S][sensor]: 'Remaining Time (Smoothed)' >> nan min
[22:09:23.328][D][main:692]: Received frame dest 0x0f cmd 0xe000: 0x05
[22:09:23.336][D][bshdbus:090]: Missed ACK for dest 0x0f of preceding frame
[22:09:23.351][D][bshdbus:061]: Discarding 1 bytes of unparsed data after timeout of 24 ms: 0x0a
[22:09:23.357][D][main:692]: Received frame dest 0x1f cmd 0xe001: 0x0502
[22:09:25.339][D][main:692]: Received frame dest 0x0f cmd 0xe000: 0x05
[22:09:25.347][D][bshdbus:090]: Missed ACK for dest 0x0f of preceding frame
[22:09:25.361][D][bshdbus:061]: Discarding 1 bytes of unparsed data after timeout of 23 ms: 0x0a
[22:09:25.367][D][main:692]: Received frame dest 0x1f cmd 0xe001: 0x0502
[22:09:27.337][D][main:692]: Received frame dest 0x0f cmd 0xe000: 0x05
[22:09:27.346][D][bshdbus:090]: Missed ACK for dest 0x0f of preceding frame
[22:09:27.383][D][bshdbus:061]: Discarding 10 bytes of unparsed data after timeout of 32 ms: 0x0a041fe00105020b6f1a
[22:09:29.338][D][main:692]: Received frame dest 0x0f cmd 0xe000: 0x05
[22:09:29.344][D][bshdbus:090]: Missed ACK for dest 0x0f of preceding frame
[22:09:29.393][D][bshdbus:061]: Discarding 10 bytes of unparsed data after timeout of 32 ms: 0x0a041fe00105020b6f1a
[22:09:31.348][D][main:692]: Received frame dest 0x0f cmd 0xe000: 0x05
[22:09:31.356][D][bshdbus:090]: Missed ACK for dest 0x0f of preceding frame
[22:09:31.372][D][bshdbus:061]: Discarding 1 bytes of unparsed data after timeout of 26 ms: 0x0a
[22:09:31.379][D][main:692]: Received frame dest 0x1f cmd 0xe001: 0x0502
[22:09:33.339][D][main:692]: Received frame dest 0x0f cmd 0xe000: 0x05
[22:09:33.346][D][bshdbus:090]: Missed ACK for dest 0x0f of preceding frame
[22:09:33.388][D][bshdbus:061]: Discarding 10 bytes of unparsed data after timeout of 32 ms: 0x0a041fe00105020b6f1a
[22:09:35.363][D][main:692]: Received frame dest 0x0f cmd 0xe000: 0x05
[22:09:35.371][D][bshdbus:090]: Missed ACK for dest 0x0f of preceding frame
[22:09:35.377][D][bshdbus:061]: Discarding 1 bytes of unparsed data after timeout of 29 ms: 0x0a
[22:09:35.383][D][main:692]: Received frame dest 0x1f cmd 0xe001: 0x0502
[22:09:37.358][D][main:692]: Received frame dest 0x0f cmd 0xe000: 0x05
[22:09:37.365][D][bshdbus:090]: Missed ACK for dest 0x0f of preceding frame
[22:09:37.379][D][bshdbus:061]: Discarding 1 bytes of unparsed data after timeout of 23 ms: 0x0a
[22:09:37.386][D][main:692]: Received frame dest 0x1f cmd 0xe001: 0x0502
[22:09:39.353][D][main:692]: Received frame dest 0x0f cmd 0xe000: 0x05
[22:09:39.361][D][bshdbus:090]: Missed ACK for dest 0x0f of preceding frame
[22:09:39.395][D][bshdbus:061]: Discarding 10 bytes of unparsed data after timeout of 32 ms: 0x0a041fe00105020b6f1a
[22:09:41.360][D][main:692]: Received frame dest 0x0f cmd 0xe000: 0x05
[22:09:41.367][D][bshdbus:090]: Missed ACK for dest 0x0f of preceding frame
[22:09:41.412][D][bshdbus:061]: Discarding 10 bytes of unparsed data after timeout of 32 ms: 0x0a041fe00105020b6f1a
[22:09:43.367][D][main:692]: Received frame dest 0x0f cmd 0xe000: 0x05
[22:09:43.374][D][bshdbus:090]: Missed ACK for dest 0x0f of preceding frame
[22:09:43.394][D][bshdbus:061]: Discarding 1 bytes of unparsed data after timeout of 28 ms: 0x0a
[22:09:43.401][D][main:692]: Received frame dest 0x1f cmd 0xe001: 0x0502
[22:09:45.361][D][main:692]: Received frame dest 0x0f cmd 0xe000: 0x05
[22:09:45.371][D][bshdbus:090]: Missed ACK for dest 0x0f of preceding frame
[22:09:45.413][D][bshdbus:061]: Discarding 10 bytes of unparsed data after timeout of 33 ms: 0x0a041fe00105020b6f1a
[22:09:47.368][D][main:692]: Received frame dest 0x0f cmd 0xe000: 0x05
[22:09:47.375][D][bshdbus:090]: Missed ACK for dest 0x0f of preceding frame
[22:09:47.397][D][bshdbus:061]: Discarding 1 bytes of unparsed data after timeout of 23 ms: 0x0a
[22:09:47.404][D][main:692]: Received frame dest 0x1f cmd 0xe001: 0x0502
[22:09:49.389][D][main:692]: Received frame dest 0x0f cmd 0xe000: 0x05
[22:09:49.396][D][bshdbus:090]: Missed ACK for dest 0x0f of preceding frame
[22:09:49.405][D][bshdbus:061]: Discarding 1 bytes of unparsed data after timeout of 29 ms: 0x0a
[22:09:49.411][D][main:692]: Received frame dest 0x1f cmd 0xe001: 0x0502
[22:09:51.370][D][main:692]: Received frame dest 0x0f cmd 0xe000: 0x05
[22:09:51.403][D][bshdbus:090]: Missed ACK for dest 0x0f of preceding frame
[22:09:51.410][D][bshdbus:061]: Discarding 1 bytes of unparsed data after timeout of 22 ms: 0x0a
[22:09:51.415][D][main:692]: Received frame dest 0x1f cmd 0xe001: 0x0502
[22:09:52.273][S][sensor]: 'WiFi RSSI' >> -77 dBm
[22:09:52.419][S][sensor]: 'Remaining Time (Smoothed)' >> nan min
[22:09:52.581][S][sensor]: 'Uptime s' >> 783 s
[22:09:53.387][D][main:692]: Received frame dest 0x0f cmd 0xe000: 0x05
[22:09:53.393][D][bshdbus:090]: Missed ACK for dest 0x0f of preceding frame
[22:09:53.429][D][bshdbus:061]: Discarding 10 bytes of unparsed data after timeout of 32 ms: 0x0a041fe00105020b6f1a
[22:09:54.054][S][text_sensor]: 'Uptime' >> '00d 00h 13m 3s'
[22:09:54.650][S][sensor]: 'ESP Internal Temperature' >> 53.3 °C
[22:09:55.389][D][main:692]: Received frame dest 0x0f cmd 0xe000: 0x05
[22:09:55.396][D][bshdbus:090]: Missed ACK for dest 0x0f of preceding frame
[22:09:55.443][D][bshdbus:061]: Discarding 10 bytes of unparsed data after timeout of 32 ms: 0x0a041fe00105020b6f1a
[22:09:57.379][D][main:692]: Received frame dest 0x0f cmd 0xe000: 0x05
[22:09:57.385][D][bshdbus:090]: Missed ACK for dest 0x0f of preceding frame
[22:09:57.429][D][bshdbus:061]: Discarding 10 bytes of unparsed data after timeout of 32 ms: 0x0a041fe00105020b6f1a
[22:09:59.389][D][main:692]: Received frame dest 0x0f cmd 0xe000: 0x05
[22:09:59.395][D][bshdbus:090]: Missed ACK for dest 0x0f of preceding frame
[22:09:59.421][D][bshdbus:061]: Discarding 1 bytes of unparsed data after timeout of 25 ms: 0x0a
[22:09:59.427][D][main:692]: Received frame dest 0x1f cmd 0xe001: 0x0502
[22:10:01.379][D][main:692]: Received frame dest 0x0f cmd 0xe000: 0x05
[22:10:01.397][D][bshdbus:090]: Missed ACK for dest 0x0f of preceding frame
[22:10:01.432][D][bshdbus:061]: Discarding 10 bytes of unparsed data after timeout of 32 ms: 0x0a041fe00105020b6f1a
[22:10:03.390][D][main:692]: Received frame dest 0x0f cmd 0xe000: 0x05
[22:10:03.397][D][bshdbus:090]: Missed ACK for dest 0x0f of preceding frame
[22:10:03.436][D][bshdbus:061]: Discarding 10 bytes of unparsed data after timeout of 32 ms: 0x0a041fe00105020b6f1a
[22:10:05.397][D][main:692]: Received frame dest 0x0f cmd 0xe000: 0x05
[22:10:05.408][D][bshdbus:090]: Missed ACK for dest 0x0f of preceding frame
[22:10:05.422][D][bshdbus:061]: Discarding 1 bytes of unparsed data after timeout of 26 ms: 0x0a
[22:10:05.429][D][main:692]: Received frame dest 0x1f cmd 0xe001: 0x0502
[22:10:07.389][D][main:692]: Received frame dest 0x0f cmd 0xe000: 0x05
[22:10:07.420][D][bshdbus:090]: Missed ACK for dest 0x0f of preceding frame
[22:10:07.439][D][bshdbus:061]: Discarding 10 bytes of unparsed data after timeout of 32 ms: 0x0a041fe00105020b6f1a
[22:10:09.399][D][main:692]: Received frame dest 0x0f cmd 0xe000: 0x05
[22:10:09.406][D][bshdbus:090]: Missed ACK for dest 0x0f of preceding frame
[22:10:09.428][D][bshdbus:061]: Discarding 1 bytes of unparsed data after timeout of 30 ms: 0x0a
[22:10:09.434][D][main:692]: Received frame dest 0x1f cmd 0xe001: 0x0502
[22:10:11.407][D][main:692]: Received frame dest 0x0f cmd 0xe000: 0x05
[22:10:11.414][D][bshdbus:090]: Missed ACK for dest 0x0f of preceding frame
[22:10:11.429][D][bshdbus:061]: Discarding 1 bytes of unparsed data after timeout of 22 ms: 0x0a
[22:10:11.435][D][main:692]: Received frame dest 0x1f cmd 0xe001: 0x0502
[22:10:13.398][D][main:692]: Received frame dest 0x0f cmd 0xe000: 0x05
[22:10:13.404][D][bshdbus:090]: Missed ACK for dest 0x0f of preceding frame
[22:10:13.450][D][bshdbus:061]: Discarding 10 bytes of unparsed data after timeout of 32 ms: 0x0a041fe00105020b6f1a
[22:10:15.410][D][main:692]: Received frame dest 0x0f cmd 0xe000: 0x05
[22:10:15.541][D][bshdbus:090]: Missed ACK for dest 0x0f of preceding frame
[22:10:15.575][D][bshdbus:061]: Discarding 1 bytes of unparsed data after timeout of 26 ms: 0x0a
[22:10:15.580][D][main:692]: Received frame dest 0x1f cmd 0xe001: 0x0502
[22:10:17.417][D][main:692]: Received frame dest 0x0f cmd 0xe000: 0x05
[22:10:17.423][D][bshdbus:090]: Missed ACK for dest 0x0f of preceding frame
[22:10:17.470][D][bshdbus:061]: Discarding 10 bytes of unparsed data after timeout of 32 ms: 0x0a041fe00105020b6f1a
[22:10:19.427][D][main:692]: Received frame dest 0x0f cmd 0xe000: 0x05
[22:10:19.440][D][bshdbus:090]: Missed ACK for dest 0x0f of preceding frame
[22:10:19.474][D][bshdbus:061]: Discarding 10 bytes of unparsed data after timeout of 33 ms: 0x0a041fe00105020b6f1a
[22:10:21.418][D][main:692]: Received frame dest 0x0f cmd 0xe000: 0x05
[22:10:21.429][D][bshdbus:090]: Missed ACK for dest 0x0f of preceding frame
[22:10:21.441][D][bshdbus:061]: Discarding 1 bytes of unparsed data after timeout of 24 ms: 0x0a
[22:10:21.448][D][main:692]: Received frame dest 0x1f cmd 0xe001: 0x0502
[22:10:22.421][S][sensor]: 'Remaining Time (Smoothed)' >> nan min
[22:10:23.428][D][main:692]: Received frame dest 0x0f cmd 0xe000: 0x05
[22:10:23.437][D][bshdbus:090]: Missed ACK for dest 0x0f of preceding frame
[22:10:23.486][D][bshdbus:061]: Discarding 10 bytes of unparsed data after timeout of 32 ms: 0x0a041fe00105020b6f1a
[22:10:25.420][D][main:692]: Received frame dest 0x0f cmd 0xe000: 0x05
[22:10:25.433][D][bshdbus:090]: Missed ACK for dest 0x0f of preceding frame
[22:10:25.441][D][bshdbus:061]: Discarding 1 bytes of unparsed data after timeout of 25 ms: 0x0a
[22:10:25.446][D][main:692]: Received frame dest 0x1f cmd 0xe001: 0x0502
[22:10:27.428][D][main:692]: Received frame dest 0x0f cmd 0xe000: 0x05
[22:10:27.435][D][bshdbus:090]: Missed ACK for dest 0x0f of preceding frame
[22:10:27.481][D][bshdbus:061]: Discarding 10 bytes of unparsed data after timeout of 32 ms: 0x0a041fe00105020b6f1a
[22:10:29.437][D][main:692]: Received frame dest 0x0f cmd 0xe000: 0x05
[22:10:29.443][D][bshdbus:090]: Missed ACK for dest 0x0f of preceding frame
[22:10:29.461][D][bshdbus:061]: Discarding 1 bytes of unparsed data after timeout of 26 ms: 0x0a
[22:10:29.475][D][main:692]: Received frame dest 0x1f cmd 0xe001: 0x0502
[22:10:31.428][D][main:692]: Received frame dest 0x0f cmd 0xe000: 0x05
[22:10:31.434][D][bshdbus:090]: Missed ACK for dest 0x0f of preceding frame
[22:10:31.448][D][bshdbus:061]: Discarding 1 bytes of unparsed data after timeout of 22 ms: 0x0a
[22:10:31.456][D][main:692]: Received frame dest 0x1f cmd 0xe001: 0x0502
[22:10:33.437][D][main:692]: Received frame dest 0x0f cmd 0xe000: 0x05
[22:10:33.444][D][bshdbus:090]: Missed ACK for dest 0x0f of preceding frame
[22:10:33.487][D][bshdbus:061]: Discarding 10 bytes of unparsed data after timeout of 32 ms: 0x0a041fe00105020b6f1a
[22:10:35.447][D][main:692]: Received frame dest 0x0f cmd 0xe000: 0x05
[22:10:35.485][D][bshdbus:090]: Missed ACK for dest 0x0f of preceding frame
[22:10:35.513][D][bshdbus:061]: Discarding 1 bytes of unparsed data after timeout of 22 ms: 0x0a
[22:10:35.558][D][main:692]: Received frame dest 0x1f cmd 0xe001: 0x0502
[22:10:37.439][D][main:692]: Received frame dest 0x0f cmd 0xe000: 0x05
[22:10:37.446][D][bshdbus:090]: Missed ACK for dest 0x0f of preceding frame
[22:10:37.486][D][bshdbus:061]: Discarding 10 bytes of unparsed data after timeout of 32 ms: 0x0a041fe00105020b6f1a
[22:10:39.448][D][main:692]: Received frame dest 0x0f cmd 0xe000: 0x05
[22:10:39.462][D][bshdbus:090]: Missed ACK for dest 0x0f of preceding frame
[22:10:39.471][D][bshdbus:061]: Discarding 1 bytes of unparsed data after timeout of 24 ms: 0x0a
[22:10:39.477][D][main:692]: Received frame dest 0x1f cmd 0xe001: 0x0502
[22:10:41.455][D][main:692]: Received frame dest 0x0f cmd 0xe000: 0x05
[22:10:41.462][D][bshdbus:090]: Missed ACK for dest 0x0f of preceding frame
[22:10:41.510][D][bshdbus:061]: Discarding 10 bytes of unparsed data after timeout of 32 ms: 0x0a041fe00105020b6f1a
[22:10:43.460][D][main:692]: Received frame dest 0x0f cmd 0xe000: 0x05
[22:10:43.468][D][bshdbus:090]: Missed ACK for dest 0x0f of preceding frame
[22:10:43.474][D][bshdbus:061]: Discarding 1 bytes of unparsed data after timeout of 24 ms: 0x0a
[22:10:43.489][D][main:692]: Received frame dest 0x1f cmd 0xe001: 0x0502
[22:10:45.459][D][main:692]: Received frame dest 0x0f cmd 0xe000: 0x05
[22:10:45.467][D][bshdbus:090]: Missed ACK for dest 0x0f of preceding frame
[22:10:45.511][D][bshdbus:061]: Discarding 10 bytes of unparsed data after timeout of 32 ms: 0x0a041fe00105020b6f1a
[22:10:47.466][D][main:692]: Received frame dest 0x0f cmd 0xe000: 0x05
[22:10:47.472][D][bshdbus:090]: Missed ACK for dest 0x0f of preceding frame
[22:10:47.494][D][bshdbus:061]: Discarding 1 bytes of unparsed data after timeout of 26 ms: 0x0a
[22:10:47.500][D][main:692]: Received frame dest 0x1f cmd 0xe001: 0x0502
[22:10:49.457][D][main:692]: Received frame dest 0x0f cmd 0xe000: 0x05
[22:10:49.469][D][bshdbus:090]: Missed ACK for dest 0x0f of preceding frame
[22:10:49.511][D][bshdbus:061]: Discarding 10 bytes of unparsed data after timeout of 32 ms: 0x0a041fe00105020b6f1a
[22:10:51.467][D][main:692]: Received frame dest 0x0f cmd 0xe000: 0x05
[22:10:51.473][D][bshdbus:090]: Missed ACK for dest 0x0f of preceding frame
[22:10:51.515][D][bshdbus:061]: Discarding 10 bytes of unparsed data after timeout of 32 ms: 0x0a041fe00105020b6f1a
[22:10:52.283][S][sensor]: 'WiFi RSSI' >> -78 dBm
[22:10:52.414][S][sensor]: 'Remaining Time (Smoothed)' >> nan min
[22:10:52.595][S][sensor]: 'Uptime s' >> 843 s
[22:10:53.480][D][main:692]: Received frame dest 0x0f cmd 0xe000: 0x05
[22:10:53.497][D][bshdbus:090]: Missed ACK for dest 0x0f of preceding frame
[22:10:53.530][D][bshdbus:061]: Discarding 10 bytes of unparsed data after timeout of 32 ms: 0x0a041fe00105020b6f1a
[22:10:54.047][S][text_sensor]: 'Uptime' >> '00d 00h 14m 3s'
[22:10:54.659][S][sensor]: 'ESP Internal Temperature' >> 53.3 °C
[22:10:55.470][D][main:692]: Received frame dest 0x0f cmd 0xe000: 0x05
[22:10:55.492][D][bshdbus:090]: Missed ACK for dest 0x0f of preceding frame
[22:10:55.516][D][bshdbus:061]: Discarding 10 bytes of unparsed data after timeout of 32 ms: 0x0a041fe00105020b6f1a
[22:10:57.486][D][main:692]: Received frame dest 0x0f cmd 0xe000: 0x05
[22:10:57.500][D][bshdbus:090]: Missed ACK for dest 0x0f of preceding frame
[22:10:57.505][D][bshdbus:061]: Discarding 1 bytes of unparsed data after timeout of 23 ms: 0x0a
[22:10:57.511][D][main:692]: Received frame dest 0x1f cmd 0xe001: 0x0502
[22:10:59.486][D][main:692]: Received frame dest 0x0f cmd 0xe000: 0x05
[22:10:59.504][D][bshdbus:090]: Missed ACK for dest 0x0f of preceding frame
[22:10:59.539][D][bshdbus:061]: Discarding 10 bytes of unparsed data after timeout of 32 ms: 0x0a041fe00105020b6f1a
[22:11:01.478][D][main:692]: Received frame dest 0x0f cmd 0xe000: 0x05
[22:11:01.486][D][bshdbus:090]: Missed ACK for dest 0x0f of preceding frame
[22:11:01.527][D][bshdbus:061]: Discarding 10 bytes of unparsed data after timeout of 32 ms: 0x0a041fe00105020b6f1a
[22:11:03.488][D][main:692]: Received frame dest 0x0f cmd 0xe000: 0x05
[22:11:03.505][D][bshdbus:090]: Missed ACK for dest 0x0f of preceding frame
[22:11:03.531][D][bshdbus:061]: Discarding 1 bytes of unparsed data after timeout of 25 ms: 0x0a
[22:11:03.538][D][main:692]: Received frame dest 0x1f cmd 0xe001: 0x0502
[22:11:05.497][D][main:692]: Received frame dest 0x0f cmd 0xe000: 0x05
[22:11:05.508][D][bshdbus:090]: Missed ACK for dest 0x0f of preceding frame
[22:11:05.546][D][bshdbus:061]: Discarding 10 bytes of unparsed data after timeout of 32 ms: 0x0a041fe00105020b6f1a
[22:11:07.495][D][main:692]: Received frame dest 0x0f cmd 0xe000: 0x05
[22:11:07.523][D][bshdbus:090]: Missed ACK for dest 0x0f of preceding frame
[22:11:07.543][D][bshdbus:061]: Discarding 10 bytes of unparsed data after timeout of 33 ms: 0x0a041fe00105020b6f1a
[22:11:09.497][D][main:692]: Received frame dest 0x0f cmd 0xe000: 0x05
[22:11:09.521][D][bshdbus:090]: Missed ACK for dest 0x0f of preceding frame
[22:11:09.547][D][bshdbus:061]: Discarding 10 bytes of unparsed data after timeout of 32 ms: 0x0a041fe00105020b6f1a
[22:11:11.512][D][main:692]: Received frame dest 0x0f cmd 0xe000: 0x05
[22:11:11.518][D][bshdbus:090]: Missed ACK for dest 0x0f of preceding frame
[22:11:11.531][D][bshdbus:061]: Discarding 1 bytes of unparsed data after timeout of 26 ms: 0x0a
[22:11:11.537][D][main:692]: Received frame dest 0x1f cmd 0xe001: 0x0502
[22:11:13.497][D][main:692]: Received frame dest 0x0f cmd 0xe000: 0x05
[22:11:13.504][D][bshdbus:090]: Missed ACK for dest 0x0f of preceding frame
[22:11:13.517][D][bshdbus:061]: Discarding 1 bytes of unparsed data after timeout of 22 ms: 0x0a
[22:11:13.523][D][main:692]: Received frame dest 0x1f cmd 0xe001: 0x0502
[22:11:15.510][D][main:692]: Received frame dest 0x0f cmd 0xe000: 0x05
[22:11:15.517][D][bshdbus:090]: Missed ACK for dest 0x0f of preceding frame
[22:11:15.555][D][bshdbus:061]: Discarding 10 bytes of unparsed data after timeout of 32 ms: 0x0a041fe00105020b6f1a
[22:11:17.516][D][main:692]: Received frame dest 0x0f cmd 0xe000: 0x05
[22:11:17.523][D][bshdbus:090]: Missed ACK for dest 0x0f of preceding frame
[22:11:17.568][D][bshdbus:061]: Discarding 10 bytes of unparsed data after timeout of 32 ms: 0x0a041fe00105020b6f1a
[22:11:19.506][D][main:692]: Received frame dest 0x0f cmd 0xe000: 0x05
[22:11:19.519][D][bshdbus:090]: Missed ACK for dest 0x0f of preceding frame
[22:11:19.555][D][bshdbus:061]: Discarding 10 bytes of unparsed data after timeout of 32 ms: 0x0a041fe00105020b6f1a
[22:11:21.520][D][main:692]: Received frame dest 0x0f cmd 0xe000: 0x05
[22:11:21.526][D][bshdbus:090]: Missed ACK for dest 0x0f of preceding frame
[22:11:21.548][D][bshdbus:061]: Discarding 1 bytes of unparsed data after timeout of 23 ms: 0x0a
[22:11:21.553][D][main:692]: Received frame dest 0x1f cmd 0xe001: 0x0502
[22:11:22.422][S][sensor]: 'Remaining Time (Smoothed)' >> nan min
[22:11:23.525][D][main:692]: Received frame dest 0x0f cmd 0xe000: 0x05
[22:11:23.533][D][bshdbus:090]: Missed ACK for dest 0x0f of preceding frame
[22:11:23.551][D][bshdbus:061]: Discarding 1 bytes of unparsed data after timeout of 27 ms: 0x0a
[22:11:23.557][D][main:692]: Received frame dest 0x1f cmd 0xe001: 0x0502
[22:11:25.517][D][main:692]: Received frame dest 0x0f cmd 0xe000: 0x05
[22:11:25.523][D][bshdbus:090]: Missed ACK for dest 0x0f of preceding frame
[22:11:25.544][D][bshdbus:061]: Discarding 1 bytes of unparsed data after timeout of 21 ms: 0x0a
[22:11:25.551][D][main:692]: Received frame dest 0x1f cmd 0xe001: 0x0502
[22:11:27.526][D][main:692]: Received frame dest 0x0f cmd 0xe000: 0x05
[22:11:27.537][D][bshdbus:090]: Missed ACK for dest 0x0f of preceding frame
[22:11:27.574][D][bshdbus:061]: Discarding 10 bytes of unparsed data after timeout of 32 ms: 0x0a041fe00105020b6f1a
[22:11:29.537][D][main:692]: Received frame dest 0x0f cmd 0xe000: 0x05
[22:11:29.545][D][bshdbus:090]: Missed ACK for dest 0x0f of preceding frame
[22:11:29.583][D][bshdbus:061]: Discarding 10 bytes of unparsed data after timeout of 32 ms: 0x0a041fe00105020b6f1a
[22:11:31.529][D][main:692]: Received frame dest 0x0f cmd 0xe000: 0x05
[22:11:31.535][D][bshdbus:090]: Missed ACK for dest 0x0f of preceding frame
[22:11:31.549][D][bshdbus:061]: Discarding 1 bytes of unparsed data after timeout of 23 ms: 0x0a
[22:11:31.558][D][main:692]: Received frame dest 0x1f cmd 0xe001: 0x0502
[22:11:33.536][D][main:692]: Received frame dest 0x0f cmd 0xe000: 0x05
[22:11:33.544][D][bshdbus:090]: Missed ACK for dest 0x0f of preceding frame
[22:11:33.585][D][bshdbus:061]: Discarding 10 bytes of unparsed data after timeout of 32 ms: 0x0a041fe00105020b6f1a
[22:11:35.549][D][main:692]: Received frame dest 0x0f cmd 0xe000: 0x05
[22:11:35.556][D][bshdbus:090]: Missed ACK for dest 0x0f of preceding frame
[22:11:35.603][D][bshdbus:061]: Discarding 10 bytes of unparsed data after timeout of 32 ms: 0x0a041fe00105020b6f1a
[22:11:37.536][D][main:692]: Received frame dest 0x0f cmd 0xe000: 0x05
[22:11:37.544][D][bshdbus:090]: Missed ACK for dest 0x0f of preceding frame
[22:11:37.562][D][bshdbus:061]: Discarding 1 bytes of unparsed data after timeout of 27 ms: 0x0a
[22:11:37.568][D][main:692]: Received frame dest 0x1f cmd 0xe001: 0x0502
[22:11:39.546][D][main:692]: Received frame dest 0x0f cmd 0xe000: 0x05
[22:11:39.553][D][bshdbus:090]: Missed ACK for dest 0x0f of preceding frame
[22:11:39.571][D][bshdbus:061]: Discarding 1 bytes of unparsed data after timeout of 22 ms: 0x0a
[22:11:39.577][D][main:692]: Received frame dest 0x1f cmd 0xe001: 0x0502
[22:11:41.559][D][main:692]: Received frame dest 0x0f cmd 0xe000: 0x05
[22:11:41.575][D][bshdbus:090]: Missed ACK for dest 0x0f of preceding frame
[22:11:41.610][D][bshdbus:061]: Discarding 10 bytes of unparsed data after timeout of 32 ms: 0x0a041fe00105020b6f1a
[22:11:43.548][D][main:692]: Received frame dest 0x0f cmd 0xe000: 0x05
[22:11:43.568][D][bshdbus:090]: Missed ACK for dest 0x0f of preceding frame
[22:11:43.574][D][bshdbus:061]: Discarding 1 bytes of unparsed data after timeout of 22 ms: 0x0a
[22:11:43.580][D][main:692]: Received frame dest 0x1f cmd 0xe001: 0x0502
[22:11:45.558][D][main:692]: Received frame dest 0x0f cmd 0xe000: 0x05
[22:11:45.565][D][bshdbus:090]: Missed ACK for dest 0x0f of preceding frame
[22:11:45.615][D][bshdbus:061]: Discarding 10 bytes of unparsed data after timeout of 32 ms: 0x0a041fe00105020b6f1a
[22:11:47.565][D][main:692]: Received frame dest 0x0f cmd 0xe000: 0x05
[22:11:47.573][D][bshdbus:090]: Missed ACK for dest 0x0f of preceding frame
[22:11:47.589][D][bshdbus:061]: Discarding 1 bytes of unparsed data after timeout of 26 ms: 0x0a
[22:11:47.595][D][main:692]: Received frame dest 0x1f cmd 0xe001: 0x0502
[22:11:49.556][D][main:692]: Received frame dest 0x0f cmd 0xe000: 0x05
[22:11:49.564][D][bshdbus:090]: Missed ACK for dest 0x0f of preceding frame
[22:11:49.612][D][bshdbus:061]: Discarding 1 bytes of unparsed data after timeout of 23 ms: 0x0a
[22:11:49.618][D][main:692]: Received frame dest 0x1f cmd 0xe001: 0x0502
[22:11:51.566][D][main:692]: Received frame dest 0x0f cmd 0xe000: 0x05
[22:11:51.574][D][bshdbus:090]: Missed ACK for dest 0x0f of preceding frame
[22:11:51.592][D][bshdbus:061]: Discarding 1 bytes of unparsed data after timeout of 28 ms: 0x0a
[22:11:51.599][D][main:692]: Received frame dest 0x1f cmd 0xe001: 0x0502
[22:11:52.287][S][sensor]: 'WiFi RSSI' >> -78 dBm
[22:11:52.417][S][sensor]: 'Remaining Time (Smoothed)' >> nan min
[22:11:52.596][S][sensor]: 'Uptime s' >> 903 s
[22:11:53.576][D][main:692]: Received frame dest 0x0f cmd 0xe000: 0x05
[22:11:53.583][D][bshdbus:090]: Missed ACK for dest 0x0f of preceding frame
[22:11:53.627][D][bshdbus:061]: Discarding 10 bytes of unparsed data after timeout of 32 ms: 0x0a041fe00105020b6f1a
[22:11:54.053][S][text_sensor]: 'Uptime' >> '00d 00h 15m 3s'
[22:11:54.576][D][wifi:2485]: Roam scan (-78 dBm, attempt 3/3)
[22:11:54.708][S][sensor]: 'ESP Internal Temperature' >> 55.3 °C
[22:11:55.316][D][sntp:099]: Synchronized time: 2026-09-18 22:12:21
[22:11:55.580][D][main:692]: Received frame dest 0x0f cmd 0xe000: 0x05
[22:11:55.591][D][bshdbus:090]: Missed ACK for dest 0x0f of preceding frame
[22:11:55.598][D][bshdbus:061]: Discarding 1 bytes of unparsed data after timeout of 25 ms: 0x0a
[22:11:55.604][D][main:692]: Received frame dest 0x1f cmd 0xe001: 0x0502
[22:11:57.702][D][main:692]: Received frame dest 0x0f cmd 0xe000: 0x05
[22:11:57.709][D][bshdbus:090]: Missed ACK for dest 0x0f of preceding frame
[22:11:57.715][D][bshdbus:061]: Discarding 1 bytes of unparsed data after timeout of 22 ms: 0x0a
[22:11:57.722][D][main:692]: Received frame dest 0x1f cmd 0xe001: 0x0502
[22:11:59.569][D][main:692]: Received frame dest 0x0f cmd 0xe000: 0x05
[22:11:59.576][D][bshdbus:090]: Missed ACK for dest 0x0f of preceding frame
[22:11:59.592][D][bshdbus:061]: Discarding 1 bytes of unparsed data after timeout of 26 ms: 0x0a
[22:11:59.597][D][main:692]: Received frame dest 0x1f cmd 0xe001: 0x0502
[22:12:01.589][D][main:692]: Received frame dest 0x0f cmd 0xe000: 0x05
[22:12:01.596][D][bshdbus:090]: Missed ACK for dest 0x0f of preceding frame
[22:12:01.624][D][bshdbus:061]: Discarding 10 bytes of unparsed data after timeout of 32 ms: 0x0a041fe00105020b6f1a
[22:12:03.586][D][main:692]: Received frame dest 0x0f cmd 0xe000: 0x05
[22:12:03.594][D][bshdbus:090]: Missed ACK for dest 0x0f of preceding frame
[22:12:03.641][D][bshdbus:061]: Discarding 10 bytes of unparsed data after timeout of 32 ms: 0x0a041fe00105020b6f1a
[22:12:05.583][D][main:692]: Received frame dest 0x0f cmd 0xe000: 0x05
[22:12:05.590][D][bshdbus:090]: Missed ACK for dest 0x0f of preceding frame
[22:12:05.626][D][bshdbus:061]: Discarding 10 bytes of unparsed data after timeout of 32 ms: 0x0a041fe00105020b6f1a
[22:12:07.588][D][main:692]: Received frame dest 0x0f cmd 0xe000: 0x05
[22:12:07.596][D][bshdbus:090]: Missed ACK for dest 0x0f of preceding frame
[22:12:07.638][D][bshdbus:061]: Discarding 10 bytes of unparsed data after timeout of 32 ms: 0x0a041fe00105020b6f1a
[22:12:09.597][D][main:692]: Received frame dest 0x0f cmd 0xe000: 0x05
[22:12:09.604][D][bshdbus:090]: Missed ACK for dest 0x0f of preceding frame
[22:12:09.617][D][bshdbus:061]: Discarding 1 bytes of unparsed data after timeout of 23 ms: 0x0a
[22:12:09.625][D][main:692]: Received frame dest 0x1f cmd 0xe001: 0x0502
[22:12:11.586][D][main:692]: Received frame dest 0x0f cmd 0xe000: 0x05
[22:12:11.599][D][bshdbus:090]: Missed ACK for dest 0x0f of preceding frame
[22:12:11.627][D][bshdbus:061]: Discarding 1 bytes of unparsed data after timeout of 27 ms: 0x0a
[22:12:11.633][D][main:692]: Received frame dest 0x1f cmd 0xe001: 0x0502
[22:12:13.599][D][main:692]: Received frame dest 0x0f cmd 0xe000: 0x05
[22:12:13.609][D][bshdbus:090]: Missed ACK for dest 0x0f of preceding frame
[22:12:13.643][D][bshdbus:061]: Discarding 10 bytes of unparsed data after timeout of 32 ms: 0x0a041fe00105020b6f1a
[22:12:15.619][D][main:692]: Received frame dest 0x0f cmd 0xe000: 0x05
[22:12:15.626][D][bshdbus:090]: Missed ACK for dest 0x0f of preceding frame
[22:12:15.633][D][bshdbus:061]: Discarding 1 bytes of unparsed data after timeout of 29 ms: 0x0a
[22:12:15.640][D][main:692]: Received frame dest 0x1f cmd 0xe001: 0x0502
[22:12:17.597][D][main:692]: Received frame dest 0x0f cmd 0xe000: 0x05
[22:12:17.609][D][bshdbus:090]: Missed ACK for dest 0x0f of preceding frame
[22:12:17.623][D][bshdbus:061]: Discarding 1 bytes of unparsed data after timeout of 25 ms: 0x0a
[22:12:17.629][D][main:692]: Received frame dest 0x1f cmd 0xe001: 0x0502
[22:12:19.664][D][main:692]: Received frame dest 0x0f cmd 0xe000: 0x05
[22:12:19.671][D][bshdbus:090]: Missed ACK for dest 0x0f of preceding frame
[22:12:19.677][D][bshdbus:061]: Discarding 1 bytes of unparsed data after timeout of 29 ms: 0x0a
[22:12:19.684][D][main:692]: Received frame dest 0x1f cmd 0xe001: 0x0502
[22:12:21.615][D][main:692]: Received frame dest 0x0f cmd 0xe000: 0x05
[22:12:21.622][D][bshdbus:090]: Missed ACK for dest 0x0f of preceding frame
[22:12:21.667][D][bshdbus:061]: Discarding 10 bytes of unparsed data after timeout of 32 ms: 0x0a041fe00105020b6f1a
[22:12:22.421][S][sensor]: 'Remaining Time (Smoothed)' >> nan min
[22:12:23.607][D][main:692]: Received frame dest 0x0f cmd 0xe000: 0x05
[22:12:23.615][D][bshdbus:090]: Missed ACK for dest 0x0f of preceding frame
[22:12:23.654][D][bshdbus:061]: Discarding 10 bytes of unparsed data after timeout of 32 ms: 0x0a041fe00105020b6f1a
[22:12:25.621][D][main:692]: Received frame dest 0x0f cmd 0xe000: 0x05
[22:12:25.629][D][bshdbus:090]: Missed ACK for dest 0x0f of preceding frame
[22:12:25.667][D][bshdbus:061]: Discarding 10 bytes of unparsed data after timeout of 32 ms: 0x0a041fe00105020b6f1a
[22:12:27.626][D][main:692]: Received frame dest 0x0f cmd 0xe000: 0x05
[22:12:27.633][D][bshdbus:090]: Missed ACK for dest 0x0f of preceding frame
[22:12:27.673][D][bshdbus:061]: Discarding 10 bytes of unparsed data after timeout of 32 ms: 0x0a041fe00105020b6f1a
[22:12:29.617][D][main:692]: Received frame dest 0x0f cmd 0xe000: 0x05
[22:12:29.625][D][bshdbus:090]: Missed ACK for dest 0x0f of preceding frame
[22:12:29.666][D][bshdbus:061]: Discarding 10 bytes of unparsed data after timeout of 32 ms: 0x0a041fe00105020b6f1a
[22:12:31.626][D][main:692]: Received frame dest 0x0f cmd 0xe000: 0x05
[22:12:31.640][D][bshdbus:090]: Missed ACK for dest 0x0f of preceding frame
[22:12:31.673][D][bshdbus:061]: Discarding 10 bytes of unparsed data after timeout of 33 ms: 0x0a041fe00105020b6f1a
[22:12:33.643][D][main:692]: Received frame dest 0x0f cmd 0xe000: 0x05
[22:12:33.650][D][bshdbus:090]: Missed ACK for dest 0x0f of preceding frame
[22:12:33.688][D][bshdbus:061]: Discarding 10 bytes of unparsed data after timeout of 32 ms: 0x0a041fe00105020b6f1a
[22:12:35.628][D][main:692]: Received frame dest 0x0f cmd 0xe000: 0x05
[22:12:35.636][D][bshdbus:090]: Missed ACK for dest 0x0f of preceding frame
[22:12:35.676][D][bshdbus:061]: Discarding 10 bytes of unparsed data after timeout of 32 ms: 0x0a041fe00105020b6f1a
[22:12:37.638][D][main:692]: Received frame dest 0x0f cmd 0xe000: 0x05
[22:12:37.644][D][bshdbus:090]: Missed ACK for dest 0x0f of preceding frame
[22:12:37.693][D][bshdbus:061]: Discarding 10 bytes of unparsed data after timeout of 33 ms: 0x0a041fe00105020b6f1a
[22:12:39.650][D][main:692]: Received frame dest 0x0f cmd 0xe000: 0x05
[22:12:39.658][D][bshdbus:090]: Missed ACK for dest 0x0f of preceding frame
[22:12:39.666][D][bshdbus:061]: Discarding 1 bytes of unparsed data after timeout of 22 ms: 0x0a
[22:12:39.683][D][main:692]: Received frame dest 0x1f cmd 0xe001: 0x0502
[22:12:41.637][D][main:692]: Received frame dest 0x0f cmd 0xe000: 0x05
[22:12:41.670][D][bshdbus:090]: Missed ACK for dest 0x0f of preceding frame
[22:12:41.677][D][bshdbus:061]: Discarding 1 bytes of unparsed data after timeout of 29 ms: 0x0a
[22:12:41.682][D][main:692]: Received frame dest 0x1f cmd 0xe001: 0x0502
[22:12:43.647][D][main:692]: Received frame dest 0x0f cmd 0xe000: 0x05
[22:12:43.655][D][bshdbus:090]: Missed ACK for dest 0x0f of preceding frame
[22:12:43.667][D][bshdbus:061]: Discarding 1 bytes of unparsed data after timeout of 23 ms: 0x0a
[22:12:43.673][D][main:692]: Received frame dest 0x1f cmd 0xe001: 0x0502
[22:12:45.654][D][main:692]: Received frame dest 0x0f cmd 0xe000: 0x05
[22:12:45.667][D][bshdbus:090]: Missed ACK for dest 0x0f of preceding frame
[22:12:45.707][D][bshdbus:061]: Discarding 10 bytes of unparsed data after timeout of 32 ms: 0x0a041fe00105020b6f1a
[22:12:47.648][D][main:692]: Received frame dest 0x0f cmd 0xe000: 0x05
[22:12:47.657][D][bshdbus:090]: Missed ACK for dest 0x0f of preceding frame
[22:12:47.678][D][bshdbus:061]: Discarding 1 bytes of unparsed data after timeout of 30 ms: 0x0a
[22:12:47.686][D][main:692]: Received frame dest 0x1f cmd 0xe001: 0x0502
[22:12:49.657][D][main:692]: Received frame dest 0x0f cmd 0xe000: 0x05
[22:12:49.665][D][bshdbus:090]: Missed ACK for dest 0x0f of preceding frame
[22:12:49.678][D][bshdbus:061]: Discarding 1 bytes of unparsed data after timeout of 24 ms: 0x0a
[22:12:49.685][D][main:692]: Received frame dest 0x1f cmd 0xe001: 0x0502
[22:12:51.665][D][main:692]: Received frame dest 0x0f cmd 0xe000: 0x05
[22:12:51.672][D][bshdbus:090]: Missed ACK for dest 0x0f of preceding frame
[22:12:51.687][D][bshdbus:061]: Discarding 1 bytes of unparsed data after timeout of 24 ms: 0x0a
[22:12:51.694][D][main:692]: Received frame dest 0x1f cmd 0xe001: 0x0502
[22:12:52.285][S][sensor]: 'WiFi RSSI' >> -79 dBm
[22:12:52.415][S][sensor]: 'Remaining Time (Smoothed)' >> nan min
[22:12:52.593][S][sensor]: 'Uptime s' >> 963 s
[22:12:53.655][D][main:692]: Received frame dest 0x0f cmd 0xe000: 0x05
[22:12:53.662][D][bshdbus:090]: Missed ACK for dest 0x0f of preceding frame
[22:12:53.715][D][bshdbus:061]: Discarding 10 bytes of unparsed data after timeout of 32 ms: 0x0a041fe00105020b6f1a
[22:12:54.054][S][text_sensor]: 'Uptime' >> '00d 00h 16m 3s'
[22:12:54.657][S][sensor]: 'ESP Internal Temperature' >> 54.3 °C
[22:12:55.668][D][main:692]: Received frame dest 0x0f cmd 0xe000: 0x05
[22:12:55.676][D][bshdbus:090]: Missed ACK for dest 0x0f of preceding frame
[22:12:55.715][D][bshdbus:061]: Discarding 10 bytes of unparsed data after timeout of 32 ms: 0x0a041fe00105020b6f1a
[22:12:57.677][D][main:692]: Received frame dest 0x0f cmd 0xe000: 0x05
[22:12:57.685][D][bshdbus:090]: Missed ACK for dest 0x0f of preceding frame
[22:12:57.726][D][bshdbus:061]: Discarding 10 bytes of unparsed data after timeout of 33 ms: 0x0a041fe00105020b6f1a
[22:12:59.677][D][main:692]: Received frame dest 0x0f cmd 0xe000: 0x05
[22:12:59.721][D][bshdbus:090]: Missed ACK for dest 0x0f of preceding frame
[22:12:59.729][D][bshdbus:061]: Discarding 1 bytes of unparsed data after timeout of 25 ms: 0x0a
[22:12:59.742][D][main:692]: Received frame dest 0x1f cmd 0xe001: 0x0502
[22:13:01.678][D][main:692]: Received frame dest 0x0f cmd 0xe000: 0x05
[22:13:01.688][D][bshdbus:090]: Missed ACK for dest 0x0f of preceding frame
[22:13:01.698][D][bshdbus:061]: Discarding 1 bytes of unparsed data after timeout of 23 ms: 0x0a
[22:13:01.732][D][main:692]: Received frame dest 0x1f cmd 0xe001: 0x0502
[22:13:03.685][D][main:692]: Received frame dest 0x0f cmd 0xe000: 0x05
[22:13:03.692][D][bshdbus:090]: Missed ACK for dest 0x0f of preceding frame
[22:13:03.747][D][bshdbus:061]: Discarding 10 bytes of unparsed data after timeout of 32 ms: 0x0a041fe00105020b6f1a
[22:13:05.680][D][main:692]: Received frame dest 0x0f cmd 0xe000: 0x05
[22:13:05.694][D][bshdbus:090]: Missed ACK for dest 0x0f of preceding frame
[22:13:05.700][D][bshdbus:061]: Discarding 1 bytes of unparsed data after timeout of 27 ms: 0x0a
[22:13:05.710][D][main:692]: Received frame dest 0x1f cmd 0xe001: 0x0502
[22:13:07.685][D][main:692]: Received frame dest 0x0f cmd 0xe000: 0x05
[22:13:07.692][D][bshdbus:090]: Missed ACK for dest 0x0f of preceding frame
[22:13:07.712][D][bshdbus:061]: Discarding 1 bytes of unparsed data after timeout of 28 ms: 0x0a
[22:13:07.718][D][main:692]: Received frame dest 0x1f cmd 0xe001: 0x0502
[22:13:09.695][D][main:692]: Received frame dest 0x0f cmd 0xe000: 0x05
[22:13:09.710][D][bshdbus:090]: Missed ACK for dest 0x0f of preceding frame
[22:13:09.718][D][bshdbus:061]: Discarding 1 bytes of unparsed data after timeout of 23 ms: 0x0a
[22:13:09.732][D][main:692]: Received frame dest 0x1f cmd 0xe001: 0x0502
[22:13:11.708][D][main:692]: Received frame dest 0x0f cmd 0xe000: 0x05
[22:13:11.715][D][bshdbus:090]: Missed ACK for dest 0x0f of preceding frame
[22:13:11.723][D][bshdbus:061]: Discarding 1 bytes of unparsed data after timeout of 29 ms: 0x0a
[22:13:11.736][D][main:692]: Received frame dest 0x1f cmd 0xe001: 0x0502
[22:13:13.697][D][main:692]: Received frame dest 0x0f cmd 0xe000: 0x05
[22:13:13.714][D][bshdbus:090]: Missed ACK for dest 0x0f of preceding frame
[22:13:13.721][D][bshdbus:061]: Discarding 1 bytes of unparsed data after timeout of 23 ms: 0x0a
[22:13:13.726][D][main:692]: Received frame dest 0x1f cmd 0xe001: 0x0502
[22:13:15.704][D][main:692]: Received frame dest 0x0f cmd 0xe000: 0x05
[22:13:15.740][D][bshdbus:090]: Missed ACK for dest 0x0f of preceding frame
[22:13:15.751][D][bshdbus:061]: Discarding 10 bytes of unparsed data after timeout of 32 ms: 0x0a041fe00105020b6f1a
[22:13:17.695][D][main:692]: Received frame dest 0x0f cmd 0xe000: 0x05
[22:13:17.703][D][bshdbus:090]: Missed ACK for dest 0x0f of preceding frame
[22:13:17.722][D][bshdbus:061]: Discarding 1 bytes of unparsed data after timeout of 28 ms: 0x0a
[22:13:17.728][D][main:692]: Received frame dest 0x1f cmd 0xe001: 0x0502
[22:13:19.705][D][main:692]: Received frame dest 0x0f cmd 0xe000: 0x05
[22:13:19.724][D][bshdbus:090]: Missed ACK for dest 0x0f of preceding frame
[22:13:19.763][D][bshdbus:061]: Discarding 10 bytes of unparsed data after timeout of 32 ms: 0x0a041fe00105020b6f1a
[22:13:21.714][D][main:692]: Received frame dest 0x0f cmd 0xe000: 0x05
[22:13:21.721][D][bshdbus:090]: Missed ACK for dest 0x0f of preceding frame
[22:13:21.736][D][bshdbus:061]: Discarding 1 bytes of unparsed data after timeout of 22 ms: 0x0a
[22:13:21.744][D][main:692]: Received frame dest 0x1f cmd 0xe001: 0x0502
[22:13:22.431][S][sensor]: 'Remaining Time (Smoothed)' >> nan min
[22:13:23.714][D][main:692]: Received frame dest 0x0f cmd 0xe000: 0x05
[22:13:23.722][D][bshdbus:090]: Missed ACK for dest 0x0f of preceding frame
[22:13:23.753][D][bshdbus:061]: Discarding 10 bytes of unparsed data after timeout of 32 ms: 0x0a041fe00105020b6f1a
[22:13:25.718][D][main:692]: Received frame dest 0x0f cmd 0xe000: 0x05
[22:13:25.731][D][bshdbus:090]: Missed ACK for dest 0x0f of preceding frame
[22:13:25.772][D][bshdbus:061]: Discarding 10 bytes of unparsed data after timeout of 32 ms: 0x0a041fe00105020b6f1a
[22:13:27.724][D][main:692]: Received frame dest 0x0f cmd 0xe000: 0x05
[22:13:27.732][D][bshdbus:090]: Missed ACK for dest 0x0f of preceding frame
[22:13:27.772][D][bshdbus:061]: Discarding 10 bytes of unparsed data after timeout of 32 ms: 0x0a041fe00105020b6f1a
[22:13:29.715][D][main:692]: Received frame dest 0x0f cmd 0xe000: 0x05
[22:13:29.728][D][bshdbus:090]: Missed ACK for dest 0x0f of preceding frame
[22:13:29.741][D][bshdbus:061]: Discarding 1 bytes of unparsed data after timeout of 27 ms: 0x0a
[22:13:29.761][D][main:692]: Received frame dest 0x1f cmd 0xe001: 0x0502
[22:13:31.725][D][main:692]: Received frame dest 0x0f cmd 0xe000: 0x05
[22:13:31.731][D][bshdbus:090]: Missed ACK for dest 0x0f of preceding frame
[22:13:31.780][D][bshdbus:061]: Discarding 10 bytes of unparsed data after timeout of 32 ms: 0x0a041fe00105020b6f1a
[22:13:33.735][D][main:692]: Received frame dest 0x0f cmd 0xe000: 0x05
[22:13:33.760][D][bshdbus:090]: Missed ACK for dest 0x0f of preceding frame
[22:13:33.782][D][bshdbus:061]: Discarding 10 bytes of unparsed data after timeout of 32 ms: 0x0a041fe00105020b6f1a
[22:13:35.727][D][main:692]: Received frame dest 0x0f cmd 0xe000: 0x05
[22:13:35.742][D][bshdbus:090]: Missed ACK for dest 0x0f of preceding frame
[22:13:35.750][D][bshdbus:061]: Discarding 1 bytes of unparsed data after timeout of 23 ms: 0x0a
[22:13:35.756][D][main:692]: Received frame dest 0x1f cmd 0xe001: 0x0502
[22:13:37.746][D][main:692]: Received frame dest 0x0f cmd 0xe000: 0x05
[22:13:37.753][D][bshdbus:090]: Missed ACK for dest 0x0f of preceding frame
[22:13:37.789][D][bshdbus:061]: Discarding 10 bytes of unparsed data after timeout of 32 ms: 0x0a041fe00105020b6f1a
[22:13:39.744][D][main:692]: Received frame dest 0x0f cmd 0xe000: 0x05
[22:13:39.751][D][bshdbus:090]: Missed ACK for dest 0x0f of preceding frame
[22:13:39.769][D][bshdbus:061]: Discarding 1 bytes of unparsed data after timeout of 26 ms: 0x0a
[22:13:39.774][D][main:692]: Received frame dest 0x1f cmd 0xe001: 0x0502
[22:13:41.744][D][main:692]: Received frame dest 0x0f cmd 0xe000: 0x05
[22:13:41.751][D][bshdbus:090]: Missed ACK for dest 0x0f of preceding frame
[22:13:41.782][D][bshdbus:061]: Discarding 10 bytes of unparsed data after timeout of 32 ms: 0x0a041fe00105020b6f1a
[22:13:43.745][D][main:692]: Received frame dest 0x0f cmd 0xe000: 0x05
[22:13:43.755][D][bshdbus:090]: Missed ACK for dest 0x0f of preceding frame
[22:13:43.769][D][bshdbus:061]: Discarding 1 bytes of unparsed data after timeout of 25 ms: 0x0a
[22:13:43.788][D][main:692]: Received frame dest 0x1f cmd 0xe001: 0x0502
[22:13:45.767][D][main:692]: Received frame dest 0x0f cmd 0xe000: 0x05
[22:13:45.789][D][bshdbus:090]: Missed ACK for dest 0x0f of preceding frame
[22:13:45.811][D][bshdbus:061]: Discarding 10 bytes of unparsed data after timeout of 32 ms: 0x0a041fe00105020b6f1a
[22:13:47.746][D][main:692]: Received frame dest 0x0f cmd 0xe000: 0x05
[22:13:47.753][D][bshdbus:090]: Missed ACK for dest 0x0f of preceding frame
[22:13:47.796][D][bshdbus:061]: Discarding 10 bytes of unparsed data after timeout of 32 ms: 0x0a041fe00105020b6f1a
[22:13:49.755][D][main:692]: Received frame dest 0x0f cmd 0xe000: 0x05
[22:13:49.770][D][bshdbus:090]: Missed ACK for dest 0x0f of preceding frame
[22:13:49.777][D][bshdbus:061]: Discarding 1 bytes of unparsed data after timeout of 24 ms: 0x0a
[22:13:49.784][D][main:692]: Received frame dest 0x1f cmd 0xe001: 0x0502
[22:13:51.773][D][main:692]: Received frame dest 0x0f cmd 0xe000: 0x05
[22:13:51.793][D][bshdbus:090]: Missed ACK for dest 0x0f of preceding frame
[22:13:51.816][D][bshdbus:061]: Discarding 10 bytes of unparsed data after timeout of 32 ms: 0x0a041fe00105020b6f1a
[22:13:52.302][S][sensor]: 'WiFi RSSI' >> -78 dBm
[22:13:52.412][S][sensor]: 'Remaining Time (Smoothed)' >> nan min
[22:13:52.597][S][sensor]: 'Uptime s' >> 1023 s
[22:13:53.755][D][main:692]: Received frame dest 0x0f cmd 0xe000: 0x05
[22:13:53.765][D][bshdbus:090]: Missed ACK for dest 0x0f of preceding frame
[22:13:53.801][D][bshdbus:061]: Discarding 10 bytes of unparsed data after timeout of 32 ms: 0x0a041fe00105020b6f1a
[22:13:54.065][S][text_sensor]: 'Uptime' >> '00d 00h 17m 3s'
[22:13:54.654][S][sensor]: 'ESP Internal Temperature' >> 54.3 °C
[22:13:55.770][D][main:692]: Received frame dest 0x0f cmd 0xe000: 0x05
[22:13:55.778][D][bshdbus:090]: Missed ACK for dest 0x0f of preceding frame
[22:13:55.786][D][bshdbus:061]: Discarding 1 bytes of unparsed data after timeout of 23 ms: 0x0a
[22:13:55.794][D][main:692]: Received frame dest 0x1f cmd 0xe001: 0x0502
[22:13:57.756][D][main:692]: Received frame dest 0x0f cmd 0xe000: 0x05
[22:13:57.766][D][bshdbus:090]: Missed ACK for dest 0x0f of preceding frame
[22:13:57.822][D][bshdbus:061]: Discarding 10 bytes of unparsed data after timeout of 32 ms: 0x0a041fe00105020b6f1a
[22:13:59.768][D][main:692]: Received frame dest 0x0f cmd 0xe000: 0x05
[22:13:59.779][D][bshdbus:090]: Missed ACK for dest 0x0f of preceding frame
[22:13:59.790][D][bshdbus:061]: Discarding 1 bytes of unparsed data after timeout of 26 ms: 0x0a
[22:13:59.797][D][main:692]: Received frame dest 0x1f cmd 0xe001: 0x0502
[22:14:01.777][D][main:692]: Received frame dest 0x0f cmd 0xe000: 0x05
[22:14:01.784][D][bshdbus:090]: Missed ACK for dest 0x0f of preceding frame
[22:14:01.823][D][bshdbus:061]: Discarding 10 bytes of unparsed data after timeout of 32 ms: 0x0a041fe00105020b6f1a
[22:14:03.766][D][main:692]: Received frame dest 0x0f cmd 0xe000: 0x05
[22:14:03.774][D][bshdbus:090]: Missed ACK for dest 0x0f of preceding frame
[22:14:03.823][D][bshdbus:061]: Discarding 10 bytes of unparsed data after timeout of 32 ms: 0x0a041fe00105020b6f1a
[22:14:05.776][D][main:692]: Received frame dest 0x0f cmd 0xe000: 0x05
[22:14:05.785][D][bshdbus:090]: Missed ACK for dest 0x0f of preceding frame
[22:14:05.847][D][bshdbus:061]: Discarding 10 bytes of unparsed data after timeout of 32 ms: 0x0a041fe00105020b6f1a
[22:14:07.785][D][main:692]: Received frame dest 0x0f cmd 0xe000: 0x05
[22:14:07.792][D][bshdbus:090]: Missed ACK for dest 0x0f of preceding frame
[22:14:07.832][D][bshdbus:061]: Discarding 10 bytes of unparsed data after timeout of 32 ms: 0x0a041fe00105020b6f1a
[22:14:09.776][D][main:692]: Received frame dest 0x0f cmd 0xe000: 0x05
[22:14:09.797][D][bshdbus:090]: Missed ACK for dest 0x0f of preceding frame
[22:14:09.804][D][bshdbus:061]: Discarding 1 bytes of unparsed data after timeout of 28 ms: 0x0a
[22:14:09.810][D][main:692]: Received frame dest 0x1f cmd 0xe001: 0x0502
[22:14:11.785][D][main:692]: Received frame dest 0x0f cmd 0xe000: 0x05
[22:14:11.795][D][bshdbus:090]: Missed ACK for dest 0x0f of preceding frame
[22:14:11.870][D][bshdbus:061]: Discarding 10 bytes of unparsed data after timeout of 32 ms: 0x0a041fe00105020b6f1a
[22:14:13.795][D][main:692]: Received frame dest 0x0f cmd 0xe000: 0x05
[22:14:13.805][D][bshdbus:090]: Missed ACK for dest 0x0f of preceding frame
[22:14:13.847][D][bshdbus:061]: Discarding 10 bytes of unparsed data after timeout of 32 ms: 0x0a041fe00105020b6f1a
[22:14:15.786][D][main:692]: Received frame dest 0x0f cmd 0xe000: 0x05
[22:14:15.795][D][bshdbus:090]: Missed ACK for dest 0x0f of preceding frame
[22:14:15.837][D][bshdbus:061]: Discarding 10 bytes of unparsed data after timeout of 32 ms: 0x0a041fe00105020b6f1a
[22:14:17.799][D][main:692]: Received frame dest 0x0f cmd 0xe000: 0x05
[22:14:17.807][D][bshdbus:090]: Missed ACK for dest 0x0f of preceding frame
[22:14:17.846][D][bshdbus:061]: Discarding 10 bytes of unparsed data after timeout of 32 ms: 0x0a041fe00105020b6f1a
[22:14:19.809][D][main:692]: Received frame dest 0x0f cmd 0xe000: 0x05
[22:14:19.824][D][bshdbus:090]: Missed ACK for dest 0x0f of preceding frame
[22:14:19.836][D][bshdbus:061]: Discarding 1 bytes of unparsed data after timeout of 22 ms: 0x0a
[22:14:19.842][D][main:692]: Received frame dest 0x1f cmd 0xe001: 0x0502
[22:14:21.796][D][main:692]: Received frame dest 0x0f cmd 0xe000: 0x05
[22:14:21.804][D][bshdbus:090]: Missed ACK for dest 0x0f of preceding frame
[22:14:21.847][D][bshdbus:061]: Discarding 10 bytes of unparsed data after timeout of 32 ms: 0x0a041fe00105020b6f1a
[22:14:22.426][S][sensor]: 'Remaining Time (Smoothed)' >> nan min
[22:14:23.806][D][main:692]: Received frame dest 0x0f cmd 0xe000: 0x05
[22:14:23.825][D][bshdbus:090]: Missed ACK for dest 0x0f of preceding frame
[22:14:23.853][D][bshdbus:061]: Discarding 10 bytes of unparsed data after timeout of 32 ms: 0x0a041fe00105020b6f1a
[22:14:25.815][D][main:692]: Received frame dest 0x0f cmd 0xe000: 0x05
[22:14:25.823][D][bshdbus:090]: Missed ACK for dest 0x0f of preceding frame
[22:14:25.839][D][bshdbus:061]: Discarding 1 bytes of unparsed data after timeout of 25 ms: 0x0a
[22:14:25.847][D][main:692]: Received frame dest 0x1f cmd 0xe001: 0x0502
[22:14:27.807][D][main:692]: Received frame dest 0x0f cmd 0xe000: 0x05
[22:14:27.823][D][bshdbus:090]: Missed ACK for dest 0x0f of preceding frame
[22:14:27.862][D][bshdbus:061]: Discarding 10 bytes of unparsed data after timeout of 33 ms: 0x0a041fe00105020b6f1a
[22:14:29.815][D][main:692]: Received frame dest 0x0f cmd 0xe000: 0x05
[22:14:29.822][D][bshdbus:090]: Missed ACK for dest 0x0f of preceding frame
[22:14:29.841][D][bshdbus:061]: Discarding 1 bytes of unparsed data after timeout of 26 ms: 0x0a
[22:14:29.848][D][main:692]: Received frame dest 0x1f cmd 0xe001: 0x0502
[22:14:31.825][D][main:692]: Received frame dest 0x0f cmd 0xe000: 0x05
[22:14:31.832][D][bshdbus:090]: Missed ACK for dest 0x0f of preceding frame
[22:14:31.858][D][bshdbus:061]: Discarding 1 bytes of unparsed data after timeout of 29 ms: 0x0a
[22:14:31.892][D][main:692]: Received frame dest 0x1f cmd 0xe001: 0x0502
[22:14:33.817][D][main:692]: Received frame dest 0x0f cmd 0xe000: 0x05
[22:14:33.834][D][bshdbus:090]: Missed ACK for dest 0x0f of preceding frame
[22:14:33.842][D][bshdbus:061]: Discarding 1 bytes of unparsed data after timeout of 21 ms: 0x0a
[22:14:33.850][D][main:692]: Received frame dest 0x1f cmd 0xe001: 0x0502
[22:14:35.852][D][main:692]: Received frame dest 0x0f cmd 0xe000: 0x05
[22:14:35.860][D][bshdbus:090]: Missed ACK for dest 0x0f of preceding frame
[22:14:35.877][D][bshdbus:061]: Discarding 10 bytes of unparsed data after timeout of 32 ms: 0x0a041fe00105020b6f1a
[22:14:37.819][D][main:692]: Received frame dest 0x0f cmd 0xe000: 0x05
[22:14:37.827][D][bshdbus:090]: Missed ACK for dest 0x0f of preceding frame
[22:14:37.869][D][bshdbus:061]: Discarding 10 bytes of unparsed data after timeout of 32 ms: 0x0a041fe00105020b6f1a
[22:14:39.827][D][main:692]: Received frame dest 0x0f cmd 0xe000: 0x05
[22:14:39.837][D][bshdbus:090]: Missed ACK for dest 0x0f of preceding frame
[22:14:39.851][D][bshdbus:061]: Discarding 1 bytes of unparsed data after timeout of 22 ms: 0x0a
[22:14:39.856][D][main:692]: Received frame dest 0x1f cmd 0xe001: 0x0502
[22:14:41.851][D][main:692]: Received frame dest 0x0f cmd 0xe000: 0x05
[22:14:41.859][D][bshdbus:090]: Missed ACK for dest 0x0f of preceding frame
[22:14:41.865][D][bshdbus:061]: Discarding 1 bytes of unparsed data after timeout of 22 ms: 0x0a
[22:14:41.871][D][main:692]: Received frame dest 0x1f cmd 0xe001: 0x0502
[22:14:43.828][D][main:692]: Received frame dest 0x0f cmd 0xe000: 0x05
[22:14:43.837][D][bshdbus:090]: Missed ACK for dest 0x0f of preceding frame
[22:14:43.877][D][bshdbus:061]: Discarding 10 bytes of unparsed data after timeout of 32 ms: 0x0a041fe00105020b6f1a
[22:14:45.843][D][main:692]: Received frame dest 0x0f cmd 0xe000: 0x05
[22:14:45.850][D][bshdbus:090]: Missed ACK for dest 0x0f of preceding frame
[22:14:45.891][D][bshdbus:061]: Discarding 10 bytes of unparsed data after timeout of 32 ms: 0x0a041fe00105020b6f1a
[22:14:47.847][D][main:692]: Received frame dest 0x0f cmd 0xe000: 0x05
[22:14:47.855][D][bshdbus:090]: Missed ACK for dest 0x0f of preceding frame
[22:14:47.872][D][bshdbus:061]: Discarding 1 bytes of unparsed data after timeout of 26 ms: 0x0a
[22:14:47.881][D][main:692]: Received frame dest 0x1f cmd 0xe001: 0x0502
[22:14:49.838][D][main:692]: Received frame dest 0x0f cmd 0xe000: 0x05
[22:14:49.845][D][bshdbus:090]: Missed ACK for dest 0x0f of preceding frame
[22:14:49.895][D][bshdbus:061]: Discarding 1 bytes of unparsed data after timeout of 29 ms: 0x0a
[22:14:49.902][D][main:692]: Received frame dest 0x1f cmd 0xe001: 0x0502
[22:14:51.859][D][main:692]: Received frame dest 0x0f cmd 0xe000: 0x05
[22:14:51.871][D][bshdbus:090]: Missed ACK for dest 0x0f of preceding frame
[22:14:51.885][D][bshdbus:061]: Discarding 1 bytes of unparsed data after timeout of 23 ms: 0x0a
[22:14:51.891][D][main:692]: Received frame dest 0x1f cmd 0xe001: 0x0502
[22:14:52.275][S][sensor]: 'WiFi RSSI' >> -79 dBm
[22:14:52.423][S][sensor]: 'Remaining Time (Smoothed)' >> nan min
[22:14:52.583][S][sensor]: 'Uptime s' >> 1083 s
[22:14:53.858][D][main:692]: Received frame dest 0x0f cmd 0xe000: 0x05
[22:14:53.866][D][bshdbus:090]: Missed ACK for dest 0x0f of preceding frame
[22:14:53.909][D][bshdbus:061]: Discarding 10 bytes of unparsed data after timeout of 32 ms: 0x0a041fe00105020b6f1a
[22:14:54.075][S][text_sensor]: 'Uptime' >> '00d 00h 18m 3s'
[22:14:54.650][S][sensor]: 'ESP Internal Temperature' >> 54.3 °C
[22:14:55.849][D][main:692]: Received frame dest 0x0f cmd 0xe000: 0x05
[22:14:55.855][D][bshdbus:090]: Missed ACK for dest 0x0f of preceding frame
[22:14:55.916][D][bshdbus:061]: Discarding 10 bytes of unparsed data after timeout of 32 ms: 0x0a041fe00105020b6f1a
[22:14:57.861][D][main:692]: Received frame dest 0x0f cmd 0xe000: 0x05
[22:14:57.868][D][bshdbus:090]: Missed ACK for dest 0x0f of preceding frame
[22:14:57.907][D][bshdbus:061]: Discarding 10 bytes of unparsed data after timeout of 32 ms: 0x0a041fe00105020b6f1a
[22:14:59.872][D][main:692]: Received frame dest 0x0f cmd 0xe000: 0x05
[22:14:59.879][D][bshdbus:090]: Missed ACK for dest 0x0f of preceding frame
[22:14:59.921][D][bshdbus:061]: Discarding 10 bytes of unparsed data after timeout of 32 ms: 0x0a041fe00105020b6f1a
[22:15:01.859][D][main:692]: Received frame dest 0x0f cmd 0xe000: 0x05
[22:15:01.866][D][bshdbus:090]: Missed ACK for dest 0x0f of preceding frame
[22:15:01.947][D][bshdbus:061]: Discarding 10 bytes of unparsed data after timeout of 32 ms: 0x0a041fe00105020b6f1a
[22:15:03.868][D][main:692]: Received frame dest 0x0f cmd 0xe000: 0x05
[22:15:03.875][D][bshdbus:090]: Missed ACK for dest 0x0f of preceding frame
[22:15:03.895][D][bshdbus:061]: Discarding 1 bytes of unparsed data after timeout of 28 ms: 0x0a
[22:15:03.902][D][main:692]: Received frame dest 0x1f cmd 0xe001: 0x0502
[22:15:05.879][D][main:692]: Received frame dest 0x0f cmd 0xe000: 0x05
[22:15:05.887][D][bshdbus:090]: Missed ACK for dest 0x0f of preceding frame
[22:15:05.963][D][bshdbus:061]: Discarding 10 bytes of unparsed data after timeout of 32 ms: 0x0a041fe00105020b6f1a
[22:15:07.869][D][main:692]: Received frame dest 0x0f cmd 0xe000: 0x05
[22:15:07.877][D][bshdbus:090]: Missed ACK for dest 0x0f of preceding frame
[22:15:07.922][D][bshdbus:061]: Discarding 10 bytes of unparsed data after timeout of 32 ms: 0x0a041fe00105020b6f1a
[22:15:09.878][D][main:692]: Received frame dest 0x0f cmd 0xe000: 0x05
[22:15:09.886][D][bshdbus:090]: Missed ACK for dest 0x0f of preceding frame
[22:15:09.926][D][bshdbus:061]: Discarding 10 bytes of unparsed data after timeout of 32 ms: 0x0a041fe00105020b6f1a
[22:15:11.870][D][main:692]: Received frame dest 0x0f cmd 0xe000: 0x05
[22:15:11.877][D][bshdbus:090]: Missed ACK for dest 0x0f of preceding frame
[22:15:11.918][D][bshdbus:061]: Discarding 10 bytes of unparsed data after timeout of 32 ms: 0x0a041fe00105020b6f1a
[22:15:13.879][D][main:692]: Received frame dest 0x0f cmd 0xe000: 0x05
[22:15:13.904][D][bshdbus:090]: Missed ACK for dest 0x0f of preceding frame
[22:15:13.931][D][bshdbus:061]: Discarding 10 bytes of unparsed data after timeout of 32 ms: 0x0a041fe00105020b6f1a
[22:15:15.895][D][main:692]: Received frame dest 0x0f cmd 0xe000: 0x05
[22:15:15.922][D][bshdbus:090]: Missed ACK for dest 0x0f of preceding frame
[22:15:15.956][D][bshdbus:061]: Discarding 10 bytes of unparsed data after timeout of 32 ms: 0x0a041fe00105020b6f1a
[22:15:17.897][D][main:692]: Received frame dest 0x0f cmd 0xe000: 0x05
[22:15:17.903][D][bshdbus:090]: Missed ACK for dest 0x0f of preceding frame
[22:15:17.916][D][bshdbus:061]: Discarding 1 bytes of unparsed data after timeout of 21 ms: 0x0a
[22:15:17.921][D][main:692]: Received frame dest 0x1f cmd 0xe001: 0x0502
[22:15:19.889][D][main:692]: Received frame dest 0x0f cmd 0xe000: 0x05
[22:15:19.895][D][bshdbus:090]: Missed ACK for dest 0x0f of preceding frame
[22:15:19.917][D][bshdbus:061]: Discarding 1 bytes of unparsed data after timeout of 23 ms: 0x0a
[22:15:19.923][D][main:692]: Received frame dest 0x1f cmd 0xe001: 0x0502
[22:15:21.903][D][main:692]: Received frame dest 0x0f cmd 0xe000: 0x05
[22:15:21.910][D][bshdbus:090]: Missed ACK for dest 0x0f of preceding frame
[22:15:21.937][D][bshdbus:061]: Discarding 1 bytes of unparsed data after timeout of 25 ms: 0x0a
[22:15:21.945][D][main:692]: Received frame dest 0x1f cmd 0xe001: 0x0502
[22:15:22.439][S][sensor]: 'Remaining Time (Smoothed)' >> nan min
[22:15:23.889][D][main:692]: Received frame dest 0x0f cmd 0xe000: 0x05
[22:15:23.897][D][bshdbus:090]: Missed ACK for dest 0x0f of preceding frame
[22:15:23.909][D][bshdbus:061]: Discarding 1 bytes of unparsed data after timeout of 22 ms: 0x0a
[22:15:23.916][D][main:692]: Received frame dest 0x1f cmd 0xe001: 0x0502
[22:15:25.904][D][main:692]: Received frame dest 0x0f cmd 0xe000: 0x05
[22:15:25.928][D][bshdbus:090]: Missed ACK for dest 0x0f of preceding frame
[22:15:25.935][D][bshdbus:061]: Discarding 1 bytes of unparsed data after timeout of 23 ms: 0x0a
[22:15:25.942][D][main:692]: Received frame dest 0x1f cmd 0xe001: 0x0502
[22:15:27.908][D][main:692]: Received frame dest 0x0f cmd 0xe000: 0x05
[22:15:27.932][D][bshdbus:090]: Missed ACK for dest 0x0f of preceding frame
[22:15:27.940][D][bshdbus:061]: Discarding 1 bytes of unparsed data after timeout of 26 ms: 0x0a
[22:15:27.947][D][main:692]: Received frame dest 0x1f cmd 0xe001: 0x0502
[22:15:29.901][D][main:692]: Received frame dest 0x0f cmd 0xe000: 0x05
[22:15:29.909][D][bshdbus:090]: Missed ACK for dest 0x0f of preceding frame
[22:15:29.950][D][bshdbus:061]: Discarding 10 bytes of unparsed data after timeout of 32 ms: 0x0a041fe00105020b6f1a
[22:15:31.911][D][main:692]: Received frame dest 0x0f cmd 0xe000: 0x05
[22:15:31.950][D][bshdbus:090]: Missed ACK for dest 0x0f of preceding frame
[22:15:31.957][D][bshdbus:061]: Discarding 1 bytes of unparsed data after timeout of 21 ms: 0x0a
[22:15:31.963][D][main:692]: Received frame dest 0x1f cmd 0xe001: 0x0502
[22:15:33.918][D][main:692]: Received frame dest 0x0f cmd 0xe000: 0x05
[22:15:33.930][D][bshdbus:090]: Missed ACK for dest 0x0f of preceding frame
[22:15:33.971][D][bshdbus:061]: Discarding 10 bytes of unparsed data after timeout of 32 ms: 0x0a041fe00105020b6f1a
[22:15:35.924][D][main:692]: Received frame dest 0x0f cmd 0xe000: 0x05
[22:15:35.933][D][bshdbus:090]: Missed ACK for dest 0x0f of preceding frame
[22:15:35.961][D][bshdbus:061]: Discarding 10 bytes of unparsed data after timeout of 32 ms: 0x0a041fe00105020b6f1a
[22:15:37.919][D][main:692]: Received frame dest 0x0f cmd 0xe000: 0x05
[22:15:37.934][D][bshdbus:090]: Missed ACK for dest 0x0f of preceding frame
[22:15:37.945][D][bshdbus:061]: Discarding 1 bytes of unparsed data after timeout of 27 ms: 0x0a
[22:15:37.955][D][main:692]: Received frame dest 0x1f cmd 0xe001: 0x0502
[22:15:39.930][D][main:692]: Received frame dest 0x0f cmd 0xe000: 0x05
[22:15:39.937][D][bshdbus:090]: Missed ACK for dest 0x0f of preceding frame
[22:15:39.980][D][bshdbus:061]: Discarding 10 bytes of unparsed data after timeout of 32 ms: 0x0a041fe00105020b6f1a
[22:15:41.922][D][main:692]: Received frame dest 0x0f cmd 0xe000: 0x05
[22:15:41.937][D][bshdbus:090]: Missed ACK for dest 0x0f of preceding frame
[22:15:41.948][D][bshdbus:061]: Discarding 1 bytes of unparsed data after timeout of 22 ms: 0x0a
[22:15:41.954][D][main:692]: Received frame dest 0x1f cmd 0xe001: 0x0502
[22:15:43.929][D][main:692]: Received frame dest 0x0f cmd 0xe000: 0x05
[22:15:43.950][D][bshdbus:090]: Missed ACK for dest 0x0f of preceding frame
[22:15:43.957][D][bshdbus:061]: Discarding 1 bytes of unparsed data after timeout of 24 ms: 0x0a
[22:15:43.967][D][main:692]: Received frame dest 0x1f cmd 0xe001: 0x0502
[22:15:45.940][D][main:692]: Received frame dest 0x0f cmd 0xe000: 0x05
[22:15:45.988][D][bshdbus:090]: Missed ACK for dest 0x0f of preceding frame
[22:15:46.008][D][bshdbus:061]: Discarding 10 bytes of unparsed data after timeout of 32 ms: 0x0a041fe00105020b6f1a
[22:15:47.929][D][main:692]: Received frame dest 0x0f cmd 0xe000: 0x05
[22:15:47.941][D][bshdbus:090]: Missed ACK for dest 0x0f of preceding frame
[22:15:47.979][D][bshdbus:061]: Discarding 10 bytes of unparsed data after timeout of 32 ms: 0x0a041fe00105020b6f1a
[22:15:49.947][D][main:692]: Received frame dest 0x0f cmd 0xe000: 0x05
[22:15:49.953][D][bshdbus:090]: Missed ACK for dest 0x0f of preceding frame
[22:15:49.962][D][bshdbus:061]: Discarding 1 bytes of unparsed data after timeout of 25 ms: 0x0a
[22:15:49.968][D][main:692]: Received frame dest 0x1f cmd 0xe001: 0x0502
[22:15:51.948][D][main:692]: Received frame dest 0x0f cmd 0xe000: 0x05
[22:15:51.959][D][bshdbus:090]: Missed ACK for dest 0x0f of preceding frame
[22:15:52.020][D][bshdbus:061]: Discarding 10 bytes of unparsed data after timeout of 32 ms: 0x0a041fe00105020b6f1a
[22:15:52.277][S][sensor]: 'WiFi RSSI' >> -78 dBm
[22:15:52.423][S][sensor]: 'Remaining Time (Smoothed)' >> nan min
[22:15:52.586][S][sensor]: 'Uptime s' >> 1143 s
[22:15:53.953][D][main:692]: Received frame dest 0x0f cmd 0xe000: 0x05
[22:15:53.985][D][bshdbus:090]: Missed ACK for dest 0x0f of preceding frame
[22:15:54.023][D][bshdbus:061]: Discarding 10 bytes of unparsed data after timeout of 32 ms: 0x0a041fe00105020b6f1a
[22:15:54.083][S][text_sensor]: 'Uptime' >> '00d 00h 19m 3s'
[22:15:54.659][S][sensor]: 'ESP Internal Temperature' >> 54.3 °C
[22:15:55.951][D][main:692]: Received frame dest 0x0f cmd 0xe000: 0x05
[22:15:55.958][D][bshdbus:090]: Missed ACK for dest 0x0f of preceding frame
[22:15:56.026][D][bshdbus:061]: Discarding 10 bytes of unparsed data after timeout of 32 ms: 0x0a041fe00105020b6f1a
[22:15:57.960][D][main:692]: Received frame dest 0x0f cmd 0xe000: 0x05
[22:15:57.976][D][bshdbus:090]: Missed ACK for dest 0x0f of preceding frame
[22:15:57.995][D][bshdbus:061]: Discarding 1 bytes of unparsed data after timeout of 29 ms: 0x0a
[22:15:58.004][D][main:692]: Received frame dest 0x1f cmd 0xe001: 0x0502
[22:15:59.950][D][main:692]: Received frame dest 0x0f cmd 0xe000: 0x05
[22:15:59.958][D][bshdbus:090]: Missed ACK for dest 0x0f of preceding frame
[22:15:59.981][D][bshdbus:061]: Discarding 1 bytes of unparsed data after timeout of 28 ms: 0x0a
[22:15:59.989][D][main:692]: Received frame dest 0x1f cmd 0xe001: 0x0502
[22:16:01.961][D][main:692]: Received frame dest 0x0f cmd 0xe000: 0x05
[22:16:01.975][D][bshdbus:090]: Missed ACK for dest 0x0f of preceding frame
[22:16:01.985][D][bshdbus:061]: Discarding 1 bytes of unparsed data after timeout of 23 ms: 0x0a
[22:16:01.993][D][main:692]: Received frame dest 0x1f cmd 0xe001: 0x0502
[22:16:03.979][D][main:692]: Received frame dest 0x0f cmd 0xe000: 0x05
[22:16:03.989][D][bshdbus:090]: Missed ACK for dest 0x0f of preceding frame
[22:16:03.997][D][bshdbus:061]: Discarding 1 bytes of unparsed data after timeout of 21 ms: 0x0a
[22:16:04.006][D][main:692]: Received frame dest 0x1f cmd 0xe001: 0x0502
[22:16:05.963][D][main:692]: Received frame dest 0x0f cmd 0xe000: 0x05
[22:16:05.970][D][bshdbus:090]: Missed ACK for dest 0x0f of preceding frame
[22:16:05.986][D][bshdbus:061]: Discarding 1 bytes of unparsed data after timeout of 26 ms: 0x0a
[22:16:05.992][D][main:692]: Received frame dest 0x1f cmd 0xe001: 0x0502
[22:16:07.969][D][main:692]: Received frame dest 0x0f cmd 0xe000: 0x05
[22:16:07.976][D][bshdbus:090]: Missed ACK for dest 0x0f of preceding frame
[22:16:07.994][D][bshdbus:061]: Discarding 1 bytes of unparsed data after timeout of 23 ms: 0x0a
[22:16:08.009][D][main:692]: Received frame dest 0x1f cmd 0xe001: 0x0502
[22:16:09.980][D][main:692]: Received frame dest 0x0f cmd 0xe000: 0x05
[22:16:09.987][D][bshdbus:090]: Missed ACK for dest 0x0f of preceding frame
[22:16:10.028][D][bshdbus:061]: Discarding 10 bytes of unparsed data after timeout of 32 ms: 0x0a041fe00105020b6f1a
[22:16:11.975][D][main:692]: Received frame dest 0x0f cmd 0xe000: 0x05
[22:16:11.986][D][bshdbus:090]: Missed ACK for dest 0x0f of preceding frame
[22:16:12.032][D][bshdbus:061]: Discarding 10 bytes of unparsed data after timeout of 32 ms: 0x0a041fe00105020b6f1a
[22:16:13.979][D][main:692]: Received frame dest 0x0f cmd 0xe000: 0x05
[22:16:13.985][D][bshdbus:090]: Missed ACK for dest 0x0f of preceding frame
[22:16:14.010][D][bshdbus:061]: Discarding 1 bytes of unparsed data after timeout of 24 ms: 0x0a
[22:16:14.044][D][main:692]: Received frame dest 0x1f cmd 0xe001: 0x0502
[22:16:16.014][D][main:692]: Received frame dest 0x0f cmd 0xe000: 0x05
[22:16:16.034][D][bshdbus:090]: Missed ACK for dest 0x0f of preceding frame
[22:16:16.046][D][bshdbus:061]: Discarding 10 bytes of unparsed data after timeout of 32 ms: 0x0a041fe00105020b6f1a
[22:16:17.980][D][main:692]: Received frame dest 0x0f cmd 0xe000: 0x05
[22:16:17.987][D][bshdbus:090]: Missed ACK for dest 0x0f of preceding frame
[22:16:18.004][D][bshdbus:061]: Discarding 1 bytes of unparsed data after timeout of 24 ms: 0x0a
[22:16:18.016][D][main:692]: Received frame dest 0x1f cmd 0xe001: 0x0502
[22:16:19.992][D][main:692]: Received frame dest 0x0f cmd 0xe000: 0x05
[22:16:19.999][D][bshdbus:090]: Missed ACK for dest 0x0f of preceding frame
[22:16:20.017][D][bshdbus:061]: Discarding 1 bytes of unparsed data after timeout of 28 ms: 0x0a
[22:16:20.024][D][main:692]: Received frame dest 0x1f cmd 0xe001: 0x0502
[22:16:21.981][D][main:692]: Received frame dest 0x0f cmd 0xe000: 0x05
[22:16:22.007][D][bshdbus:090]: Missed ACK for dest 0x0f of preceding frame
[22:16:22.017][D][bshdbus:061]: Discarding 1 bytes of unparsed data after timeout of 28 ms: 0x0a
[22:16:22.024][D][main:692]: Received frame dest 0x1f cmd 0xe001: 0x0502
[22:16:22.426][S][sensor]: 'Remaining Time (Smoothed)' >> nan min
[22:16:23.992][D][main:692]: Received frame dest 0x0f cmd 0xe000: 0x05
[22:16:24.026][D][bshdbus:090]: Missed ACK for dest 0x0f of preceding frame
[22:16:24.058][D][bshdbus:061]: Discarding 10 bytes of unparsed data after timeout of 32 ms: 0x0a041fe00105020b6f1a
[22:16:26.022][D][main:692]: Received frame dest 0x0f cmd 0xe000: 0x05
[22:16:26.038][D][bshdbus:090]: Missed ACK for dest 0x0f of preceding frame
[22:16:26.047][D][bshdbus:061]: Discarding 1 bytes of unparsed data after timeout of 21 ms: 0x0a
[22:16:26.055][D][main:692]: Received frame dest 0x1f cmd 0xe001: 0x0502
[22:16:27.990][D][main:692]: Received frame dest 0x0f cmd 0xe000: 0x05
[22:16:28.000][D][bshdbus:090]: Missed ACK for dest 0x0f of preceding frame
[22:16:28.046][D][bshdbus:061]: Discarding 10 bytes of unparsed data after timeout of 32 ms: 0x0a041fe00105020b6f1a
[22:16:30.000][D][main:692]: Received frame dest 0x0f cmd 0xe000: 0x05
[22:16:30.007][D][bshdbus:090]: Missed ACK for dest 0x0f of preceding frame
[22:16:30.052][D][bshdbus:061]: Discarding 10 bytes of unparsed data after timeout of 32 ms: 0x0a041fe00105020b6f1a
[22:16:32.009][D][main:692]: Received frame dest 0x0f cmd 0xe000: 0x05
[22:16:32.017][D][bshdbus:090]: Missed ACK for dest 0x0f of preceding frame
[22:16:32.060][D][bshdbus:061]: Discarding 10 bytes of unparsed data after timeout of 32 ms: 0x0a041fe00105020b6f1a
[22:16:34.020][D][main:692]: Received frame dest 0x0f cmd 0xe000: 0x05
[22:16:34.038][D][bshdbus:090]: Missed ACK for dest 0x0f of preceding frame
[22:16:34.056][D][bshdbus:061]: Discarding 10 bytes of unparsed data after timeout of 32 ms: 0x0a041fe00105020b6f1a
[22:16:36.011][D][main:692]: Received frame dest 0x0f cmd 0xe000: 0x05
[22:16:36.038][D][bshdbus:090]: Missed ACK for dest 0x0f of preceding frame
[22:16:36.045][D][bshdbus:061]: Discarding 1 bytes of unparsed data after timeout of 25 ms: 0x0a
[22:16:36.053][D][main:692]: Received frame dest 0x1f cmd 0xe001: 0x0502
[22:16:38.020][D][main:692]: Received frame dest 0x0f cmd 0xe000: 0x05
[22:16:38.030][D][bshdbus:090]: Missed ACK for dest 0x0f of preceding frame
[22:16:38.040][D][bshdbus:061]: Discarding 1 bytes of unparsed data after timeout of 22 ms: 0x0a
[22:16:38.047][D][main:692]: Received frame dest 0x1f cmd 0xe001: 0x0502
[22:16:40.023][D][main:692]: Received frame dest 0x0f cmd 0xe000: 0x05
[22:16:40.036][D][bshdbus:090]: Missed ACK for dest 0x0f of preceding frame
[22:16:40.059][D][bshdbus:061]: Discarding 10 bytes of unparsed data after timeout of 32 ms: 0x0a041fe00105020b6f1a
[22:16:42.021][D][main:692]: Received frame dest 0x0f cmd 0xe000: 0x05
[22:16:42.030][D][bshdbus:090]: Missed ACK for dest 0x0f of preceding frame
[22:16:42.075][D][bshdbus:061]: Discarding 10 bytes of unparsed data after timeout of 32 ms: 0x0a041fe00105020b6f1a
[22:16:44.029][D][main:692]: Received frame dest 0x0f cmd 0xe000: 0x05
[22:16:44.040][D][bshdbus:090]: Missed ACK for dest 0x0f of preceding frame
[22:16:44.082][D][bshdbus:061]: Discarding 10 bytes of unparsed data after timeout of 32 ms: 0x0a041fe00105020b6f1a
[22:16:46.024][D][main:692]: Received frame dest 0x0f cmd 0xe000: 0x05
[22:16:46.046][D][bshdbus:090]: Missed ACK for dest 0x0f of preceding frame
[22:16:46.096][D][bshdbus:061]: Discarding 10 bytes of unparsed data after timeout of 33 ms: 0x0a041fe00105020b6f1a
[22:16:48.030][D][main:692]: Received frame dest 0x0f cmd 0xe000: 0x05
[22:16:48.039][D][bshdbus:090]: Missed ACK for dest 0x0f of preceding frame
[22:16:48.054][D][bshdbus:061]: Discarding 1 bytes of unparsed data after timeout of 25 ms: 0x0a
[22:16:48.063][D][main:692]: Received frame dest 0x1f cmd 0xe001: 0x0502
[22:16:50.040][D][main:692]: Received frame dest 0x0f cmd 0xe000: 0x05
[22:16:50.058][D][bshdbus:090]: Missed ACK for dest 0x0f of preceding frame
[22:16:50.064][D][bshdbus:061]: Discarding 1 bytes of unparsed data after timeout of 24 ms: 0x0a
[22:16:50.071][D][main:692]: Received frame dest 0x1f cmd 0xe001: 0x0502
[22:16:52.035][D][main:692]: Received frame dest 0x0f cmd 0xe000: 0x05
[22:16:52.047][D][bshdbus:090]: Missed ACK for dest 0x0f of preceding frame
[22:16:52.056][D][bshdbus:061]: Discarding 1 bytes of unparsed data after timeout of 25 ms: 0x0a
[22:16:52.062][D][main:692]: Received frame dest 0x1f cmd 0xe001: 0x0502
[22:16:52.289][S][sensor]: 'WiFi RSSI' >> -78 dBm
[22:16:52.417][S][sensor]: 'Remaining Time (Smoothed)' >> nan min
[22:16:52.599][S][sensor]: 'Uptime s' >> 1203 s
[22:16:54.053][D][main:692]: Received frame dest 0x0f cmd 0xe000: 0x05
[22:16:54.062][D][bshdbus:090]: Missed ACK for dest 0x0f of preceding frame
[22:16:54.068][S][text_sensor]: 'Uptime' >> '00d 00h 20m 3s'
[22:16:54.074][D][bshdbus:061]: Discarding 1 bytes of unparsed data after timeout of 22 ms: 0x0a
[22:16:54.081][D][main:692]: Received frame dest 0x1f cmd 0xe001: 0x0502
[22:16:54.642][S][sensor]: 'ESP Internal Temperature' >> 53.3 °C
[22:16:56.052][D][main:692]: Received frame dest 0x0f cmd 0xe000: 0x05
[22:16:56.067][D][bshdbus:090]: Missed ACK for dest 0x0f of preceding frame
[22:16:56.108][D][bshdbus:061]: Discarding 10 bytes of unparsed data after timeout of 32 ms: 0x0a041fe00105020b6f1a
[22:16:58.091][D][main:692]: Received frame dest 0x0f cmd 0xe000: 0x05
[22:16:58.127][D][bshdbus:090]: Missed ACK for dest 0x0f of preceding frame
[22:16:58.138][D][bshdbus:061]: Discarding 1 bytes of unparsed data after timeout of 22 ms: 0x0a
[22:16:58.144][D][main:692]: Received frame dest 0x1f cmd 0xe001: 0x0502
[22:17:00.053][D][main:692]: Received frame dest 0x0f cmd 0xe000: 0x05
[22:17:00.060][D][bshdbus:090]: Missed ACK for dest 0x0f of preceding frame
[22:17:00.104][D][bshdbus:061]: Discarding 10 bytes of unparsed data after timeout of 32 ms: 0x0a041fe00105020b6f1a
[22:17:02.068][D][main:692]: Received frame dest 0x0f cmd 0xe000: 0x05
[22:17:02.075][D][bshdbus:090]: Missed ACK for dest 0x0f of preceding frame
[22:17:02.111][D][bshdbus:061]: Discarding 10 bytes of unparsed data after timeout of 32 ms: 0x0a041fe00105020b6f1a
[22:17:04.054][D][main:692]: Received frame dest 0x0f cmd 0xe000: 0x05
[22:17:04.068][D][bshdbus:090]: Missed ACK for dest 0x0f of preceding frame
[22:17:04.115][D][bshdbus:061]: Discarding 10 bytes of unparsed data after timeout of 32 ms: 0x0a041fe00105020b6f1a
[22:17:06.060][D][main:692]: Received frame dest 0x0f cmd 0xe000: 0x05
[22:17:06.071][D][bshdbus:090]: Missed ACK for dest 0x0f of preceding frame
[22:17:06.110][D][bshdbus:061]: Discarding 10 bytes of unparsed data after timeout of 32 ms: 0x0a041fe00105020b6f1a
[22:17:07.384][D][esphome.ota:708]: Starting handshake from 192.168.1.14
[22:17:07.413][D][esphome.ota:708]: Starting update from 192.168.1.14
[22:17:07.435][W][component:290]: esphome.ota set Warning flag: unspecified
[22:17:07.545][D][esphome.ota:575]: Progress: 0.1%
[22:17:08.548][D][esphome.ota:575]: Progress: 14.9%
[22:17:09.550][D][esphome.ota:575]: Progress: 31.7%
[22:17:10.554][D][esphome.ota:575]: Progress: 46.4%
[22:17:11.666][D][esphome.ota:575]: Progress: 63.6%
[22:17:12.687][D][esphome.ota:575]: Progress: 81.6%
[22:17:13.750][D][esphome.ota:575]: Progress: 95.3%
[22:17:14.256][I][esphome.ota:604]: Update complete
[22:17:14.268][W][component:313]: esphome.ota cleared Warning flag
[22:17:14.375][I][app:271]: Rebooting safely
[22:17:19.725][D][sntp:099]: Synchronized time: 2026-09-18 22:17:45
[22:17:19.754][C][uart:254]: UART Bus 0:
[22:17:19.763][C][uart:131]:   RX Pin: GPIO4
[22:17:19.769][C][uart:259]:   RX Buffer Size: 1024
[22:17:19.769][C][uart:259]:   RX Full Threshold: 8
[22:17:19.769][C][uart:259]:   RX Timeout: 2
[22:17:19.791][C][uart:268]:   Baud Rate: 9600 baud
[22:17:19.791][C][uart:268]:   Data Bits: 8
[22:17:19.791][C][uart:268]:   Parity: NONE
[22:17:19.791][C][uart:268]:   Stop bits: 1
[22:17:19.791][C][uart:268]:   Wake on data RX: ENABLED
[22:17:19.831][C][template.binary_sensor:016]: Template Binary Sensor 'Washer Powered'
[22:17:19.839][C][template.binary_sensor:165]:   Device Class: 'power'
[22:17:19.850][C][template.binary_sensor:016]: Template Binary Sensor 'Program Running (Derived)'
[22:17:19.857][C][template.binary_sensor:165]:   Device Class: 'running'
[22:17:19.863][C][template.sensor:017]: Template Sensor 'Remaining Time (Smoothed)'
[22:17:19.863][C][template.sensor:017]:   State Class: 'measurement'
[22:17:19.863][C][template.sensor:017]:   Unit of Measurement: 'min'
[22:17:19.863][C][template.sensor:017]:   Accuracy Decimals: 0
[22:17:19.889][C][template.sensor:165]:   Device Class: 'duration'
[22:17:19.896][C][template.sensor:340]:   Update Interval: 30.000s
[22:17:19.905][C][uptime.sensor:017]: Uptime Sensor 'Uptime s'
[22:17:19.905][C][uptime.sensor:017]:   State Class: 'total_increasing'
[22:17:19.905][C][uptime.sensor:017]:   Unit of Measurement: 's'
[22:17:19.905][C][uptime.sensor:017]:   Accuracy Decimals: 0
[22:17:19.931][C][uptime.sensor:165]:   Device Class: 'duration'
[22:17:19.938][C][uptime.sensor:156]:   Icon: 'mdi:timer-outline'
[22:17:19.949][C][uptime.sensor:019]:   Type: Seconds
[22:17:19.957][C][template.text_sensor:016]: Template Sensor 'Uptime'
[22:17:19.964][C][template.text_sensor:156]:   Icon: 'mdi:clock-start'
[22:17:19.970][C][bshdbus:052]: BSH D-Bus:
[22:17:19.976][C][status:016]: Status Binary Sensor 'Status'
[22:17:19.983][C][status:165]:   Device Class: 'connectivity'
[22:17:19.990][C][bshdbus.binary_sensor:011]: BSH D-Bus Binary Sensor:
[22:17:19.997][C][bshdbus.binary_sensor:015]:   Dest node: 0x14
[22:17:20.003][C][bshdbus.binary_sensor:020]:   Command: 0x1007
[22:17:20.010][C][bshdbus.binary_sensor:022]:   Binary Sensors:
[22:17:20.018][C][bshdbus.binary_sensor:016]:   - 'Water Plus'
[22:17:20.025][C][bshdbus.binary_sensor:016]:   - 'Speed Perfect'
[22:17:20.032][C][bshdbus.binary_sensor:016]:   - 'Stain Selection'
[22:17:20.044][C][bshdbus.binary_sensor:016]:   - 'Pre-wash'
[22:17:20.054][C][bshdbus.binary_sensor:016]:   - 'Anti-crease'
[22:17:20.059][C][bshdbus.binary_sensor:011]: BSH D-Bus Binary Sensor:
[22:17:20.066][C][bshdbus.binary_sensor:015]:   Dest node: 0x14
[22:17:20.072][C][bshdbus.binary_sensor:020]:   Command: 0x1008
[22:17:20.080][C][bshdbus.binary_sensor:022]:   Binary Sensors:
[22:17:20.087][C][bshdbus.binary_sensor:016]:   - 'No Spin'
[22:17:20.095][C][bshdbus.binary_sensor:011]: BSH D-Bus Binary Sensor:
[22:17:20.102][C][bshdbus.binary_sensor:015]:   Dest node: 0x15
[22:17:20.108][C][bshdbus.binary_sensor:020]:   Command: 0x1100
[22:17:20.117][C][bshdbus.binary_sensor:022]:   Binary Sensors:
[22:17:20.124][C][bshdbus.binary_sensor:016]:   - 'Start Button'
[22:17:20.131][S][binary_sensor]: 'Status' >> ON
[22:17:20.137][C][bshdbus.binary_sensor:011]: BSH D-Bus Binary Sensor:
[22:17:20.145][C][bshdbus.binary_sensor:015]:   Dest node: 0x26
[22:17:20.154][C][bshdbus.binary_sensor:020]:   Command: 0x1701
[22:17:20.160][C][bshdbus.binary_sensor:022]:   Binary Sensors:
[22:17:20.166][C][bshdbus.binary_sensor:016]:   - 'Wash Program Started'
[22:17:20.172][C][bshdbus.binary_sensor:011]: BSH D-Bus Binary Sensor:
[22:17:20.179][C][bshdbus.binary_sensor:015]:   Dest node: 0x26
[22:17:20.186][C][bshdbus.binary_sensor:020]:   Command: 0x1200
[22:17:20.193][C][bshdbus.binary_sensor:022]:   Binary Sensors:
[22:17:20.200][C][bshdbus.binary_sensor:016]:   - 'Door Open'
[22:17:20.209][C][bshdbus.binary_sensor:165]:     Device Class: 'door'
[22:17:20.217][C][bshdbus.binary_sensor:016]:   - 'Door Lock'
[22:17:20.223][C][bshdbus.binary_sensor:165]:     Device Class: 'lock'
[22:17:20.230][C][bshdbus.binary_sensor:011]: BSH D-Bus Binary Sensor:
[22:17:20.238][C][bshdbus.binary_sensor:015]:   Dest node: 0x26
[22:17:20.243][C][bshdbus.binary_sensor:020]:   Command: 0x1101
[22:17:20.253][C][bshdbus.binary_sensor:022]:   Binary Sensors:
[22:17:20.259][C][bshdbus.binary_sensor:016]:   - 'Program Running'
[22:17:20.265][C][bshdbus.binary_sensor:165]:     Device Class: 'running'
[22:17:20.272][C][internal_temperature:017]: Internal Temperature Sensor 'ESP Internal Temperature'
[22:17:20.272][C][internal_temperature:017]:   State Class: 'measurement'
[22:17:20.272][C][internal_temperature:017]:   Unit of Measurement: '°C'
[22:17:20.272][C][internal_temperature:017]:   Accuracy Decimals: 1
[22:17:20.298][C][internal_temperature:165]:   Device Class: 'temperature'
[22:17:20.304][D][main:706]: Received frame dest 0x0f cmd 0xe000: 0x05
[22:17:20.310][D][bshdbus:090]: Missed ACK for dest 0x0f of preceding frame
[22:17:20.317][C][bshdbus.sensor:011]: BSH D-Bus Sensor:
[22:17:20.323][C][bshdbus.sensor:015]:   Dest node: 0x14
[22:17:20.328][C][bshdbus.sensor:020]:   Command: 0x1006
[22:17:20.335][C][bshdbus.sensor:022]:   Sensors:
[22:17:20.342][C][bshdbus.sensor:017]:   - 'Spin Speed'
[22:17:20.342][C][bshdbus.sensor:017]:     State Class: 'measurement'
[22:17:20.342][C][bshdbus.sensor:017]:     Unit of Measurement: 'rpm'
[22:17:20.342][C][bshdbus.sensor:017]:     Accuracy Decimals: 0
[22:17:20.370][C][bshdbus.sensor:165]:     Device Class: 'speed'
[22:17:20.378][C][bshdbus.sensor:011]: BSH D-Bus Sensor:
[22:17:20.384][C][bshdbus.sensor:015]:   Dest node: 0x16
[22:17:20.389][C][bshdbus.sensor:020]:   Command: 0x3015
[22:17:20.396][C][bshdbus.sensor:022]:   Sensors:
[22:17:20.402][C][bshdbus.sensor:017]:   - 'Drum Speed (current)'
[22:17:20.402][C][bshdbus.sensor:017]:     State Class: ''
[22:17:20.402][C][bshdbus.sensor:017]:     Unit of Measurement: 'rpm'
[22:17:20.402][C][bshdbus.sensor:017]:     Accuracy Decimals: 0
[22:17:20.428][C][bshdbus.sensor:165]:     Device Class: 'speed'
[22:17:20.435][C][bshdbus.sensor:011]: BSH D-Bus Sensor:
[22:17:20.441][C][bshdbus.sensor:015]:   Dest node: 0x17
[22:17:20.447][C][bshdbus.sensor:020]:   Command: 0x4010
[22:17:20.453][C][bshdbus.sensor:022]:   Sensors:
[22:17:20.461][C][bshdbus.sensor:017]:   - 'Imbalance X'
[22:17:20.461][C][bshdbus.sensor:017]:     State Class: ''
[22:17:20.461][C][bshdbus.sensor:017]:     Unit of Measurement: ''
[22:17:20.461][C][bshdbus.sensor:017]:     Accuracy Decimals: 0
[22:17:20.483][C][bshdbus.sensor:156]:     Icon: 'mdi:axis-x-rotate-clockwise'
[22:17:20.488][C][bshdbus.sensor:017]:   - 'Imbalance Z'
[22:17:20.488][C][bshdbus.sensor:017]:     State Class: ''
[22:17:20.488][C][bshdbus.sensor:017]:     Unit of Measurement: ''
[22:17:20.488][C][bshdbus.sensor:017]:     Accuracy Decimals: 0
[22:17:20.511][C][bshdbus.sensor:156]:     Icon: 'mdi:axis-z-rotate-clockwise'
[22:17:20.517][C][bshdbus.sensor:017]:   - 'Imbalance Y'
[22:17:20.517][C][bshdbus.sensor:017]:     State Class: ''
[22:17:20.517][C][bshdbus.sensor:017]:     Unit of Measurement: ''
[22:17:20.517][C][bshdbus.sensor:017]:     Accuracy Decimals: 0
[22:17:20.540][C][bshdbus.sensor:156]:     Icon: 'mdi:axis-y-rotate-clockwise'
[22:17:20.547][D][bshdbus:061]: Discarding 10 bytes of unparsed data after timeout of 27 ms: 0x0a041fe00105020b6f1a
[22:17:20.555][C][bshdbus.sensor:011]: BSH D-Bus Sensor:
[22:17:20.565][C][bshdbus.sensor:015]:   Dest node: 0x2a
[22:17:20.570][C][bshdbus.sensor:020]:   Command: 0x1600
[22:17:20.576][C][bshdbus.sensor:022]:   Sensors:
[22:17:20.582][C][bshdbus.sensor:017]:   - 'Remaining Time'
[22:17:20.582][C][bshdbus.sensor:017]:     State Class: 'measurement'
[22:17:20.582][C][bshdbus.sensor:017]:     Unit of Measurement: 'min'
[22:17:20.582][C][bshdbus.sensor:017]:     Accuracy Decimals: 0
[22:17:20.607][C][bshdbus.sensor:165]:     Device Class: 'duration'
[22:17:20.612][C][bshdbus.sensor:011]: BSH D-Bus Sensor:
[22:17:20.618][C][bshdbus.sensor:015]:   Dest node: 0x14
[22:17:20.624][C][bshdbus.sensor:020]:   Command: 0x1004
[22:17:20.631][C][bshdbus.sensor:022]:   Sensors:
[22:17:20.636][C][bshdbus.sensor:017]:   - 'Temperature'
[22:17:20.636][C][bshdbus.sensor:017]:     State Class: 'measurement'
[22:17:20.636][C][bshdbus.sensor:017]:     Unit of Measurement: '°C'
[22:17:20.636][C][bshdbus.sensor:017]:     Accuracy Decimals: 0
[22:17:20.658][C][bshdbus.sensor:165]:     Device Class: 'temperature'
[22:17:20.668][C][bshdbus.sensor:156]:     Icon: 'mdi:thermometer'
[22:17:20.674][C][bshdbus.sensor:011]: BSH D-Bus Sensor:
[22:17:20.681][C][bshdbus.sensor:015]:   Dest node: 0x14
[22:17:20.687][C][bshdbus.sensor:020]:   Command: 0x1007
[22:17:20.695][C][bshdbus.sensor:022]:   Sensors:
[22:17:20.701][C][bshdbus.sensor:017]:   - 'Extra Rinse'
[22:17:20.701][C][bshdbus.sensor:017]:     State Class: ''
[22:17:20.701][C][bshdbus.sensor:017]:     Unit of Measurement: ''
[22:17:20.701][C][bshdbus.sensor:017]:     Accuracy Decimals: 0
[22:17:20.723][C][bshdbus.sensor:156]:     Icon: 'mdi:water-plus-outline'
[22:17:20.729][C][bshdbus.text_sensor:011]: BSH D-Bus Text Sensor:
[22:17:20.735][C][bshdbus.text_sensor:015]:   Dest node: 0x14
[22:17:20.740][C][bshdbus.text_sensor:020]:   Command: 0x1005
[22:17:20.745][C][bshdbus.text_sensor:022]:   Text Sensors:
[22:17:20.750][C][bshdbus.text_sensor:016]:   - 'Wash Program'
[22:17:20.755][C][bshdbus.text_sensor:156]:     Icon: 'mdi:numeric'
[22:17:20.760][C][bshdbus.text_sensor:011]: BSH D-Bus Text Sensor:
[22:17:20.768][C][bshdbus.text_sensor:015]:   Dest node: 0x14
[22:17:20.774][C][bshdbus.text_sensor:020]:   Command: 0x1007
[22:17:20.779][C][bshdbus.text_sensor:022]:   Text Sensors:
[22:17:20.785][C][bshdbus.text_sensor:016]:   - 'Wash Mode'
[22:17:20.790][C][bshdbus.text_sensor:156]:     Icon: 'mdi:tune-variant'
[22:17:20.795][C][bshdbus.text_sensor:011]: BSH D-Bus Text Sensor:
[22:17:20.800][C][bshdbus.text_sensor:015]:   Dest node: 0x16
[22:17:20.806][C][bshdbus.text_sensor:020]:   Command: 0x3015
[22:17:20.811][C][bshdbus.text_sensor:022]:   Text Sensors:
[22:17:20.817][C][bshdbus.text_sensor:016]:   - 'Current Rotation Direction'
[22:17:20.822][C][bshdbus.text_sensor:156]:     Icon: 'mdi:crop-rotate'
[22:17:20.828][C][bshdbus.text_sensor:011]: BSH D-Bus Text Sensor:
[22:17:20.834][C][bshdbus.text_sensor:015]:   Dest node: 0x26
[22:17:20.839][C][bshdbus.text_sensor:020]:   Command: 0x1200
[22:17:20.845][C][bshdbus.text_sensor:022]:   Text Sensors:
[22:17:20.850][C][bshdbus.text_sensor:016]:   - 'Door'
[22:17:20.855][C][bshdbus.text_sensor:156]:     Icon: 'mdi:door'
[22:17:20.861][C][bshdbus.text_sensor:011]: BSH D-Bus Text Sensor:
[22:17:20.868][C][bshdbus.text_sensor:015]:   Dest node: 0x26
[22:17:20.874][C][bshdbus.text_sensor:020]:   Command: 0x1020
[22:17:20.880][C][bshdbus.text_sensor:022]:   Text Sensors:
[22:17:20.885][C][bshdbus.text_sensor:016]:   - 'Program Step'
[22:17:20.891][C][bshdbus.text_sensor:156]:     Icon: 'mdi:map-marker-path'
[22:17:20.897][C][bshdbus.text_sensor:011]: BSH D-Bus Text Sensor:
[22:17:20.902][C][bshdbus.text_sensor:015]:   Dest node: 0x26
[22:17:20.907][C][bshdbus.text_sensor:020]:   Command: 0x1101
[22:17:20.913][C][bshdbus.text_sensor:022]:   Text Sensors:
[22:17:20.919][C][bshdbus.text_sensor:016]:   - 'Status'
[22:17:20.925][C][bshdbus.text_sensor:156]:     Icon: 'mdi:state-machine'
[22:17:20.930][C][wifi_info:016]: SSID 'SSID'
[22:17:20.936][C][wifi_info:016]: BSSID 'BSSID'
[22:17:20.941][C][wifi_info:016]: MAC Address 'MAC'
[22:17:20.947][C][wifi_info:016]: IP Address 'IP'
[22:17:20.953][C][version.text_sensor:016]: Version Text Sensor 'ESPHome Version'
[22:17:20.958][C][version.text_sensor:156]:   Icon: 'mdi:new-box'
[22:17:20.963][C][restart.button:014]: Restart Button 'Restart'
[22:17:20.971][C][restart.button:156]:   Icon: 'mdi:restart'
[22:17:20.977][C][esp32_ble:821]: Bluetooth stack is not enabled
[22:17:20.982][C][network:050]: Network:
[22:17:20.982][C][network:050]:   TCP send buffer: 5760 bytes
[22:17:20.993][C][wifi:1582]: WiFi:
[22:17:20.993][C][wifi:1582]:   Local MAC: 28:84:85:6B:3D:AC
[22:17:20.993][C][wifi:1582]:   Connected: YES
[22:17:21.009][C][wifi:1286]:   IP Address: 192.168.200.100
[22:17:21.016][C][wifi:1297]:   SSID: '888_Network_IOT'
[22:17:21.016][C][wifi:1297]:   BSSID: 8E:78:48:12:EC:F5
[22:17:21.016][C][wifi:1297]:   Hostname: 'esp32-bsh-washer'
[22:17:21.016][C][wifi:1297]:   Signal strength: -78 dB ▂▄▆█
[22:17:21.016][C][wifi:1297]:   Channel: 6
[22:17:21.016][C][wifi:1297]:   Subnet: 255.255.255.0
[22:17:21.016][C][wifi:1297]:   Gateway: 192.168.200.1
[22:17:21.016][C][wifi:1297]:   DNS1: 192.168.1.1
[22:17:21.016][C][wifi:1297]:   DNS2: 0.0.0.0
[22:17:21.077][C][sntp:058]: SNTP Time:
[22:17:21.082][C][sntp:061]:   Server 0: '0.pool.ntp.org'
[22:17:21.087][C][sntp:061]:   Server 1: '1.pool.ntp.org'
[22:17:21.093][C][sntp:061]:   Server 2: '2.pool.ntp.org'
[22:17:21.098][C][time:051]: Timezone: UTC+3:00
[22:17:21.103][C][time:055]: Current time: 2026-09-18 22:17:46
[22:17:21.108][C][esphome.ota:113]: Over-The-Air updates:
[22:17:21.108][C][esphome.ota:113]:   Address: esp32-bsh-washer.iot.home.to4ko.ru:3232
[22:17:21.108][C][esphome.ota:113]:   Version: 2
[22:17:21.125][C][safe_mode:058]: Safe Mode:
[22:17:21.125][C][safe_mode:058]:   Successful after: 60s
[22:17:21.125][C][safe_mode:058]:   Invoke after: 5 attempts
[22:17:21.125][C][safe_mode:058]:   Duration: 900s
[22:17:21.148][C][safe_mode:079]:   Bootloader rollback: supported
[22:17:21.154][C][api:271]: Server:
[22:17:21.154][C][api:271]:   Address: esp32-bsh-washer.iot.home.to4ko.ru:6053
[22:17:21.154][C][api:271]:   Listen backlog: 4
[22:17:21.154][C][api:271]:   Max connections: 5
[22:17:21.179][C][api:283]:   Noise encryption: NO
[22:17:21.186][C][wifi_signal.sensor:017]: WiFi Signal 'WiFi RSSI'
[22:17:21.186][C][wifi_signal.sensor:017]:   State Class: 'measurement'
[22:17:21.186][C][wifi_signal.sensor:017]:   Unit of Measurement: 'dBm'
[22:17:21.186][C][wifi_signal.sensor:017]:   Accuracy Decimals: 0
[22:17:21.208][C][wifi_signal.sensor:165]:   Device Class: 'signal_strength'
[22:17:21.214][C][mdns:259]: mDNS:
[22:17:21.214][C][mdns:259]:   Hostname: esp32-bsh-washer
[22:17:22.086][D][main:706]: Received frame dest 0x0f cmd 0xe000: 0x05
[22:17:22.099][D][bshdbus:090]: Missed ACK for dest 0x0f of preceding frame
[22:17:22.134][D][bshdbus:061]: Discarding 10 bytes of unparsed data after timeout of 32 ms: 0x0a041fe00105020b6f1a
[22:17:24.101][D][main:706]: Received frame dest 0x0f cmd 0xe000: 0x05
[22:17:24.134][D][bshdbus:090]: Missed ACK for dest 0x0f of preceding frame
[22:17:24.140][D][bshdbus:061]: Discarding 1 bytes of unparsed data after timeout of 21 ms: 0x0a
[22:17:24.148][D][main:706]: Received frame dest 0x1f cmd 0xe001: 0x0502
[22:17:26.085][D][main:706]: Received frame dest 0x0f cmd 0xe000: 0x05
[22:17:26.131][D][bshdbus:090]: Missed ACK for dest 0x0f of preceding frame
[22:17:26.168][D][bshdbus:061]: Discarding 10 bytes of unparsed data after timeout of 32 ms: 0x0a041fe00105020b6f1a
[22:17:28.091][D][main:706]: Received frame dest 0x0f cmd 0xe000: 0x05
[22:17:28.099][D][bshdbus:090]: Missed ACK for dest 0x0f of preceding frame
[22:17:28.182][D][bshdbus:061]: Discarding 10 bytes of unparsed data after timeout of 32 ms: 0x0a041fe00105020b6f1a
[22:17:30.100][D][main:706]: Received frame dest 0x0f cmd 0xe000: 0x05
[22:17:30.110][D][bshdbus:090]: Missed ACK for dest 0x0f of preceding frame
[22:17:30.132][D][bshdbus:061]: Discarding 1 bytes of unparsed data after timeout of 21 ms: 0x0a
[22:17:30.171][D][main:706]: Received frame dest 0x1f cmd 0xe001: 0x0502
[22:17:32.092][D][main:706]: Received frame dest 0x0f cmd 0xe000: 0x05
[22:17:32.099][D][bshdbus:090]: Missed ACK for dest 0x0f of preceding frame
[22:17:32.113][D][bshdbus:061]: Discarding 1 bytes of unparsed data after timeout of 21 ms: 0x0a
[22:17:32.151][D][main:706]: Received frame dest 0x1f cmd 0xe001: 0x0502
[22:17:32.159][W][api.connection:2675]: ESPHome Logs 2026.9.0 (192.168.1.14): Reading failed CONNECTION_CLOSED errno=128
[22:17:34.113][D][main:706]: Received frame dest 0x0f cmd 0xe000: 0x05
[22:17:34.120][D][bshdbus:090]: Missed ACK for dest 0x0f of preceding frame
[22:17:34.158][D][bshdbus:061]: Discarding 10 bytes of unparsed data after timeout of 32 ms: 0x0a041fe00105020b6f1a
[22:17:36.111][D][main:706]: Received frame dest 0x0f cmd 0xe000: 0x05
[22:17:36.120][D][bshdbus:090]: Missed ACK for dest 0x0f of preceding frame
[22:17:36.165][D][bshdbus:061]: Discarding 10 bytes of unparsed data after timeout of 33 ms: 0x0a041fe00105020b6f1a
[22:17:38.102][D][main:706]: Received frame dest 0x0f cmd 0xe000: 0x05
[22:17:38.109][D][bshdbus:090]: Missed ACK for dest 0x0f of preceding frame
[22:17:38.154][D][bshdbus:061]: Discarding 10 bytes of unparsed data after timeout of 32 ms: 0x0a041fe00105020b6f1a
[22:17:40.112][D][main:706]: Received frame dest 0x0f cmd 0xe000: 0x05
[22:17:40.136][D][bshdbus:090]: Missed ACK for dest 0x0f of preceding frame
[22:17:40.164][D][bshdbus:061]: Discarding 10 bytes of unparsed data after timeout of 33 ms: 0x0a041fe00105020b6f1a
[22:17:42.122][D][main:706]: Received frame dest 0x0f cmd 0xe000: 0x05
[22:17:42.130][D][bshdbus:090]: Missed ACK for dest 0x0f of preceding frame
[22:17:42.145][D][bshdbus:061]: Discarding 1 bytes of unparsed data after timeout of 25 ms: 0x0a
[22:17:42.152][D][main:706]: Received frame dest 0x1f cmd 0xe001: 0x0502
[22:17:44.125][D][main:706]: Received frame dest 0x0f cmd 0xe000: 0x05
[22:17:44.133][D][bshdbus:090]: Missed ACK for dest 0x0f of preceding frame
[22:17:44.139][D][bshdbus:061]: Discarding 1 bytes of unparsed data after timeout of 27 ms: 0x0a
[22:17:44.145][D][main:706]: Received frame dest 0x1f cmd 0xe001: 0x0502
[22:17:46.085][S][sensor]: 'Remaining Time (Smoothed)' >> nan min
[22:17:46.121][D][main:706]: Received frame dest 0x0f cmd 0xe000: 0x05
[22:17:46.127][D][bshdbus:090]: Missed ACK for dest 0x0f of preceding frame
[22:17:46.147][D][bshdbus:061]: Discarding 1 bytes of unparsed data after timeout of 22 ms: 0x0a
[22:17:46.153][D][main:706]: Received frame dest 0x1f cmd 0xe001: 0x0502
[22:17:48.147][D][main:706]: Received frame dest 0x0f cmd 0xe000: 0x05
[22:17:48.171][D][bshdbus:090]: Missed ACK for dest 0x0f of preceding frame
[22:17:48.184][D][bshdbus:061]: Discarding 10 bytes of unparsed data after timeout of 33 ms: 0x0a041fe00105020b6f1a
[22:17:50.122][D][main:706]: Received frame dest 0x0f cmd 0xe000: 0x05
[22:17:50.129][D][bshdbus:090]: Missed ACK for dest 0x0f of preceding frame
[22:17:50.150][D][bshdbus:061]: Discarding 1 bytes of unparsed data after timeout of 29 ms: 0x0a
[22:17:50.169][D][main:706]: Received frame dest 0x1f cmd 0xe001: 0x0502
[22:17:52.132][D][main:706]: Received frame dest 0x0f cmd 0xe000: 0x05
[22:17:52.150][D][bshdbus:090]: Missed ACK for dest 0x0f of preceding frame
[22:17:52.157][D][bshdbus:061]: Discarding 1 bytes of unparsed data after timeout of 26 ms: 0x0a
[22:17:52.163][D][main:706]: Received frame dest 0x1f cmd 0xe001: 0x0502
[22:17:54.141][D][main:706]: Received frame dest 0x0f cmd 0xe000: 0x05
[22:17:54.171][D][bshdbus:090]: Missed ACK for dest 0x0f of preceding frame
[22:17:54.195][D][bshdbus:061]: Discarding 10 bytes of unparsed data after timeout of 32 ms: 0x0a041fe00105020b6f1a
[22:17:56.133][D][main:706]: Received frame dest 0x0f cmd 0xe000: 0x05
[22:17:56.140][D][bshdbus:090]: Missed ACK for dest 0x0f of preceding frame
[22:17:56.180][D][bshdbus:061]: Discarding 10 bytes of unparsed data after timeout of 32 ms: 0x0a041fe00105020b6f1a
[22:17:58.169][D][main:706]: Received frame dest 0x0f cmd 0xe000: 0x05
[22:17:58.176][D][bshdbus:090]: Missed ACK for dest 0x0f of preceding frame
[22:17:58.184][D][bshdbus:061]: Discarding 1 bytes of unparsed data after timeout of 23 ms: 0x0a
[22:17:58.190][D][main:706]: Received frame dest 0x1f cmd 0xe001: 0x0502
[22:18:00.151][D][main:706]: Received frame dest 0x0f cmd 0xe000: 0x05
[22:18:00.157][D][bshdbus:090]: Missed ACK for dest 0x0f of preceding frame
[22:18:00.171][D][bshdbus:061]: Discarding 1 bytes of unparsed data after timeout of 21 ms: 0x0a
[22:18:00.177][D][main:706]: Received frame dest 0x1f cmd 0xe001: 0x0502
[22:18:02.160][D][main:706]: Received frame dest 0x0f cmd 0xe000: 0x05
[22:18:02.168][D][bshdbus:090]: Missed ACK for dest 0x0f of preceding frame
[22:18:02.196][D][bshdbus:061]: Discarding 10 bytes of unparsed data after timeout of 32 ms: 0x0a041fe00105020b6f1a
[22:18:04.152][D][main:706]: Received frame dest 0x0f cmd 0xe000: 0x05
[22:18:04.158][D][bshdbus:090]: Missed ACK for dest 0x0f of preceding frame
[22:18:04.173][D][bshdbus:061]: Discarding 1 bytes of unparsed data after timeout of 23 ms: 0x0a
[22:18:04.179][D][main:706]: Received frame dest 0x1f cmd 0xe001: 0x0502
[22:18:06.161][D][main:706]: Received frame dest 0x0f cmd 0xe000: 0x05
[22:18:06.168][D][bshdbus:090]: Missed ACK for dest 0x0f of preceding frame
[22:18:06.209][D][bshdbus:061]: Discarding 10 bytes of unparsed data after timeout of 32 ms: 0x0a041fe00105020b6f1a
[22:18:08.152][D][main:706]: Received frame dest 0x0f cmd 0xe000: 0x05
[22:18:08.159][D][bshdbus:090]: Missed ACK for dest 0x0f of preceding frame
[22:18:08.191][D][bshdbus:061]: Discarding 1 bytes of unparsed data after timeout of 28 ms: 0x0a
[22:18:08.196][D][main:706]: Received frame dest 0x1f cmd 0xe001: 0x0502
[22:18:10.162][D][main:706]: Received frame dest 0x0f cmd 0xe000: 0x05
[22:18:10.173][D][bshdbus:090]: Missed ACK for dest 0x0f of preceding frame
[22:18:10.187][D][bshdbus:061]: Discarding 1 bytes of unparsed data after timeout of 24 ms: 0x0a
[22:18:10.202][D][main:706]: Received frame dest 0x1f cmd 0xe001: 0x0502
[22:18:12.155][D][main:706]: Received frame dest 0x0f cmd 0xe000: 0x05
[22:18:12.166][D][bshdbus:090]: Missed ACK for dest 0x0f of preceding frame
[22:18:12.205][D][bshdbus:061]: Discarding 10 bytes of unparsed data after timeout of 32 ms: 0x0a041fe00105020b6f1a
[22:18:14.165][D][main:706]: Received frame dest 0x0f cmd 0xe000: 0x05
[22:18:14.173][D][bshdbus:090]: Missed ACK for dest 0x0f of preceding frame
[22:18:14.211][D][bshdbus:061]: Discarding 10 bytes of unparsed data after timeout of 32 ms: 0x0a041fe00105020b6f1a
[22:18:14.884][I][safe_mode:154]: Boot seems successful; resetting boot loop counter
[22:18:15.583][S][sensor]: 'Uptime s' >> 61 s
[22:18:16.078][S][sensor]: 'Remaining Time (Smoothed)' >> nan min
[22:18:16.178][D][main:706]: Received frame dest 0x0f cmd 0xe000: 0x05
[22:18:16.185][D][bshdbus:090]: Missed ACK for dest 0x0f of preceding frame
[22:18:16.194][D][bshdbus:061]: Discarding 1 bytes of unparsed data after timeout of 23 ms: 0x0a
[22:18:16.201][D][main:706]: Received frame dest 0x1f cmd 0xe001: 0x0502
[22:18:16.597][S][sensor]: 'ESP Internal Temperature' >> 55.3 °C
[22:18:17.592][S][text_sensor]: 'Uptime' >> '00d 00h 1m 1s'
[22:18:18.163][D][main:706]: Received frame dest 0x0f cmd 0xe000: 0x05
[22:18:18.169][D][bshdbus:090]: Missed ACK for dest 0x0f of preceding frame
[22:18:18.191][D][bshdbus:061]: Discarding 1 bytes of unparsed data after timeout of 29 ms: 0x0a
[22:18:18.197][D][main:706]: Received frame dest 0x1f cmd 0xe001: 0x0502
[22:18:18.451][S][sensor]: 'WiFi RSSI' >> -78 dBm
[22:18:20.174][D][main:706]: Received frame dest 0x0f cmd 0xe000: 0x05
[22:18:20.182][D][bshdbus:090]: Missed ACK for dest 0x0f of preceding frame
[22:18:20.227][D][bshdbus:061]: Discarding 10 bytes of unparsed data after timeout of 32 ms: 0x0a041fe00105020b6f1a
[22:18:22.182][D][main:706]: Received frame dest 0x0f cmd 0xe000: 0x05
[22:18:22.188][D][bshdbus:090]: Missed ACK for dest 0x0f of preceding frame
[22:18:22.239][D][bshdbus:061]: Discarding 10 bytes of unparsed data after timeout of 32 ms: 0x0a041fe00105020b6f1a
[22:18:24.173][D][main:706]: Received frame dest 0x0f cmd 0xe000: 0x05
[22:18:24.180][D][bshdbus:090]: Missed ACK for dest 0x0f of preceding frame
[22:18:24.226][D][bshdbus:061]: Discarding 10 bytes of unparsed data after timeout of 32 ms: 0x0a041fe00105020b6f1a
[22:18:26.191][D][main:706]: Received frame dest 0x0f cmd 0xe000: 0x05
[22:18:26.219][D][bshdbus:090]: Missed ACK for dest 0x0f of preceding frame
[22:18:26.225][D][bshdbus:061]: Discarding 1 bytes of unparsed data after timeout of 27 ms: 0x0a
[22:18:26.266][D][main:706]: Received frame dest 0x1f cmd 0xe001: 0x0502
[22:18:28.198][D][main:706]: Received frame dest 0x0f cmd 0xe000: 0x05
[22:18:28.205][D][bshdbus:090]: Missed ACK for dest 0x0f of preceding frame
[22:18:28.212][D][bshdbus:061]: Discarding 1 bytes of unparsed data after timeout of 22 ms: 0x0a
[22:18:28.219][D][main:706]: Received frame dest 0x1f cmd 0xe001: 0x0502
[22:18:30.183][D][main:706]: Received frame dest 0x0f cmd 0xe000: 0x05
[22:18:30.190][D][bshdbus:090]: Missed ACK for dest 0x0f of preceding frame
[22:18:30.212][D][bshdbus:061]: Discarding 1 bytes of unparsed data after timeout of 27 ms: 0x0a
[22:18:30.218][D][main:706]: Received frame dest 0x1f cmd 0xe001: 0x0502
[22:18:32.194][D][main:706]: Received frame dest 0x0f cmd 0xe000: 0x05
[22:18:32.201][D][bshdbus:090]: Missed ACK for dest 0x0f of preceding frame
[22:18:32.280][D][bshdbus:061]: Discarding 10 bytes of unparsed data after timeout of 32 ms: 0x0a041fe00105020b6f1a
[22:18:34.202][D][main:706]: Received frame dest 0x0f cmd 0xe000: 0x05
[22:18:34.209][D][bshdbus:090]: Missed ACK for dest 0x0f of preceding frame
[22:18:34.230][D][bshdbus:061]: Discarding 1 bytes of unparsed data after timeout of 28 ms: 0x0a
[22:18:34.236][D][main:706]: Received frame dest 0x1f cmd 0xe001: 0x0502
[22:18:36.194][D][main:706]: Received frame dest 0x0f cmd 0xe000: 0x05
[22:18:36.201][D][bshdbus:090]: Missed ACK for dest 0x0f of preceding frame
[22:18:36.215][D][bshdbus:061]: Discarding 1 bytes of unparsed data after timeout of 22 ms: 0x0a
[22:18:36.222][D][main:706]: Received frame dest 0x1f cmd 0xe001: 0x0502
[22:18:38.203][D][main:706]: Received frame dest 0x0f cmd 0xe000: 0x05
[22:18:38.210][D][bshdbus:090]: Missed ACK for dest 0x0f of preceding frame
[22:18:38.230][D][bshdbus:061]: Discarding 1 bytes of unparsed data after timeout of 29 ms: 0x0a
[22:18:38.237][D][main:706]: Received frame dest 0x1f cmd 0xe001: 0x0502
[22:18:40.213][D][main:706]: Received frame dest 0x0f cmd 0xe000: 0x05
[22:18:40.220][D][bshdbus:090]: Missed ACK for dest 0x0f of preceding frame
[22:18:40.245][D][bshdbus:061]: Discarding 1 bytes of unparsed data after timeout of 22 ms: 0x0a
[22:18:40.252][D][main:706]: Received frame dest 0x1f cmd 0xe001: 0x0502
[22:18:42.207][D][main:706]: Received frame dest 0x0f cmd 0xe000: 0x05
[22:18:42.214][D][bshdbus:090]: Missed ACK for dest 0x0f of preceding frame
[22:18:42.256][D][bshdbus:061]: Discarding 10 bytes of unparsed data after timeout of 32 ms: 0x0a041fe00105020b6f1a
[22:18:44.219][D][main:706]: Received frame dest 0x0f cmd 0xe000: 0x05
[22:18:44.265][D][bshdbus:090]: Missed ACK for dest 0x0f of preceding frame
[22:18:44.297][D][bshdbus:061]: Discarding 10 bytes of unparsed data after timeout of 32 ms: 0x0a041fe00105020b6f1a
[22:18:46.078][S][sensor]: 'Remaining Time (Smoothed)' >> nan min
[22:18:46.222][D][main:706]: Received frame dest 0x0f cmd 0xe000: 0x05
[22:18:46.228][D][bshdbus:090]: Missed ACK for dest 0x0f of preceding frame
[22:18:46.243][D][bshdbus:061]: Discarding 1 bytes of unparsed data after timeout of 22 ms: 0x0a
[22:18:46.249][D][main:706]: Received frame dest 0x1f cmd 0xe001: 0x0502
[22:18:48.213][D][main:706]: Received frame dest 0x0f cmd 0xe000: 0x05
[22:18:48.230][D][bshdbus:090]: Missed ACK for dest 0x0f of preceding frame
[22:18:48.264][D][bshdbus:061]: Discarding 10 bytes of unparsed data after timeout of 32 ms: 0x0a041fe00105020b6f1a
[22:18:50.222][D][main:706]: Received frame dest 0x0f cmd 0xe000: 0x05
[22:18:50.229][D][bshdbus:090]: Missed ACK for dest 0x0f of preceding frame
[22:18:50.277][D][bshdbus:061]: Discarding 10 bytes of unparsed data after timeout of 32 ms: 0x0a041fe00105020b6f1a
[22:18:52.232][D][main:706]: Received frame dest 0x0f cmd 0xe000: 0x05
[22:18:52.239][D][bshdbus:090]: Missed ACK for dest 0x0f of preceding frame
[22:18:52.284][D][bshdbus:061]: Discarding 10 bytes of unparsed data after timeout of 32 ms: 0x0a041fe00105020b6f1a
[22:18:54.223][D][main:706]: Received frame dest 0x0f cmd 0xe000: 0x05
[22:18:54.258][D][bshdbus:090]: Missed ACK for dest 0x0f of preceding frame
[22:18:54.289][D][bshdbus:061]: Discarding 10 bytes of unparsed data after timeout of 32 ms: 0x0a041fe00105020b6f1a
[22:18:56.232][D][main:706]: Received frame dest 0x0f cmd 0xe000: 0x05
[22:18:56.239][D][bshdbus:090]: Missed ACK for dest 0x0f of preceding frame
[22:18:56.284][D][bshdbus:061]: Discarding 10 bytes of unparsed data after timeout of 32 ms: 0x0a041fe00105020b6f1a
[22:18:58.245][D][main:706]: Received frame dest 0x0f cmd 0xe000: 0x05
[22:18:58.256][D][bshdbus:090]: Missed ACK for dest 0x0f of preceding frame
[22:18:58.348][D][bshdbus:061]: Discarding 1 bytes of unparsed data after timeout of 22 ms: 0x0a
[22:18:58.358][D][main:706]: Received frame dest 0x1f cmd 0xe001: 0x0502
[22:19:00.233][D][main:706]: Received frame dest 0x0f cmd 0xe000: 0x05
[22:19:00.246][D][bshdbus:090]: Missed ACK for dest 0x0f of preceding frame
[22:19:00.280][D][bshdbus:061]: Discarding 10 bytes of unparsed data after timeout of 32 ms: 0x0a041fe00105020b6f1a
[22:19:02.258][D][main:706]: Received frame dest 0x0f cmd 0xe000: 0x05
[22:19:02.265][D][bshdbus:090]: Missed ACK for dest 0x0f of preceding frame
[22:19:02.270][D][bshdbus:061]: Discarding 1 bytes of unparsed data after timeout of 23 ms: 0x0a
[22:19:02.276][D][main:706]: Received frame dest 0x1f cmd 0xe001: 0x0502
[22:19:04.252][D][main:706]: Received frame dest 0x0f cmd 0xe000: 0x05
[22:19:04.258][D][bshdbus:090]: Missed ACK for dest 0x0f of preceding frame
[22:19:04.306][D][bshdbus:061]: Discarding 10 bytes of unparsed data after timeout of 32 ms: 0x0a041fe00105020b6f1a
[22:19:06.253][D][main:706]: Received frame dest 0x0f cmd 0xe000: 0x05
[22:19:06.260][D][bshdbus:090]: Missed ACK for dest 0x0f of preceding frame
[22:19:06.269][D][bshdbus:061]: Discarding 1 bytes of unparsed data after timeout of 28 ms: 0x0a
[22:19:06.275][D][main:706]: Received frame dest 0x1f cmd 0xe001: 0x0502
[22:19:08.254][D][main:706]: Received frame dest 0x0f cmd 0xe000: 0x05
[22:19:08.271][D][bshdbus:090]: Missed ACK for dest 0x0f of preceding frame
[22:19:08.355][D][bshdbus:061]: Discarding 10 bytes of unparsed data after timeout of 32 ms: 0x0a041fe00105020b6f1a
[22:19:10.262][D][main:706]: Received frame dest 0x0f cmd 0xe000: 0x05
[22:19:10.269][D][bshdbus:090]: Missed ACK for dest 0x0f of preceding frame
[22:19:10.285][D][bshdbus:061]: Discarding 1 bytes of unparsed data after timeout of 24 ms: 0x0a
[22:19:10.291][D][main:706]: Received frame dest 0x1f cmd 0xe001: 0x0502
[22:19:12.253][D][main:706]: Received frame dest 0x0f cmd 0xe000: 0x05
[22:19:12.261][D][bshdbus:090]: Missed ACK for dest 0x0f of preceding frame
[22:19:12.274][D][bshdbus:061]: Discarding 1 bytes of unparsed data after timeout of 23 ms: 0x0a
[22:19:12.284][D][main:706]: Received frame dest 0x1f cmd 0xe001: 0x0502
[22:19:14.263][D][main:706]: Received frame dest 0x0f cmd 0xe000: 0x05
[22:19:14.277][D][bshdbus:090]: Missed ACK for dest 0x0f of preceding frame
[22:19:14.313][D][bshdbus:061]: Discarding 10 bytes of unparsed data after timeout of 32 ms: 0x0a041fe00105020b6f1a
[22:19:15.579][S][sensor]: 'Uptime s' >> 121 s
[22:19:16.061][S][sensor]: 'Remaining Time (Smoothed)' >> nan min
[22:19:16.274][D][main:706]: Received frame dest 0x0f cmd 0xe000: 0x05
[22:19:16.288][D][bshdbus:090]: Missed ACK for dest 0x0f of preceding frame
[22:19:16.295][D][bshdbus:061]: Discarding 1 bytes of unparsed data after timeout of 23 ms: 0x0a
[22:19:16.301][D][main:706]: Received frame dest 0x1f cmd 0xe001: 0x0502
[22:19:16.571][S][sensor]: 'ESP Internal Temperature' >> 54.3 °C
[22:19:17.597][S][text_sensor]: 'Uptime' >> '00d 00h 2m 1s'
[22:19:18.266][D][main:706]: Received frame dest 0x0f cmd 0xe000: 0x05
[22:19:18.306][D][bshdbus:090]: Missed ACK for dest 0x0f of preceding frame
[22:19:18.313][D][bshdbus:061]: Discarding 1 bytes of unparsed data after timeout of 28 ms: 0x0a
[22:19:18.318][D][main:706]: Received frame dest 0x1f cmd 0xe001: 0x0502
[22:19:18.456][S][sensor]: 'WiFi RSSI' >> -77 dBm
[22:19:20.282][D][main:706]: Received frame dest 0x0f cmd 0xe000: 0x05
[22:19:20.290][D][bshdbus:090]: Missed ACK for dest 0x0f of preceding frame
[22:19:20.296][D][bshdbus:061]: Discarding 1 bytes of unparsed data after timeout of 24 ms: 0x0a
[22:19:20.302][D][main:706]: Received frame dest 0x1f cmd 0xe001: 0x0502
[22:19:22.264][D][main:706]: Received frame dest 0x0f cmd 0xe000: 0x05
[22:19:22.272][D][bshdbus:090]: Missed ACK for dest 0x0f of preceding frame
[22:19:22.330][D][bshdbus:061]: Discarding 10 bytes of unparsed data after timeout of 32 ms: 0x0a041fe00105020b6f1a
[22:19:24.276][D][main:706]: Received frame dest 0x0f cmd 0xe000: 0x05
[22:19:24.283][D][bshdbus:090]: Missed ACK for dest 0x0f of preceding frame
[22:19:24.296][D][bshdbus:061]: Discarding 1 bytes of unparsed data after timeout of 24 ms: 0x0a
[22:19:24.303][D][main:706]: Received frame dest 0x1f cmd 0xe001: 0x0502
[22:19:26.285][D][main:706]: Received frame dest 0x0f cmd 0xe000: 0x05
[22:19:26.292][D][bshdbus:090]: Missed ACK for dest 0x0f of preceding frame
[22:19:26.336][D][bshdbus:061]: Discarding 10 bytes of unparsed data after timeout of 33 ms: 0x0a041fe00105020b6f1a
[22:19:28.285][D][main:706]: Received frame dest 0x0f cmd 0xe000: 0x05
[22:19:28.291][D][bshdbus:090]: Missed ACK for dest 0x0f of preceding frame
[22:19:28.298][D][bshdbus:061]: Discarding 1 bytes of unparsed data after timeout of 25 ms: 0x0a
[22:19:28.317][D][main:706]: Received frame dest 0x1f cmd 0xe001: 0x0502
[22:19:30.284][D][main:706]: Received frame dest 0x0f cmd 0xe000: 0x05
[22:19:30.290][D][bshdbus:090]: Missed ACK for dest 0x0f of preceding frame
[22:19:30.335][D][bshdbus:061]: Discarding 10 bytes of unparsed data after timeout of 32 ms: 0x0a041fe00105020b6f1a
[22:19:32.294][D][main:706]: Received frame dest 0x0f cmd 0xe000: 0x05
[22:19:32.301][D][bshdbus:090]: Missed ACK for dest 0x0f of preceding frame
[22:19:32.314][D][bshdbus:061]: Discarding 1 bytes of unparsed data after timeout of 22 ms: 0x0a
[22:19:32.331][D][main:706]: Received frame dest 0x1f cmd 0xe001: 0x0502
[22:19:34.286][D][main:706]: Received frame dest 0x0f cmd 0xe000: 0x05
[22:19:34.299][D][bshdbus:090]: Missed ACK for dest 0x0f of preceding frame
[22:19:34.309][D][bshdbus:061]: Discarding 1 bytes of unparsed data after timeout of 23 ms: 0x0a
[22:19:34.316][D][main:706]: Received frame dest 0x1f cmd 0xe001: 0x0502
[22:19:36.294][D][main:706]: Received frame dest 0x0f cmd 0xe000: 0x05
[22:19:36.302][D][bshdbus:090]: Missed ACK for dest 0x0f of preceding frame
[22:19:36.320][D][bshdbus:061]: Discarding 1 bytes of unparsed data after timeout of 27 ms: 0x0a
[22:19:36.333][D][main:706]: Received frame dest 0x1f cmd 0xe001: 0x0502
[22:19:38.305][D][main:706]: Received frame dest 0x0f cmd 0xe000: 0x05
[22:19:38.314][D][bshdbus:090]: Missed ACK for dest 0x0f of preceding frame
[22:19:38.354][D][bshdbus:061]: Discarding 10 bytes of unparsed data after timeout of 32 ms: 0x0a041fe00105020b6f1a
[22:19:40.297][D][main:706]: Received frame dest 0x0f cmd 0xe000: 0x05
[22:19:40.304][D][bshdbus:090]: Missed ACK for dest 0x0f of preceding frame
[22:19:40.320][D][bshdbus:061]: Discarding 1 bytes of unparsed data after timeout of 26 ms: 0x0a
[22:19:40.326][D][main:706]: Received frame dest 0x1f cmd 0xe001: 0x0502
[22:19:42.425][D][main:706]: Received frame dest 0x0f cmd 0xe000: 0x05
[22:19:42.442][D][bshdbus:090]: Missed ACK for dest 0x0f of preceding frame
[22:19:42.448][D][bshdbus:061]: Discarding 10 bytes of unparsed data after timeout of 32 ms: 0x0a041fe00105020b6f1a
[22:19:44.314][D][main:706]: Received frame dest 0x0f cmd 0xe000: 0x05
[22:19:44.321][D][bshdbus:090]: Missed ACK for dest 0x0f of preceding frame
[22:19:44.346][D][bshdbus:061]: Discarding 1 bytes of unparsed data after timeout of 26 ms: 0x0a
[22:19:44.353][D][main:706]: Received frame dest 0x1f cmd 0xe001: 0x0502
[22:19:46.074][S][sensor]: 'Remaining Time (Smoothed)' >> nan min
[22:19:46.305][D][main:706]: Received frame dest 0x0f cmd 0xe000: 0x05
[22:19:46.311][D][bshdbus:090]: Missed ACK for dest 0x0f of preceding frame
[22:19:46.356][D][bshdbus:061]: Discarding 10 bytes of unparsed data after timeout of 32 ms: 0x0a041fe00105020b6f1a
[22:19:48.316][D][main:706]: Received frame dest 0x0f cmd 0xe000: 0x05
[22:19:48.323][D][bshdbus:090]: Missed ACK for dest 0x0f of preceding frame
[22:19:48.351][D][bshdbus:061]: Discarding 1 bytes of unparsed data after timeout of 27 ms: 0x0a
[22:19:48.376][D][main:706]: Received frame dest 0x1f cmd 0xe001: 0x0502
[22:19:50.307][D][main:706]: Received frame dest 0x0f cmd 0xe000: 0x05
[22:19:50.316][D][bshdbus:090]: Missed ACK for dest 0x0f of preceding frame
[22:19:50.327][D][bshdbus:061]: Discarding 1 bytes of unparsed data after timeout of 22 ms: 0x0a
[22:19:50.346][D][main:706]: Received frame dest 0x1f cmd 0xe001: 0x0502
[22:19:52.320][D][main:706]: Received frame dest 0x0f cmd 0xe000: 0x05
[22:19:52.339][D][bshdbus:090]: Missed ACK for dest 0x0f of preceding frame
[22:19:52.374][D][bshdbus:061]: Discarding 10 bytes of unparsed data after timeout of 32 ms: 0x0a041fe00105020b6f1a
[22:19:54.326][D][main:706]: Received frame dest 0x0f cmd 0xe000: 0x05
[22:19:54.333][D][bshdbus:090]: Missed ACK for dest 0x0f of preceding frame
[22:19:54.380][D][bshdbus:061]: Discarding 10 bytes of unparsed data after timeout of 32 ms: 0x0a041fe00105020b6f1a
[22:19:56.326][D][main:706]: Received frame dest 0x0f cmd 0xe000: 0x05
[22:19:56.342][D][bshdbus:090]: Missed ACK for dest 0x0f of preceding frame
[22:19:56.348][D][bshdbus:061]: Discarding 1 bytes of unparsed data after timeout of 27 ms: 0x0a
[22:19:56.353][D][main:706]: Received frame dest 0x1f cmd 0xe001: 0x0502
[22:19:58.329][D][main:706]: Received frame dest 0x0f cmd 0xe000: 0x05
[22:19:58.345][D][bshdbus:090]: Missed ACK for dest 0x0f of preceding frame
[22:19:58.358][D][bshdbus:061]: Discarding 1 bytes of unparsed data after timeout of 27 ms: 0x0a
[22:19:58.376][D][main:706]: Received frame dest 0x1f cmd 0xe001: 0x0502
[22:20:00.336][D][main:706]: Received frame dest 0x0f cmd 0xe000: 0x05
[22:20:00.355][D][bshdbus:090]: Missed ACK for dest 0x0f of preceding frame
[22:20:00.363][D][bshdbus:061]: Discarding 1 bytes of unparsed data after timeout of 28 ms: 0x0a
[22:20:00.369][D][main:706]: Received frame dest 0x1f cmd 0xe001: 0x0502
[22:20:02.327][D][main:706]: Received frame dest 0x0f cmd 0xe000: 0x05
[22:20:02.335][D][bshdbus:090]: Missed ACK for dest 0x0f of preceding frame
[22:20:02.379][D][bshdbus:061]: Discarding 10 bytes of unparsed data after timeout of 32 ms: 0x0a041fe00105020b6f1a
[22:20:04.337][D][main:706]: Received frame dest 0x0f cmd 0xe000: 0x05
[22:20:04.356][D][bshdbus:090]: Missed ACK for dest 0x0f of preceding frame
[22:20:04.391][D][bshdbus:061]: Discarding 10 bytes of unparsed data after timeout of 33 ms: 0x0a041fe00105020b6f1a
[22:20:06.347][D][main:706]: Received frame dest 0x0f cmd 0xe000: 0x05
[22:20:06.364][D][bshdbus:090]: Missed ACK for dest 0x0f of preceding frame
[22:20:06.371][D][bshdbus:061]: Discarding 1 bytes of unparsed data after timeout of 22 ms: 0x0a
[22:20:06.379][D][main:706]: Received frame dest 0x1f cmd 0xe001: 0x0502
[22:20:08.338][D][main:706]: Received frame dest 0x0f cmd 0xe000: 0x05
[22:20:08.345][D][bshdbus:090]: Missed ACK for dest 0x0f of preceding frame
[22:20:08.390][D][bshdbus:061]: Discarding 10 bytes of unparsed data after timeout of 32 ms: 0x0a041fe00105020b6f1a
[22:20:10.357][D][main:706]: Received frame dest 0x0f cmd 0xe000: 0x05
[22:20:10.364][D][bshdbus:090]: Missed ACK for dest 0x0f of preceding frame
[22:20:10.371][D][bshdbus:061]: Discarding 1 bytes of unparsed data after timeout of 25 ms: 0x0a
[22:20:10.377][D][main:706]: Received frame dest 0x1f cmd 0xe001: 0x0502
[22:20:12.339][D][main:706]: Received frame dest 0x0f cmd 0xe000: 0x05
[22:20:12.347][D][bshdbus:090]: Missed ACK for dest 0x0f of preceding frame
[22:20:12.389][D][bshdbus:061]: Discarding 10 bytes of unparsed data after timeout of 33 ms: 0x0a041fe00105020b6f1a
[22:20:14.349][D][main:706]: Received frame dest 0x0f cmd 0xe000: 0x05
[22:20:14.366][D][bshdbus:090]: Missed ACK for dest 0x0f of preceding frame
[22:20:14.381][D][bshdbus:061]: Discarding 1 bytes of unparsed data after timeout of 28 ms: 0x0a
[22:20:14.389][D][main:706]: Received frame dest 0x1f cmd 0xe001: 0x0502
[22:20:15.582][S][sensor]: 'Uptime s' >> 181 s
[22:20:16.062][S][sensor]: 'Remaining Time (Smoothed)' >> nan min
[22:20:16.358][D][main:706]: Received frame dest 0x0f cmd 0xe000: 0x05
[22:20:16.369][D][bshdbus:090]: Missed ACK for dest 0x0f of preceding frame
[22:20:16.404][D][bshdbus:061]: Discarding 10 bytes of unparsed data after timeout of 32 ms: 0x0a041fe00105020b6f1a
[22:20:16.582][S][sensor]: 'ESP Internal Temperature' >> 54.3 °C
[22:20:17.592][S][text_sensor]: 'Uptime' >> '00d 00h 3m 1s'
[22:20:18.349][D][main:706]: Received frame dest 0x0f cmd 0xe000: 0x05
[22:20:18.368][D][bshdbus:090]: Missed ACK for dest 0x0f of preceding frame
[22:20:18.375][D][bshdbus:061]: Discarding 1 bytes of unparsed data after timeout of 21 ms: 0x0a
[22:20:18.382][D][main:706]: Received frame dest 0x1f cmd 0xe001: 0x0502
[22:20:18.455][S][sensor]: 'WiFi RSSI' >> -77 dBm
[22:20:20.359][D][main:706]: Received frame dest 0x0f cmd 0xe000: 0x05
[22:20:20.379][D][bshdbus:090]: Missed ACK for dest 0x0f of preceding frame
[22:20:20.412][D][bshdbus:061]: Discarding 10 bytes of unparsed data after timeout of 32 ms: 0x0a041fe00105020b6f1a
[22:20:22.368][D][main:706]: Received frame dest 0x0f cmd 0xe000: 0x05
[22:20:22.375][D][bshdbus:090]: Missed ACK for dest 0x0f of preceding frame
[22:20:22.416][D][bshdbus:061]: Discarding 10 bytes of unparsed data after timeout of 32 ms: 0x0a041fe00105020b6f1a
[22:20:24.359][D][main:706]: Received frame dest 0x0f cmd 0xe000: 0x05
[22:20:24.366][D][bshdbus:090]: Missed ACK for dest 0x0f of preceding frame
[22:20:24.395][D][bshdbus:061]: Discarding 1 bytes of unparsed data after timeout of 25 ms: 0x0a
[22:20:24.402][D][main:706]: Received frame dest 0x1f cmd 0xe001: 0x0502
[22:20:26.369][D][main:706]: Received frame dest 0x0f cmd 0xe000: 0x05
[22:20:26.376][D][bshdbus:090]: Missed ACK for dest 0x0f of preceding frame
[22:20:26.440][D][bshdbus:061]: Discarding 10 bytes of unparsed data after timeout of 32 ms: 0x0a041fe00105020b6f1a
[22:20:28.379][D][main:706]: Received frame dest 0x0f cmd 0xe000: 0x05
[22:20:28.386][D][bshdbus:090]: Missed ACK for dest 0x0f of preceding frame
[22:20:28.428][D][bshdbus:061]: Discarding 10 bytes of unparsed data after timeout of 32 ms: 0x0a041fe00105020b6f1a
[22:20:30.373][D][main:706]: Received frame dest 0x0f cmd 0xe000: 0x05
[22:20:30.389][D][bshdbus:090]: Missed ACK for dest 0x0f of preceding frame
[22:20:30.396][D][bshdbus:061]: Discarding 1 bytes of unparsed data after timeout of 23 ms: 0x0a
[22:20:30.401][D][main:706]: Received frame dest 0x1f cmd 0xe001: 0x0502
[22:20:32.387][D][main:706]: Received frame dest 0x0f cmd 0xe000: 0x05
[22:20:32.395][D][bshdbus:090]: Missed ACK for dest 0x0f of preceding frame
[22:20:32.405][D][bshdbus:061]: Discarding 1 bytes of unparsed data after timeout of 26 ms: 0x0a
[22:20:32.412][D][main:706]: Received frame dest 0x1f cmd 0xe001: 0x0502
[22:20:34.389][D][main:706]: Received frame dest 0x0f cmd 0xe000: 0x05
[22:20:34.396][D][bshdbus:090]: Missed ACK for dest 0x0f of preceding frame
[22:20:34.438][D][bshdbus:061]: Discarding 10 bytes of unparsed data after timeout of 32 ms: 0x0a041fe00105020b6f1a
[22:20:36.392][D][main:706]: Received frame dest 0x0f cmd 0xe000: 0x05
[22:20:36.400][D][bshdbus:090]: Missed ACK for dest 0x0f of preceding frame
[22:20:36.431][D][bshdbus:061]: Discarding 10 bytes of unparsed data after timeout of 32 ms: 0x0a041fe00105020b6f1a
[22:20:38.391][D][main:706]: Received frame dest 0x0f cmd 0xe000: 0x05
[22:20:38.402][D][bshdbus:090]: Missed ACK for dest 0x0f of preceding frame
[22:20:38.418][D][bshdbus:061]: Discarding 1 bytes of unparsed data after timeout of 28 ms: 0x0a
[22:20:38.427][D][main:706]: Received frame dest 0x1f cmd 0xe001: 0x0502
[22:20:40.402][D][main:706]: Received frame dest 0x0f cmd 0xe000: 0x05
[22:20:40.410][D][bshdbus:090]: Missed ACK for dest 0x0f of preceding frame
[22:20:40.419][D][bshdbus:061]: Discarding 1 bytes of unparsed data after timeout of 21 ms: 0x0a
[22:20:40.425][D][main:706]: Received frame dest 0x1f cmd 0xe001: 0x0502
[22:20:42.392][D][main:706]: Received frame dest 0x0f cmd 0xe000: 0x05
[22:20:42.402][D][bshdbus:090]: Missed ACK for dest 0x0f of preceding frame
[22:20:42.441][D][bshdbus:061]: Discarding 10 bytes of unparsed data after timeout of 33 ms: 0x0a041fe00105020b6f1a
[22:20:44.401][D][main:706]: Received frame dest 0x0f cmd 0xe000: 0x05
[22:20:44.409][D][bshdbus:090]: Missed ACK for dest 0x0f of preceding frame
[22:20:44.421][D][bshdbus:061]: Discarding 1 bytes of unparsed data after timeout of 22 ms: 0x0a
[22:20:44.429][D][main:706]: Received frame dest 0x1f cmd 0xe001: 0x0502
[22:20:46.058][S][sensor]: 'Remaining Time (Smoothed)' >> nan min
[22:20:46.403][D][main:706]: Received frame dest 0x0f cmd 0xe000: 0x05
[22:20:46.410][D][bshdbus:090]: Missed ACK for dest 0x0f of preceding frame
[22:20:46.442][D][bshdbus:061]: Discarding 10 bytes of unparsed data after timeout of 32 ms: 0x0a041fe00105020b6f1a
[22:20:48.402][D][main:706]: Received frame dest 0x0f cmd 0xe000: 0x05
[22:20:48.410][D][bshdbus:090]: Missed ACK for dest 0x0f of preceding frame
[22:20:48.422][D][bshdbus:061]: Discarding 1 bytes of unparsed data after timeout of 23 ms: 0x0a
[22:20:48.428][D][main:706]: Received frame dest 0x1f cmd 0xe001: 0x0502
[22:20:50.411][D][main:706]: Received frame dest 0x0f cmd 0xe000: 0x05
[22:20:50.418][D][bshdbus:090]: Missed ACK for dest 0x0f of preceding frame
[22:20:50.461][D][bshdbus:061]: Discarding 10 bytes of unparsed data after timeout of 32 ms: 0x0a041fe00105020b6f1a
[22:20:52.402][D][main:706]: Received frame dest 0x0f cmd 0xe000: 0x05
[22:20:52.409][D][bshdbus:090]: Missed ACK for dest 0x0f of preceding frame
[22:20:52.424][D][bshdbus:061]: Discarding 1 bytes of unparsed data after timeout of 23 ms: 0x0a
[22:20:52.434][D][main:706]: Received frame dest 0x1f cmd 0xe001: 0x0502
[22:20:54.412][D][main:706]: Received frame dest 0x0f cmd 0xe000: 0x05
[22:20:54.418][D][bshdbus:090]: Missed ACK for dest 0x0f of preceding frame
[22:20:54.461][D][bshdbus:061]: Discarding 10 bytes of unparsed data after timeout of 32 ms: 0x0a041fe00105020b6f1a
[22:20:56.421][D][main:706]: Received frame dest 0x0f cmd 0xe000: 0x05
[22:20:56.438][D][bshdbus:090]: Missed ACK for dest 0x0f of preceding frame
[22:20:56.474][D][bshdbus:061]: Discarding 10 bytes of unparsed data after timeout of 32 ms: 0x0a041fe00105020b6f1a
[22:20:58.412][D][main:706]: Received frame dest 0x0f cmd 0xe000: 0x05
[22:20:58.419][D][bshdbus:090]: Missed ACK for dest 0x0f of preceding frame
[22:20:58.462][D][bshdbus:061]: Discarding 10 bytes of unparsed data after timeout of 32 ms: 0x0a041fe00105020b6f1a
[22:21:00.430][D][main:706]: Received frame dest 0x0f cmd 0xe000: 0x05
[22:21:00.439][D][bshdbus:090]: Missed ACK for dest 0x0f of preceding frame
[22:21:00.478][D][bshdbus:061]: Discarding 10 bytes of unparsed data after timeout of 32 ms: 0x0a041fe00105020b6f1a
[22:21:02.435][D][main:706]: Received frame dest 0x0f cmd 0xe000: 0x05
[22:21:02.442][D][bshdbus:090]: Missed ACK for dest 0x0f of preceding frame
[22:21:02.484][D][bshdbus:061]: Discarding 10 bytes of unparsed data after timeout of 32 ms: 0x0a041fe00105020b6f1a
[22:21:04.424][D][main:706]: Received frame dest 0x0f cmd 0xe000: 0x05
[22:21:04.431][D][bshdbus:090]: Missed ACK for dest 0x0f of preceding frame
[22:21:04.473][D][bshdbus:061]: Discarding 10 bytes of unparsed data after timeout of 32 ms: 0x0a041fe00105020b6f1a
[22:21:06.432][D][main:706]: Received frame dest 0x0f cmd 0xe000: 0x05
[22:21:06.440][D][bshdbus:090]: Missed ACK for dest 0x0f of preceding frame
[22:21:06.475][D][bshdbus:061]: Discarding 1 bytes of unparsed data after timeout of 29 ms: 0x0a
[22:21:06.482][D][main:706]: Received frame dest 0x1f cmd 0xe001: 0x0502
[22:21:08.442][D][main:706]: Received frame dest 0x0f cmd 0xe000: 0x05
[22:21:08.457][D][bshdbus:090]: Missed ACK for dest 0x0f of preceding frame
[22:21:08.463][D][bshdbus:061]: Discarding 1 bytes of unparsed data after timeout of 22 ms: 0x0a
[22:21:08.469][D][main:706]: Received frame dest 0x1f cmd 0xe001: 0x0502
[22:21:10.434][D][main:706]: Received frame dest 0x0f cmd 0xe000: 0x05
[22:21:10.441][D][bshdbus:090]: Missed ACK for dest 0x0f of preceding frame
[22:21:10.468][D][bshdbus:061]: Discarding 1 bytes of unparsed data after timeout of 21 ms: 0x0a
[22:21:10.474][D][main:706]: Received frame dest 0x1f cmd 0xe001: 0x0502
[22:21:12.442][D][main:706]: Received frame dest 0x0f cmd 0xe000: 0x05
[22:21:12.449][D][bshdbus:090]: Missed ACK for dest 0x0f of preceding frame
[22:21:12.491][D][bshdbus:061]: Discarding 10 bytes of unparsed data after timeout of 32 ms: 0x0a041fe00105020b6f1a
[22:21:14.434][D][main:706]: Received frame dest 0x0f cmd 0xe000: 0x05
[22:21:14.441][D][bshdbus:090]: Missed ACK for dest 0x0f of preceding frame
[22:21:14.479][D][bshdbus:061]: Discarding 10 bytes of unparsed data after timeout of 32 ms: 0x0a041fe00105020b6f1a
[22:21:15.606][S][sensor]: 'Uptime s' >> 241 s
[22:21:16.067][S][sensor]: 'Remaining Time (Smoothed)' >> nan min
[22:21:16.443][D][main:706]: Received frame dest 0x0f cmd 0xe000: 0x05
[22:21:16.449][D][bshdbus:090]: Missed ACK for dest 0x0f of preceding frame
[22:21:16.507][D][bshdbus:061]: Discarding 10 bytes of unparsed data after timeout of 32 ms: 0x0a041fe00105020b6f1a
[22:21:16.578][S][sensor]: 'ESP Internal Temperature' >> 54.3 °C
[22:21:17.590][S][text_sensor]: 'Uptime' >> '00d 00h 4m 1s'
[22:21:18.459][S][sensor]: 'WiFi RSSI' >> -78 dBm
[22:21:18.469][D][main:706]: Received frame dest 0x0f cmd 0xe000: 0x05
[22:21:18.477][D][bshdbus:090]: Missed ACK for dest 0x0f of preceding frame
[22:21:18.507][D][bshdbus:061]: Discarding 10 bytes of unparsed data after timeout of 32 ms: 0x0a041fe00105020b6f1a
[22:21:20.444][D][main:706]: Received frame dest 0x0f cmd 0xe000: 0x05
[22:21:20.451][D][bshdbus:090]: Missed ACK for dest 0x0f of preceding frame
[22:21:20.503][D][bshdbus:061]: Discarding 10 bytes of unparsed data after timeout of 32 ms: 0x0a041fe00105020b6f1a
[22:21:22.453][D][main:706]: Received frame dest 0x0f cmd 0xe000: 0x05
[22:21:22.461][D][bshdbus:090]: Missed ACK for dest 0x0f of preceding frame
[22:21:22.498][D][bshdbus:061]: Discarding 10 bytes of unparsed data after timeout of 32 ms: 0x0a041fe00105020b6f1a
[22:21:24.465][D][main:706]: Received frame dest 0x0f cmd 0xe000: 0x05
[22:21:24.473][D][bshdbus:090]: Missed ACK for dest 0x0f of preceding frame
[22:21:24.495][D][bshdbus:061]: Discarding 1 bytes of unparsed data after timeout of 22 ms: 0x0a
[22:21:24.501][D][main:706]: Received frame dest 0x1f cmd 0xe001: 0x0502
[22:21:26.455][D][main:706]: Received frame dest 0x0f cmd 0xe000: 0x05
[22:21:26.463][D][bshdbus:090]: Missed ACK for dest 0x0f of preceding frame
[22:21:26.508][D][bshdbus:061]: Discarding 10 bytes of unparsed data after timeout of 32 ms: 0x0a041fe00105020b6f1a
[22:21:28.473][D][main:706]: Received frame dest 0x0f cmd 0xe000: 0x05
[22:21:28.501][D][bshdbus:090]: Missed ACK for dest 0x0f of preceding frame
[22:21:28.508][D][bshdbus:061]: Discarding 1 bytes of unparsed data after timeout of 29 ms: 0x0a
[22:21:28.530][D][main:706]: Received frame dest 0x1f cmd 0xe001: 0x0502
[22:21:30.473][D][main:706]: Received frame dest 0x0f cmd 0xe000: 0x05
[22:21:30.481][D][bshdbus:090]: Missed ACK for dest 0x0f of preceding frame
[22:21:30.493][D][bshdbus:061]: Discarding 1 bytes of unparsed data after timeout of 22 ms: 0x0a
[22:21:30.500][D][main:706]: Received frame dest 0x1f cmd 0xe001: 0x0502
[22:21:32.464][D][main:706]: Received frame dest 0x0f cmd 0xe000: 0x05
[22:21:32.482][D][bshdbus:090]: Missed ACK for dest 0x0f of preceding frame
[22:21:32.513][D][bshdbus:061]: Discarding 10 bytes of unparsed data after timeout of 32 ms: 0x0a041fe00105020b6f1a
[22:21:34.474][D][main:706]: Received frame dest 0x0f cmd 0xe000: 0x05
[22:21:34.482][D][bshdbus:090]: Missed ACK for dest 0x0f of preceding frame
[22:21:34.500][D][bshdbus:061]: Discarding 1 bytes of unparsed data after timeout of 25 ms: 0x0a
[22:21:34.508][D][main:706]: Received frame dest 0x1f cmd 0xe001: 0x0502
[22:21:36.483][D][main:706]: Received frame dest 0x0f cmd 0xe000: 0x05
[22:21:36.490][D][bshdbus:090]: Missed ACK for dest 0x0f of preceding frame
[22:21:36.535][D][bshdbus:061]: Discarding 10 bytes of unparsed data after timeout of 32 ms: 0x0a041fe00105020b6f1a
[22:21:38.474][D][main:706]: Received frame dest 0x0f cmd 0xe000: 0x05
[22:21:38.482][D][bshdbus:090]: Missed ACK for dest 0x0f of preceding frame
[22:21:38.528][D][bshdbus:061]: Discarding 10 bytes of unparsed data after timeout of 32 ms: 0x0a041fe00105020b6f1a
[22:21:40.484][D][main:706]: Received frame dest 0x0f cmd 0xe000: 0x05
[22:21:40.491][D][bshdbus:090]: Missed ACK for dest 0x0f of preceding frame
[22:21:40.537][D][bshdbus:061]: Discarding 10 bytes of unparsed data after timeout of 32 ms: 0x0a041fe00105020b6f1a
[22:21:42.494][D][main:706]: Received frame dest 0x0f cmd 0xe000: 0x05
[22:21:42.502][D][bshdbus:090]: Missed ACK for dest 0x0f of preceding frame
[22:21:42.520][D][bshdbus:061]: Discarding 1 bytes of unparsed data after timeout of 26 ms: 0x0a
[22:21:42.538][D][main:706]: Received frame dest 0x1f cmd 0xe001: 0x0502
[22:21:44.485][D][main:706]: Received frame dest 0x0f cmd 0xe000: 0x05
[22:21:44.501][D][bshdbus:090]: Missed ACK for dest 0x0f of preceding frame
[22:21:44.540][D][bshdbus:061]: Discarding 10 bytes of unparsed data after timeout of 32 ms: 0x0a041fe00105020b6f1a
[22:21:46.070][S][sensor]: 'Remaining Time (Smoothed)' >> nan min
[22:21:46.495][D][main:706]: Received frame dest 0x0f cmd 0xe000: 0x05
[22:21:46.513][D][bshdbus:090]: Missed ACK for dest 0x0f of preceding frame
[22:21:46.520][D][bshdbus:061]: Discarding 1 bytes of unparsed data after timeout of 25 ms: 0x0a
[22:21:46.526][D][main:706]: Received frame dest 0x1f cmd 0xe001: 0x0502
[22:21:48.504][D][main:706]: Received frame dest 0x0f cmd 0xe000: 0x05
[22:21:48.511][D][bshdbus:090]: Missed ACK for dest 0x0f of preceding frame
[22:21:48.563][D][bshdbus:061]: Discarding 10 bytes of unparsed data after timeout of 32 ms: 0x0a041fe00105020b6f1a
[22:21:50.506][D][main:706]: Received frame dest 0x0f cmd 0xe000: 0x05
[22:21:50.513][D][bshdbus:090]: Missed ACK for dest 0x0f of preceding frame
[22:21:50.520][D][bshdbus:061]: Discarding 1 bytes of unparsed data after timeout of 26 ms: 0x0a
[22:21:50.526][D][main:706]: Received frame dest 0x1f cmd 0xe001: 0x0502
[22:21:52.510][D][main:706]: Received frame dest 0x0f cmd 0xe000: 0x05
[22:21:52.517][D][bshdbus:090]: Missed ACK for dest 0x0f of preceding frame
[22:21:52.555][D][bshdbus:061]: Discarding 10 bytes of unparsed data after timeout of 32 ms: 0x0a041fe00105020b6f1a
[22:21:54.498][D][main:706]: Received frame dest 0x0f cmd 0xe000: 0x05
[22:21:54.505][D][bshdbus:090]: Missed ACK for dest 0x0f of preceding frame
[22:21:54.523][D][bshdbus:061]: Discarding 1 bytes of unparsed data after timeout of 28 ms: 0x0a
[22:21:54.531][D][main:706]: Received frame dest 0x1f cmd 0xe001: 0x0502
[22:21:56.505][D][main:706]: Received frame dest 0x0f cmd 0xe000: 0x05
[22:21:56.512][D][bshdbus:090]: Missed ACK for dest 0x0f of preceding frame
[22:21:56.559][D][bshdbus:061]: Discarding 10 bytes of unparsed data after timeout of 32 ms: 0x0a041fe00105020b6f1a
[22:21:58.517][D][main:706]: Received frame dest 0x0f cmd 0xe000: 0x05
[22:21:58.529][D][bshdbus:090]: Missed ACK for dest 0x0f of preceding frame
[22:21:58.539][D][bshdbus:061]: Discarding 1 bytes of unparsed data after timeout of 24 ms: 0x0a
[22:21:58.551][D][main:706]: Received frame dest 0x1f cmd 0xe001: 0x0502
[22:22:00.526][D][main:706]: Received frame dest 0x0f cmd 0xe000: 0x05
[22:22:00.567][D][bshdbus:090]: Missed ACK for dest 0x0f of preceding frame
[22:22:00.573][D][bshdbus:061]: Discarding 10 bytes of unparsed data after timeout of 32 ms: 0x0a041fe00105020b6f1a
[22:22:02.518][D][main:706]: Received frame dest 0x0f cmd 0xe000: 0x05
[22:22:02.527][D][bshdbus:090]: Missed ACK for dest 0x0f of preceding frame
[22:22:02.537][D][bshdbus:061]: Discarding 1 bytes of unparsed data after timeout of 23 ms: 0x0a
[22:22:02.543][D][main:706]: Received frame dest 0x1f cmd 0xe001: 0x0502
[22:22:04.535][D][main:706]: Received frame dest 0x0f cmd 0xe000: 0x05
[22:22:04.541][D][bshdbus:090]: Missed ACK for dest 0x0f of preceding frame
[22:22:04.572][D][bshdbus:061]: Discarding 10 bytes of unparsed data after timeout of 32 ms: 0x0a041fe00105020b6f1a
[22:22:06.521][D][main:706]: Received frame dest 0x0f cmd 0xe000: 0x05
[22:22:06.528][D][bshdbus:090]: Missed ACK for dest 0x0f of preceding frame
[22:22:06.591][D][bshdbus:061]: Discarding 10 bytes of unparsed data after timeout of 32 ms: 0x0a041fe00105020b6f1a
[22:22:08.533][D][main:706]: Received frame dest 0x0f cmd 0xe000: 0x05
[22:22:08.541][D][bshdbus:090]: Missed ACK for dest 0x0f of preceding frame
[22:22:08.573][D][bshdbus:061]: Discarding 10 bytes of unparsed data after timeout of 32 ms: 0x0a041fe00105020b6f1a
[22:22:10.537][D][main:706]: Received frame dest 0x0f cmd 0xe000: 0x05
[22:22:10.545][D][bshdbus:090]: Missed ACK for dest 0x0f of preceding frame
[22:22:10.559][D][bshdbus:061]: Discarding 1 bytes of unparsed data after timeout of 23 ms: 0x0a
[22:22:10.577][D][main:706]: Received frame dest 0x1f cmd 0xe001: 0x0502
[22:22:12.528][D][main:706]: Received frame dest 0x0f cmd 0xe000: 0x05
[22:22:12.535][D][bshdbus:090]: Missed ACK for dest 0x0f of preceding frame
[22:22:12.574][D][bshdbus:061]: Discarding 10 bytes of unparsed data after timeout of 32 ms: 0x0a041fe00105020b6f1a
[22:22:14.537][D][main:706]: Received frame dest 0x0f cmd 0xe000: 0x05
[22:22:14.546][D][bshdbus:090]: Missed ACK for dest 0x0f of preceding frame
[22:22:14.590][D][bshdbus:061]: Discarding 10 bytes of unparsed data after timeout of 32 ms: 0x0a041fe00105020b6f1a
[22:22:15.618][S][sensor]: 'Uptime s' >> 301 s
[22:22:16.066][S][sensor]: 'Remaining Time (Smoothed)' >> nan min
[22:22:16.528][D][main:706]: Received frame dest 0x0f cmd 0xe000: 0x05
[22:22:16.536][D][bshdbus:090]: Missed ACK for dest 0x0f of preceding frame
[22:22:16.551][D][bshdbus:061]: Discarding 1 bytes of unparsed data after timeout of 23 ms: 0x0a
[22:22:16.557][D][main:706]: Received frame dest 0x1f cmd 0xe001: 0x0502
[22:22:16.571][S][sensor]: 'ESP Internal Temperature' >> 53.3 °C
[22:22:17.597][S][text_sensor]: 'Uptime' >> '00d 00h 5m 1s'
[22:22:18.449][S][sensor]: 'WiFi RSSI' >> -79 dBm
[22:22:18.538][D][main:706]: Received frame dest 0x0f cmd 0xe000: 0x05
[22:22:18.546][D][bshdbus:090]: Missed ACK for dest 0x0f of preceding frame
[22:22:18.589][D][bshdbus:061]: Discarding 10 bytes of unparsed data after timeout of 32 ms: 0x0a041fe00105020b6f1a
[22:22:19.420][D][wifi:2485]: Roam scan (-78 dBm, attempt 1/3)
[22:22:20.642][D][main:706]: Received frame dest 0x0f cmd 0xe000: 0x05
[22:22:20.650][D][bshdbus:090]: Missed ACK for dest 0x0f of preceding frame
[22:22:20.657][D][bshdbus:061]: Discarding 1 bytes of unparsed data after timeout of 22 ms: 0x0a
[22:22:20.663][D][main:706]: Received frame dest 0x1f cmd 0xe001: 0x0502
[22:22:22.538][D][main:706]: Received frame dest 0x0f cmd 0xe000: 0x05
[22:22:22.549][D][bshdbus:090]: Missed ACK for dest 0x0f of preceding frame
[22:22:22.591][D][bshdbus:061]: Discarding 10 bytes of unparsed data after timeout of 32 ms: 0x0a041fe00105020b6f1a
[22:22:24.548][D][main:706]: Received frame dest 0x0f cmd 0xe000: 0x05
[22:22:24.555][D][bshdbus:090]: Missed ACK for dest 0x0f of preceding frame
[22:22:24.570][D][bshdbus:061]: Discarding 1 bytes of unparsed data after timeout of 24 ms: 0x0a
[22:22:24.579][D][main:706]: Received frame dest 0x1f cmd 0xe001: 0x0502
[22:22:26.558][D][main:706]: Received frame dest 0x0f cmd 0xe000: 0x05
[22:22:26.593][D][bshdbus:090]: Missed ACK for dest 0x0f of preceding frame
[22:22:26.611][D][bshdbus:061]: Discarding 10 bytes of unparsed data after timeout of 33 ms: 0x0a041fe00105020b6f1a
[22:22:28.548][D][main:706]: Received frame dest 0x0f cmd 0xe000: 0x05
[22:22:28.559][D][bshdbus:090]: Missed ACK for dest 0x0f of preceding frame
[22:22:28.599][D][bshdbus:061]: Discarding 10 bytes of unparsed data after timeout of 32 ms: 0x0a041fe00105020b6f1a
[22:22:30.559][D][main:706]: Received frame dest 0x0f cmd 0xe000: 0x05
[22:22:30.592][D][bshdbus:090]: Missed ACK for dest 0x0f of preceding frame
[22:22:30.599][D][bshdbus:061]: Discarding 1 bytes of unparsed data after timeout of 26 ms: 0x0a
[22:22:30.616][D][main:706]: Received frame dest 0x1f cmd 0xe001: 0x0502
[22:22:32.569][D][main:706]: Received frame dest 0x0f cmd 0xe000: 0x05
[22:22:32.596][D][bshdbus:090]: Missed ACK for dest 0x0f of preceding frame
[22:22:32.620][D][bshdbus:061]: Discarding 10 bytes of unparsed data after timeout of 32 ms: 0x0a041fe00105020b6f1a
[22:22:34.560][D][main:706]: Received frame dest 0x0f cmd 0xe000: 0x05
[22:22:34.581][D][bshdbus:090]: Missed ACK for dest 0x0f of preceding frame
[22:22:34.588][D][bshdbus:061]: Discarding 1 bytes of unparsed data after timeout of 28 ms: 0x0a
[22:22:34.594][D][main:706]: Received frame dest 0x1f cmd 0xe001: 0x0502
[22:22:36.568][D][main:706]: Received frame dest 0x0f cmd 0xe000: 0x05
[22:22:36.590][D][bshdbus:090]: Missed ACK for dest 0x0f of preceding frame
[22:22:36.621][D][bshdbus:061]: Discarding 10 bytes of unparsed data after timeout of 32 ms: 0x0a041fe00105020b6f1a
[22:22:38.600][D][main:706]: Received frame dest 0x0f cmd 0xe000: 0x05
[22:22:38.617][D][bshdbus:090]: Missed ACK for dest 0x0f of preceding frame
[22:22:38.626][D][bshdbus:061]: Discarding 1 bytes of unparsed data after timeout of 23 ms: 0x0a
[22:22:38.631][D][main:706]: Received frame dest 0x1f cmd 0xe001: 0x0502
[22:22:40.582][D][main:706]: Received frame dest 0x0f cmd 0xe000: 0x05
[22:22:40.591][D][bshdbus:090]: Missed ACK for dest 0x0f of preceding frame
[22:22:40.621][D][bshdbus:061]: Discarding 10 bytes of unparsed data after timeout of 32 ms: 0x0a041fe00105020b6f1a
[22:22:42.578][D][main:706]: Received frame dest 0x0f cmd 0xe000: 0x05
[22:22:42.587][D][bshdbus:090]: Missed ACK for dest 0x0f of preceding frame
[22:22:42.630][D][bshdbus:061]: Discarding 10 bytes of unparsed data after timeout of 32 ms: 0x0a041fe00105020b6f1a
[22:22:44.587][D][main:706]: Received frame dest 0x0f cmd 0xe000: 0x05
[22:22:44.594][D][bshdbus:090]: Missed ACK for dest 0x0f of preceding frame
[22:22:44.638][D][bshdbus:061]: Discarding 10 bytes of unparsed data after timeout of 32 ms: 0x0a041fe00105020b6f1a
[22:22:46.065][S][sensor]: 'Remaining Time (Smoothed)' >> nan min
[22:22:46.579][D][main:706]: Received frame dest 0x0f cmd 0xe000: 0x05
[22:22:46.594][D][bshdbus:090]: Missed ACK for dest 0x0f of preceding frame
[22:22:46.630][D][bshdbus:061]: Discarding 10 bytes of unparsed data after timeout of 32 ms: 0x0a041fe00105020b6f1a
[22:22:48.590][D][main:706]: Received frame dest 0x0f cmd 0xe000: 0x05
[22:22:48.600][D][bshdbus:090]: Missed ACK for dest 0x0f of preceding frame
[22:22:48.612][D][bshdbus:061]: Discarding 1 bytes of unparsed data after timeout of 26 ms: 0x0a
[22:22:48.619][D][main:706]: Received frame dest 0x1f cmd 0xe001: 0x0502
[22:22:50.597][D][main:706]: Received frame dest 0x0f cmd 0xe000: 0x05
[22:22:50.617][D][bshdbus:090]: Missed ACK for dest 0x0f of preceding frame
[22:22:50.650][D][bshdbus:061]: Discarding 10 bytes of unparsed data after timeout of 32 ms: 0x0a041fe00105020b6f1a
[22:22:52.588][D][main:706]: Received frame dest 0x0f cmd 0xe000: 0x05
[22:22:52.596][D][bshdbus:090]: Missed ACK for dest 0x0f of preceding frame
[22:22:52.642][D][bshdbus:061]: Discarding 10 bytes of unparsed data after timeout of 32 ms: 0x0a041fe00105020b6f1a
[22:22:54.616][D][main:706]: Received frame dest 0x0f cmd 0xe000: 0x05
[22:22:54.631][D][bshdbus:090]: Missed ACK for dest 0x0f of preceding frame
[22:22:54.637][D][bshdbus:061]: Discarding 1 bytes of unparsed data after timeout of 27 ms: 0x0a
[22:22:54.643][D][main:706]: Received frame dest 0x1f cmd 0xe001: 0x0502
[22:22:56.610][D][main:706]: Received frame dest 0x0f cmd 0xe000: 0x05
[22:22:56.617][D][bshdbus:090]: Missed ACK for dest 0x0f of preceding frame
[22:22:56.657][D][bshdbus:061]: Discarding 10 bytes of unparsed data after timeout of 32 ms: 0x0a041fe00105020b6f1a
[22:22:58.605][D][main:706]: Received frame dest 0x0f cmd 0xe000: 0x05
[22:22:58.613][D][bshdbus:090]: Missed ACK for dest 0x0f of preceding frame
[22:22:58.626][D][bshdbus:061]: Discarding 1 bytes of unparsed data after timeout of 26 ms: 0x0a
[22:22:58.631][D][main:706]: Received frame dest 0x1f cmd 0xe001: 0x0502
[22:23:00.608][D][main:706]: Received frame dest 0x0f cmd 0xe000: 0x05
[22:23:00.616][D][bshdbus:090]: Missed ACK for dest 0x0f of preceding frame
[22:23:00.660][D][bshdbus:061]: Discarding 10 bytes of unparsed data after timeout of 32 ms: 0x0a041fe00105020b6f1a
[22:23:02.618][D][main:706]: Received frame dest 0x0f cmd 0xe000: 0x05
[22:23:02.627][D][bshdbus:090]: Missed ACK for dest 0x0f of preceding frame
[22:23:02.669][D][bshdbus:061]: Discarding 10 bytes of unparsed data after timeout of 32 ms: 0x0a041fe00105020b6f1a
[22:23:04.610][D][main:706]: Received frame dest 0x0f cmd 0xe000: 0x05
[22:23:04.618][D][bshdbus:090]: Missed ACK for dest 0x0f of preceding frame
[22:23:04.668][D][bshdbus:061]: Discarding 1 bytes of unparsed data after timeout of 29 ms: 0x0a
[22:23:04.678][D][main:706]: Received frame dest 0x1f cmd 0xe001: 0x0502
[22:23:06.618][D][main:706]: Received frame dest 0x0f cmd 0xe000: 0x05
[22:23:06.625][D][bshdbus:090]: Missed ACK for dest 0x0f of preceding frame
[22:23:06.640][D][bshdbus:061]: Discarding 1 bytes of unparsed data after timeout of 22 ms: 0x0a
[22:23:06.647][D][main:706]: Received frame dest 0x1f cmd 0xe001: 0x0502
[22:23:08.612][D][main:706]: Received frame dest 0x0f cmd 0xe000: 0x05
[22:23:08.620][D][bshdbus:090]: Missed ACK for dest 0x0f of preceding frame
[22:23:08.656][D][bshdbus:061]: Discarding 10 bytes of unparsed data after timeout of 32 ms: 0x0a041fe00105020b6f1a
[22:23:10.620][D][main:706]: Received frame dest 0x0f cmd 0xe000: 0x05
[22:23:10.628][D][bshdbus:090]: Missed ACK for dest 0x0f of preceding frame
[22:23:10.671][D][bshdbus:061]: Discarding 10 bytes of unparsed data after timeout of 32 ms: 0x0a041fe00105020b6f1a
[22:23:12.637][D][main:706]: Received frame dest 0x0f cmd 0xe000: 0x05
[22:23:12.646][D][bshdbus:090]: Missed ACK for dest 0x0f of preceding frame
[22:23:12.676][D][bshdbus:061]: Discarding 10 bytes of unparsed data after timeout of 32 ms: 0x0a041fe00105020b6f1a
[22:23:14.620][D][main:706]: Received frame dest 0x0f cmd 0xe000: 0x05
[22:23:14.628][D][bshdbus:090]: Missed ACK for dest 0x0f of preceding frame
[22:23:14.640][D][bshdbus:061]: Discarding 1 bytes of unparsed data after timeout of 21 ms: 0x0a
[22:23:14.646][D][main:706]: Received frame dest 0x1f cmd 0xe001: 0x0502
[22:23:15.603][S][sensor]: 'Uptime s' >> 361 s
[22:23:16.071][S][sensor]: 'Remaining Time (Smoothed)' >> nan min
[22:23:16.570][S][sensor]: 'ESP Internal Temperature' >> 53.3 °C
[22:23:16.649][D][main:706]: Received frame dest 0x0f cmd 0xe000: 0x05
[22:23:16.657][D][bshdbus:090]: Missed ACK for dest 0x0f of preceding frame
[22:23:16.684][D][bshdbus:061]: Discarding 10 bytes of unparsed data after timeout of 33 ms: 0x0a041fe00105020b6f1a
[22:23:17.598][S][text_sensor]: 'Uptime' >> '00d 00h 6m 1s'
[22:23:18.452][S][sensor]: 'WiFi RSSI' >> -77 dBm
[22:23:18.639][D][main:706]: Received frame dest 0x0f cmd 0xe000: 0x05
[22:23:18.647][D][bshdbus:090]: Missed ACK for dest 0x0f of preceding frame
[22:23:18.678][D][bshdbus:061]: Discarding 1 bytes of unparsed data after timeout of 27 ms: 0x0a
[22:23:18.684][D][main:706]: Received frame dest 0x1f cmd 0xe001: 0x0502
[22:23:20.630][D][main:706]: Received frame dest 0x0f cmd 0xe000: 0x05
[22:23:20.637][D][bshdbus:090]: Missed ACK for dest 0x0f of preceding frame
[22:23:20.654][D][bshdbus:061]: Discarding 1 bytes of unparsed data after timeout of 24 ms: 0x0a
[22:23:20.660][D][main:706]: Received frame dest 0x1f cmd 0xe001: 0x0502
[22:23:22.650][D][main:706]: Received frame dest 0x0f cmd 0xe000: 0x05
[22:23:22.678][D][bshdbus:090]: Missed ACK for dest 0x0f of preceding frame
[22:23:22.684][D][bshdbus:061]: Discarding 1 bytes of unparsed data after timeout of 24 ms: 0x0a
[22:23:22.691][D][main:706]: Received frame dest 0x1f cmd 0xe001: 0x0502
[22:23:24.651][D][main:706]: Received frame dest 0x0f cmd 0xe000: 0x05
[22:23:24.659][D][bshdbus:090]: Missed ACK for dest 0x0f of preceding frame
[22:23:24.670][D][bshdbus:061]: Discarding 1 bytes of unparsed data after timeout of 22 ms: 0x0a
[22:23:24.676][D][main:706]: Received frame dest 0x1f cmd 0xe001: 0x0502
[22:23:26.643][D][main:706]: Received frame dest 0x0f cmd 0xe000: 0x05
[22:23:26.653][D][bshdbus:090]: Missed ACK for dest 0x0f of preceding frame
[22:23:26.692][D][bshdbus:061]: Discarding 10 bytes of unparsed data after timeout of 32 ms: 0x0a041fe00105020b6f1a
[22:23:28.652][D][main:706]: Received frame dest 0x0f cmd 0xe000: 0x05
[22:23:28.668][D][bshdbus:090]: Missed ACK for dest 0x0f of preceding frame
[22:23:28.710][D][bshdbus:061]: Discarding 10 bytes of unparsed data after timeout of 32 ms: 0x0a041fe00105020b6f1a
[22:23:30.659][D][main:706]: Received frame dest 0x0f cmd 0xe000: 0x05
[22:23:30.666][D][bshdbus:090]: Missed ACK for dest 0x0f of preceding frame
[22:23:30.712][D][bshdbus:061]: Discarding 10 bytes of unparsed data after timeout of 32 ms: 0x0a041fe00105020b6f1a
[22:23:32.651][D][main:706]: Received frame dest 0x0f cmd 0xe000: 0x05
[22:23:32.658][D][bshdbus:090]: Missed ACK for dest 0x0f of preceding frame
[22:23:32.705][D][bshdbus:061]: Discarding 10 bytes of unparsed data after timeout of 32 ms: 0x0a041fe00105020b6f1a
[22:23:34.661][D][main:706]: Received frame dest 0x0f cmd 0xe000: 0x05
[22:23:34.667][D][bshdbus:090]: Missed ACK for dest 0x0f of preceding frame
[22:23:34.710][D][bshdbus:061]: Discarding 10 bytes of unparsed data after timeout of 32 ms: 0x0a041fe00105020b6f1a
[22:23:36.670][D][main:706]: Received frame dest 0x0f cmd 0xe000: 0x05
[22:23:36.678][D][bshdbus:090]: Missed ACK for dest 0x0f of preceding frame
[22:23:36.725][D][bshdbus:061]: Discarding 10 bytes of unparsed data after timeout of 32 ms: 0x0a041fe00105020b6f1a
[22:23:38.663][D][main:706]: Received frame dest 0x0f cmd 0xe000: 0x05
[22:23:38.676][D][bshdbus:090]: Missed ACK for dest 0x0f of preceding frame
[22:23:38.712][D][bshdbus:061]: Discarding 10 bytes of unparsed data after timeout of 32 ms: 0x0a041fe00105020b6f1a
[22:23:40.670][D][main:706]: Received frame dest 0x0f cmd 0xe000: 0x05
[22:23:40.695][D][bshdbus:090]: Missed ACK for dest 0x0f of preceding frame
[22:23:40.720][D][bshdbus:061]: Discarding 10 bytes of unparsed data after timeout of 32 ms: 0x0a041fe00105020b6f1a
[22:23:42.680][D][main:706]: Received frame dest 0x0f cmd 0xe000: 0x05
[22:23:42.691][D][bshdbus:090]: Missed ACK for dest 0x0f of preceding frame
[22:23:42.706][D][bshdbus:061]: Discarding 1 bytes of unparsed data after timeout of 28 ms: 0x0a
[22:23:42.715][D][main:706]: Received frame dest 0x1f cmd 0xe001: 0x0502
[22:23:44.684][D][main:706]: Received frame dest 0x0f cmd 0xe000: 0x05
[22:23:44.692][D][bshdbus:090]: Missed ACK for dest 0x0f of preceding frame
[22:23:44.720][D][bshdbus:061]: Discarding 10 bytes of unparsed data after timeout of 32 ms: 0x0a041fe00105020b6f1a
[22:23:46.064][S][sensor]: 'Remaining Time (Smoothed)' >> nan min
[22:23:46.686][D][main:706]: Received frame dest 0x0f cmd 0xe000: 0x05
[22:23:46.694][D][bshdbus:090]: Missed ACK for dest 0x0f of preceding frame
[22:23:46.707][D][bshdbus:061]: Discarding 1 bytes of unparsed data after timeout of 28 ms: 0x0a
[22:23:46.713][D][main:706]: Received frame dest 0x1f cmd 0xe001: 0x0502
[22:23:48.690][D][main:706]: Received frame dest 0x0f cmd 0xe000: 0x05
[22:23:48.697][D][bshdbus:090]: Missed ACK for dest 0x0f of preceding frame
[22:23:48.719][D][bshdbus:061]: Discarding 1 bytes of unparsed data after timeout of 30 ms: 0x0a
[22:23:48.726][D][main:706]: Received frame dest 0x1f cmd 0xe001: 0x0502
[22:23:50.681][D][main:706]: Received frame dest 0x0f cmd 0xe000: 0x05
[22:23:50.689][D][bshdbus:090]: Missed ACK for dest 0x0f of preceding frame
[22:23:50.735][D][bshdbus:061]: Discarding 10 bytes of unparsed data after timeout of 32 ms: 0x0a041fe00105020b6f1a
[22:23:52.692][D][main:706]: Received frame dest 0x0f cmd 0xe000: 0x05
[22:23:52.701][D][bshdbus:090]: Missed ACK for dest 0x0f of preceding frame
[22:23:52.738][D][bshdbus:061]: Discarding 10 bytes of unparsed data after timeout of 32 ms: 0x0a041fe00105020b6f1a
[22:23:54.682][D][main:706]: Received frame dest 0x0f cmd 0xe000: 0x05
[22:23:54.691][D][bshdbus:090]: Missed ACK for dest 0x0f of preceding frame
[22:23:54.707][D][bshdbus:061]: Discarding 1 bytes of unparsed data after timeout of 24 ms: 0x0a
[22:23:54.727][D][main:706]: Received frame dest 0x1f cmd 0xe001: 0x0502
[22:23:56.690][D][main:706]: Received frame dest 0x0f cmd 0xe000: 0x05
[22:23:56.698][D][bshdbus:090]: Missed ACK for dest 0x0f of preceding frame
[22:23:56.715][D][bshdbus:061]: Discarding 1 bytes of unparsed data after timeout of 23 ms: 0x0a
[22:23:56.733][D][main:706]: Received frame dest 0x1f cmd 0xe001: 0x0502
[22:23:58.713][D][main:706]: Received frame dest 0x0f cmd 0xe000: 0x05
[22:23:58.720][D][bshdbus:090]: Missed ACK for dest 0x0f of preceding frame
[22:23:58.727][D][bshdbus:061]: Discarding 1 bytes of unparsed data after timeout of 28 ms: 0x0a
[22:23:58.733][D][main:706]: Received frame dest 0x1f cmd 0xe001: 0x0502
[22:24:00.692][D][main:706]: Received frame dest 0x0f cmd 0xe000: 0x05
[22:24:00.732][D][bshdbus:090]: Missed ACK for dest 0x0f of preceding frame
[22:24:00.738][D][bshdbus:061]: Discarding 1 bytes of unparsed data after timeout of 28 ms: 0x0a
[22:24:00.744][D][main:706]: Received frame dest 0x1f cmd 0xe001: 0x0502
[22:24:02.709][D][main:706]: Received frame dest 0x0f cmd 0xe000: 0x05
[22:24:02.716][D][bshdbus:090]: Missed ACK for dest 0x0f of preceding frame
[22:24:02.723][D][bshdbus:061]: Discarding 1 bytes of unparsed data after timeout of 24 ms: 0x0a
[22:24:02.736][D][main:706]: Received frame dest 0x1f cmd 0xe001: 0x0502
[22:24:04.711][D][main:706]: Received frame dest 0x0f cmd 0xe000: 0x05
[22:24:04.719][D][bshdbus:090]: Missed ACK for dest 0x0f of preceding frame
[22:24:04.764][D][bshdbus:061]: Discarding 10 bytes of unparsed data after timeout of 32 ms: 0x0a041fe00105020b6f1a
[22:24:06.704][D][main:706]: Received frame dest 0x0f cmd 0xe000: 0x05
[22:24:06.712][D][bshdbus:090]: Missed ACK for dest 0x0f of preceding frame
[22:24:06.750][D][bshdbus:061]: Discarding 10 bytes of unparsed data after timeout of 32 ms: 0x0a041fe00105020b6f1a
[22:24:08.711][D][main:706]: Received frame dest 0x0f cmd 0xe000: 0x05
[22:24:08.719][D][bshdbus:090]: Missed ACK for dest 0x0f of preceding frame
[22:24:08.750][D][bshdbus:061]: Discarding 1 bytes of unparsed data after timeout of 27 ms: 0x0a
[22:24:08.756][D][main:706]: Received frame dest 0x1f cmd 0xe001: 0x0502
[22:24:10.722][D][main:706]: Received frame dest 0x0f cmd 0xe000: 0x05
[22:24:10.731][D][bshdbus:090]: Missed ACK for dest 0x0f of preceding frame
[22:24:10.742][D][bshdbus:061]: Discarding 1 bytes of unparsed data after timeout of 23 ms: 0x0a
[22:24:10.749][D][main:706]: Received frame dest 0x1f cmd 0xe001: 0x0502
[22:24:12.713][D][main:706]: Received frame dest 0x0f cmd 0xe000: 0x05
[22:24:12.721][D][bshdbus:090]: Missed ACK for dest 0x0f of preceding frame
[22:24:12.764][D][bshdbus:061]: Discarding 10 bytes of unparsed data after timeout of 32 ms: 0x0a041fe00105020b6f1a
[22:24:14.721][D][main:706]: Received frame dest 0x0f cmd 0xe000: 0x05
[22:24:14.730][D][bshdbus:090]: Missed ACK for dest 0x0f of preceding frame
[22:24:14.772][D][bshdbus:061]: Discarding 10 bytes of unparsed data after timeout of 32 ms: 0x0a041fe00105020b6f1a
[22:24:15.574][S][sensor]: 'Uptime s' >> 421 s
[22:24:16.072][S][sensor]: 'Remaining Time (Smoothed)' >> nan min
[22:24:16.570][S][sensor]: 'ESP Internal Temperature' >> 53.3 °C
[22:24:16.746][D][main:706]: Received frame dest 0x0f cmd 0xe000: 0x05
[22:24:16.753][D][bshdbus:090]: Missed ACK for dest 0x0f of preceding frame
[22:24:16.758][D][bshdbus:061]: Discarding 1 bytes of unparsed data after timeout of 21 ms: 0x0a
[22:24:16.765][D][main:706]: Received frame dest 0x1f cmd 0xe001: 0x0502
[22:24:17.604][S][text_sensor]: 'Uptime' >> '00d 00h 7m 1s'
[22:24:18.457][S][sensor]: 'WiFi RSSI' >> -78 dBm
[22:24:18.721][D][main:706]: Received frame dest 0x0f cmd 0xe000: 0x05
[22:24:18.728][D][bshdbus:090]: Missed ACK for dest 0x0f of preceding frame
[22:24:18.789][D][bshdbus:061]: Discarding 10 bytes of unparsed data after timeout of 32 ms: 0x0a041fe00105020b6f1a
[22:24:20.731][D][main:706]: Received frame dest 0x0f cmd 0xe000: 0x05
[22:24:20.743][D][bshdbus:090]: Missed ACK for dest 0x0f of preceding frame
[22:24:20.754][D][bshdbus:061]: Discarding 1 bytes of unparsed data after timeout of 22 ms: 0x0a
[22:24:20.763][D][main:706]: Received frame dest 0x1f cmd 0xe001: 0x0502
[22:24:22.740][D][main:706]: Received frame dest 0x0f cmd 0xe000: 0x05
[22:24:22.748][D][bshdbus:090]: Missed ACK for dest 0x0f of preceding frame
[22:24:22.795][D][bshdbus:061]: Discarding 10 bytes of unparsed data after timeout of 32 ms: 0x0a041fe00105020b6f1a
[22:24:24.733][D][main:706]: Received frame dest 0x0f cmd 0xe000: 0x05
[22:24:24.744][D][bshdbus:090]: Missed ACK for dest 0x0f of preceding frame
[22:24:24.754][D][bshdbus:061]: Discarding 1 bytes of unparsed data after timeout of 23 ms: 0x0a
[22:24:24.772][D][main:706]: Received frame dest 0x1f cmd 0xe001: 0x0502
[22:24:26.741][D][main:706]: Received frame dest 0x0f cmd 0xe000: 0x05
[22:24:26.749][D][bshdbus:090]: Missed ACK for dest 0x0f of preceding frame
[22:24:26.794][D][bshdbus:061]: Discarding 10 bytes of unparsed data after timeout of 33 ms: 0x0a041fe00105020b6f1a
[22:24:28.750][D][main:706]: Received frame dest 0x0f cmd 0xe000: 0x05
[22:24:28.758][D][bshdbus:090]: Missed ACK for dest 0x0f of preceding frame
[22:24:28.771][D][bshdbus:061]: Discarding 1 bytes of unparsed data after timeout of 22 ms: 0x0a
[22:24:28.779][D][main:706]: Received frame dest 0x1f cmd 0xe001: 0x0502
[22:24:30.743][D][main:706]: Received frame dest 0x0f cmd 0xe000: 0x05
[22:24:30.755][D][bshdbus:090]: Missed ACK for dest 0x0f of preceding frame
[22:24:30.782][D][bshdbus:061]: Discarding 1 bytes of unparsed data after timeout of 23 ms: 0x0a
[22:24:30.793][D][main:706]: Received frame dest 0x1f cmd 0xe001: 0x0502
[22:24:32.751][D][main:706]: Received frame dest 0x0f cmd 0xe000: 0x05
[22:24:32.758][D][bshdbus:090]: Missed ACK for dest 0x0f of preceding frame
[22:24:32.801][D][bshdbus:061]: Discarding 10 bytes of unparsed data after timeout of 32 ms: 0x0a041fe00105020b6f1a
[22:24:34.771][D][main:706]: Received frame dest 0x0f cmd 0xe000: 0x05
[22:24:34.781][D][bshdbus:090]: Missed ACK for dest 0x0f of preceding frame
[22:24:34.815][D][bshdbus:061]: Discarding 10 bytes of unparsed data after timeout of 32 ms: 0x0a041fe00105020b6f1a
[22:24:36.753][D][main:706]: Received frame dest 0x0f cmd 0xe000: 0x05
[22:24:36.762][D][bshdbus:090]: Missed ACK for dest 0x0f of preceding frame
[22:24:36.816][D][bshdbus:061]: Discarding 10 bytes of unparsed data after timeout of 32 ms: 0x0a041fe00105020b6f1a
[22:24:38.761][D][main:706]: Received frame dest 0x0f cmd 0xe000: 0x05
[22:24:38.768][D][bshdbus:090]: Missed ACK for dest 0x0f of preceding frame
[22:24:38.809][D][bshdbus:061]: Discarding 10 bytes of unparsed data after timeout of 32 ms: 0x0a041fe00105020b6f1a
[22:24:40.771][D][main:706]: Received frame dest 0x0f cmd 0xe000: 0x05
[22:24:40.779][D][bshdbus:090]: Missed ACK for dest 0x0f of preceding frame
[22:24:40.802][D][bshdbus:061]: Discarding 1 bytes of unparsed data after timeout of 27 ms: 0x0a
[22:24:40.811][D][main:706]: Received frame dest 0x1f cmd 0xe001: 0x0502
[22:24:42.763][D][main:706]: Received frame dest 0x0f cmd 0xe000: 0x05
[22:24:42.771][D][bshdbus:090]: Missed ACK for dest 0x0f of preceding frame
[22:24:42.787][D][bshdbus:061]: Discarding 1 bytes of unparsed data after timeout of 24 ms: 0x0a
[22:24:42.793][D][main:706]: Received frame dest 0x1f cmd 0xe001: 0x0502
[22:24:44.771][D][main:706]: Received frame dest 0x0f cmd 0xe000: 0x05
[22:24:44.782][D][bshdbus:090]: Missed ACK for dest 0x0f of preceding frame
[22:24:44.824][D][bshdbus:061]: Discarding 10 bytes of unparsed data after timeout of 32 ms: 0x0a041fe00105020b6f1a
[22:24:46.072][S][sensor]: 'Remaining Time (Smoothed)' >> nan min
[22:24:46.780][D][main:706]: Received frame dest 0x0f cmd 0xe000: 0x05
[22:24:46.792][D][bshdbus:090]: Missed ACK for dest 0x0f of preceding frame
[22:24:46.846][D][bshdbus:061]: Discarding 10 bytes of unparsed data after timeout of 32 ms: 0x0a041fe00105020b6f1a
[22:24:48.772][D][main:706]: Received frame dest 0x0f cmd 0xe000: 0x05
[22:24:48.794][D][bshdbus:090]: Missed ACK for dest 0x0f of preceding frame
[22:24:48.826][D][bshdbus:061]: Discarding 10 bytes of unparsed data after timeout of 32 ms: 0x0a041fe00105020b6f1a
[22:24:50.781][D][main:706]: Received frame dest 0x0f cmd 0xe000: 0x05
[22:24:50.788][D][bshdbus:090]: Missed ACK for dest 0x0f of preceding frame
[22:24:50.836][D][bshdbus:061]: Discarding 10 bytes of unparsed data after timeout of 32 ms: 0x0a041fe00105020b6f1a
[22:24:52.791][D][main:706]: Received frame dest 0x0f cmd 0xe000: 0x05
[22:24:52.798][D][bshdbus:090]: Missed ACK for dest 0x0f of preceding frame
[22:24:52.816][D][bshdbus:061]: Discarding 1 bytes of unparsed data after timeout of 26 ms: 0x0a
[22:24:52.823][D][main:706]: Received frame dest 0x1f cmd 0xe001: 0x0502
[22:24:54.783][D][main:706]: Received frame dest 0x0f cmd 0xe000: 0x05
[22:24:54.797][D][bshdbus:090]: Missed ACK for dest 0x0f of preceding frame
[22:24:54.803][D][bshdbus:061]: Discarding 1 bytes of unparsed data after timeout of 24 ms: 0x0a
[22:24:54.809][D][main:706]: Received frame dest 0x1f cmd 0xe001: 0x0502
[22:24:56.792][D][main:706]: Received frame dest 0x0f cmd 0xe000: 0x05
[22:24:56.803][D][bshdbus:090]: Missed ACK for dest 0x0f of preceding frame
[22:24:56.811][D][bshdbus:061]: Discarding 1 bytes of unparsed data after timeout of 21 ms: 0x0a
[22:24:56.818][D][main:706]: Received frame dest 0x1f cmd 0xe001: 0x0502
[22:24:58.801][D][main:706]: Received frame dest 0x0f cmd 0xe000: 0x05
[22:24:58.813][D][bshdbus:090]: Missed ACK for dest 0x0f of preceding frame
[22:24:58.853][D][bshdbus:061]: Discarding 10 bytes of unparsed data after timeout of 32 ms: 0x0a041fe00105020b6f1a
[22:25:00.792][D][main:706]: Received frame dest 0x0f cmd 0xe000: 0x05
[22:25:00.801][D][bshdbus:090]: Missed ACK for dest 0x0f of preceding frame
[22:25:00.822][D][bshdbus:061]: Discarding 1 bytes of unparsed data after timeout of 28 ms: 0x0a
[22:25:00.829][D][main:706]: Received frame dest 0x1f cmd 0xe001: 0x0502
[22:25:02.802][D][main:706]: Received frame dest 0x0f cmd 0xe000: 0x05
[22:25:02.827][D][bshdbus:090]: Missed ACK for dest 0x0f of preceding frame
[22:25:02.833][D][bshdbus:061]: Discarding 1 bytes of unparsed data after timeout of 24 ms: 0x0a
[22:25:02.840][D][main:706]: Received frame dest 0x1f cmd 0xe001: 0x0502
[22:25:04.793][D][main:706]: Received frame dest 0x0f cmd 0xe000: 0x05
[22:25:04.805][D][bshdbus:090]: Missed ACK for dest 0x0f of preceding frame
[22:25:04.818][D][bshdbus:061]: Discarding 1 bytes of unparsed data after timeout of 26 ms: 0x0a
[22:25:04.824][D][main:706]: Received frame dest 0x1f cmd 0xe001: 0x0502
[22:25:06.810][D][main:706]: Received frame dest 0x0f cmd 0xe000: 0x05
[22:25:06.818][D][bshdbus:090]: Missed ACK for dest 0x0f of preceding frame
[22:25:06.826][D][bshdbus:061]: Discarding 1 bytes of unparsed data after timeout of 25 ms: 0x0a
[22:25:06.833][D][main:706]: Received frame dest 0x1f cmd 0xe001: 0x0502
[22:25:08.812][D][main:706]: Received frame dest 0x0f cmd 0xe000: 0x05
[22:25:08.820][D][bshdbus:090]: Missed ACK for dest 0x0f of preceding frame
[22:25:08.838][D][bshdbus:061]: Discarding 1 bytes of unparsed data after timeout of 27 ms: 0x0a
[22:25:08.848][D][main:706]: Received frame dest 0x1f cmd 0xe001: 0x0502
[22:25:10.806][D][main:706]: Received frame dest 0x0f cmd 0xe000: 0x05
[22:25:10.813][D][bshdbus:090]: Missed ACK for dest 0x0f of preceding frame
[22:25:10.857][D][bshdbus:061]: Discarding 10 bytes of unparsed data after timeout of 32 ms: 0x0a041fe00105020b6f1a
[22:25:12.814][D][main:706]: Received frame dest 0x0f cmd 0xe000: 0x05
[22:25:12.826][D][bshdbus:090]: Missed ACK for dest 0x0f of preceding frame
[22:25:12.864][D][bshdbus:061]: Discarding 10 bytes of unparsed data after timeout of 32 ms: 0x0a041fe00105020b6f1a
[22:25:14.824][D][main:706]: Received frame dest 0x0f cmd 0xe000: 0x05
[22:25:14.831][D][bshdbus:090]: Missed ACK for dest 0x0f of preceding frame
[22:25:14.858][D][bshdbus:061]: Discarding 1 bytes of unparsed data after timeout of 26 ms: 0x0a
[22:25:14.870][D][main:706]: Received frame dest 0x1f cmd 0xe001: 0x0502
[22:25:15.589][S][sensor]: 'Uptime s' >> 481 s
[22:25:16.070][S][sensor]: 'Remaining Time (Smoothed)' >> nan min
[22:25:16.584][S][sensor]: 'ESP Internal Temperature' >> 53.3 °C
[22:25:16.816][D][main:706]: Received frame dest 0x0f cmd 0xe000: 0x05
[22:25:16.826][D][bshdbus:090]: Missed ACK for dest 0x0f of preceding frame
[22:25:16.846][D][bshdbus:061]: Discarding 1 bytes of unparsed data after timeout of 23 ms: 0x0a
[22:25:16.853][D][main:706]: Received frame dest 0x1f cmd 0xe001: 0x0502
[22:25:17.594][S][text_sensor]: 'Uptime' >> '00d 00h 8m 1s'
[22:25:18.457][S][sensor]: 'WiFi RSSI' >> -77 dBm
[22:25:18.825][D][main:706]: Received frame dest 0x0f cmd 0xe000: 0x05
[22:25:18.878][D][bshdbus:090]: Missed ACK for dest 0x0f of preceding frame
[22:25:18.887][D][bshdbus:061]: Discarding 1 bytes of unparsed data after timeout of 24 ms: 0x0a
[22:25:18.893][D][main:706]: Received frame dest 0x1f cmd 0xe001: 0x0502
[22:25:20.840][D][main:706]: Received frame dest 0x0f cmd 0xe000: 0x05
[22:25:20.848][D][bshdbus:090]: Missed ACK for dest 0x0f of preceding frame
[22:25:20.884][D][bshdbus:061]: Discarding 10 bytes of unparsed data after timeout of 32 ms: 0x0a041fe00105020b6f1a
[22:25:22.824][D][main:706]: Received frame dest 0x0f cmd 0xe000: 0x05
[22:25:22.831][D][bshdbus:090]: Missed ACK for dest 0x0f of preceding frame
[22:25:22.851][D][bshdbus:061]: Discarding 1 bytes of unparsed data after timeout of 29 ms: 0x0a
[22:25:22.858][D][main:706]: Received frame dest 0x1f cmd 0xe001: 0x0502
[22:25:24.834][D][main:706]: Received frame dest 0x0f cmd 0xe000: 0x05
[22:25:24.843][D][bshdbus:090]: Missed ACK for dest 0x0f of preceding frame
[22:25:24.865][D][bshdbus:061]: Discarding 1 bytes of unparsed data after timeout of 22 ms: 0x0a
[22:25:24.872][D][main:706]: Received frame dest 0x1f cmd 0xe001: 0x0502
[22:25:26.843][D][main:706]: Received frame dest 0x0f cmd 0xe000: 0x05
[22:25:26.850][D][bshdbus:090]: Missed ACK for dest 0x0f of preceding frame
[22:25:26.902][D][bshdbus:061]: Discarding 10 bytes of unparsed data after timeout of 32 ms: 0x0a041fe00105020b6f1a
[22:25:28.834][D][main:706]: Received frame dest 0x0f cmd 0xe000: 0x05
[22:25:28.840][D][bshdbus:090]: Missed ACK for dest 0x0f of preceding frame
[22:25:28.854][D][bshdbus:061]: Discarding 1 bytes of unparsed data after timeout of 21 ms: 0x0a
[22:25:28.860][D][main:706]: Received frame dest 0x1f cmd 0xe001: 0x0502
[22:25:30.865][D][main:706]: Received frame dest 0x0f cmd 0xe000: 0x05
[22:25:30.873][D][bshdbus:090]: Missed ACK for dest 0x0f of preceding frame
[22:25:30.891][D][bshdbus:061]: Discarding 10 bytes of unparsed data after timeout of 32 ms: 0x0a041fe00105020b6f1a
[22:25:32.853][D][main:706]: Received frame dest 0x0f cmd 0xe000: 0x05
[22:25:32.863][D][bshdbus:090]: Missed ACK for dest 0x0f of preceding frame
[22:25:32.878][D][bshdbus:061]: Discarding 1 bytes of unparsed data after timeout of 27 ms: 0x0a
[22:25:32.885][D][main:706]: Received frame dest 0x1f cmd 0xe001: 0x0502
[22:25:34.846][D][main:706]: Received frame dest 0x0f cmd 0xe000: 0x05
[22:25:34.853][D][bshdbus:090]: Missed ACK for dest 0x0f of preceding frame
[22:25:34.873][D][bshdbus:061]: Discarding 1 bytes of unparsed data after timeout of 28 ms: 0x0a
[22:25:34.881][D][main:706]: Received frame dest 0x1f cmd 0xe001: 0x0502
[22:25:36.853][D][main:706]: Received frame dest 0x0f cmd 0xe000: 0x05
[22:25:36.861][D][bshdbus:090]: Missed ACK for dest 0x0f of preceding frame
[22:25:36.917][D][bshdbus:061]: Discarding 10 bytes of unparsed data after timeout of 32 ms: 0x0a041fe00105020b6f1a
[22:25:38.863][D][main:706]: Received frame dest 0x0f cmd 0xe000: 0x05
[22:25:38.873][D][bshdbus:090]: Missed ACK for dest 0x0f of preceding frame
[22:25:38.922][D][bshdbus:061]: Discarding 10 bytes of unparsed data after timeout of 32 ms: 0x0a041fe00105020b6f1a
[22:25:40.854][D][main:706]: Received frame dest 0x0f cmd 0xe000: 0x05
[22:25:40.864][D][bshdbus:090]: Missed ACK for dest 0x0f of preceding frame
[22:25:40.879][D][bshdbus:061]: Discarding 1 bytes of unparsed data after timeout of 26 ms: 0x0a
[22:25:40.886][D][main:706]: Received frame dest 0x1f cmd 0xe001: 0x0502
[22:25:42.866][D][main:706]: Received frame dest 0x0f cmd 0xe000: 0x05
[22:25:42.875][D][bshdbus:090]: Missed ACK for dest 0x0f of preceding frame
[22:25:42.914][D][bshdbus:061]: Discarding 10 bytes of unparsed data after timeout of 32 ms: 0x0a041fe00105020b6f1a
[22:25:44.855][D][main:706]: Received frame dest 0x0f cmd 0xe000: 0x05
[22:25:44.863][D][bshdbus:090]: Missed ACK for dest 0x0f of preceding frame
[22:25:44.905][D][bshdbus:061]: Discarding 10 bytes of unparsed data after timeout of 32 ms: 0x0a041fe00105020b6f1a
[22:25:46.077][S][sensor]: 'Remaining Time (Smoothed)' >> nan min
[22:25:46.875][D][main:706]: Received frame dest 0x0f cmd 0xe000: 0x05
[22:25:46.917][D][bshdbus:090]: Missed ACK for dest 0x0f of preceding frame
[22:25:46.924][D][bshdbus:061]: Discarding 1 bytes of unparsed data after timeout of 23 ms: 0x0a
[22:25:46.930][D][main:706]: Received frame dest 0x1f cmd 0xe001: 0x0502
[22:25:48.874][D][main:706]: Received frame dest 0x0f cmd 0xe000: 0x05
[22:25:48.882][D][bshdbus:090]: Missed ACK for dest 0x0f of preceding frame
[22:25:48.926][D][bshdbus:061]: Discarding 10 bytes of unparsed data after timeout of 32 ms: 0x0a041fe00105020b6f1a
[22:25:50.866][D][main:706]: Received frame dest 0x0f cmd 0xe000: 0x05
[22:25:50.873][D][bshdbus:090]: Missed ACK for dest 0x0f of preceding frame
[22:25:50.911][D][bshdbus:061]: Discarding 10 bytes of unparsed data after timeout of 32 ms: 0x0a041fe00105020b6f1a
[22:25:52.875][D][main:706]: Received frame dest 0x0f cmd 0xe000: 0x05
[22:25:52.884][D][bshdbus:090]: Missed ACK for dest 0x0f of preceding frame
[22:25:52.926][D][bshdbus:061]: Discarding 10 bytes of unparsed data after timeout of 32 ms: 0x0a041fe00105020b6f1a
[22:25:54.885][D][main:706]: Received frame dest 0x0f cmd 0xe000: 0x05
[22:25:54.894][D][bshdbus:090]: Missed ACK for dest 0x0f of preceding frame
[22:25:54.908][D][bshdbus:061]: Discarding 1 bytes of unparsed data after timeout of 23 ms: 0x0a
[22:25:54.914][D][main:706]: Received frame dest 0x1f cmd 0xe001: 0x0502
[22:25:56.885][D][main:706]: Received frame dest 0x0f cmd 0xe000: 0x05
[22:25:56.893][D][bshdbus:090]: Missed ACK for dest 0x0f of preceding frame
[22:25:56.928][D][bshdbus:061]: Discarding 10 bytes of unparsed data after timeout of 32 ms: 0x0a041fe00105020b6f1a
[22:25:58.885][D][main:706]: Received frame dest 0x0f cmd 0xe000: 0x05
[22:25:58.892][D][bshdbus:090]: Missed ACK for dest 0x0f of preceding frame
[22:25:58.936][D][bshdbus:061]: Discarding 10 bytes of unparsed data after timeout of 32 ms: 0x0a041fe00105020b6f1a
[22:26:00.898][D][main:706]: Received frame dest 0x0f cmd 0xe000: 0x05
[22:26:00.907][D][bshdbus:090]: Missed ACK for dest 0x0f of preceding frame
[22:26:00.921][D][bshdbus:061]: Discarding 1 bytes of unparsed data after timeout of 26 ms: 0x0a
[22:26:00.931][D][main:706]: Received frame dest 0x1f cmd 0xe001: 0x0502
[22:26:02.887][D][main:706]: Received frame dest 0x0f cmd 0xe000: 0x05
[22:26:02.907][D][bshdbus:090]: Missed ACK for dest 0x0f of preceding frame
[22:26:02.952][D][bshdbus:061]: Discarding 10 bytes of unparsed data after timeout of 32 ms: 0x0a041fe00105020b6f1a
[22:26:04.899][D][main:706]: Received frame dest 0x0f cmd 0xe000: 0x05
[22:26:04.906][D][bshdbus:090]: Missed ACK for dest 0x0f of preceding frame
[22:26:04.963][D][bshdbus:061]: Discarding 10 bytes of unparsed data after timeout of 32 ms: 0x0a041fe00105020b6f1a
[22:26:06.906][D][main:706]: Received frame dest 0x0f cmd 0xe000: 0x05
[22:26:06.924][D][bshdbus:090]: Missed ACK for dest 0x0f of preceding frame
[22:26:06.933][D][bshdbus:061]: Discarding 1 bytes of unparsed data after timeout of 23 ms: 0x0a
[22:26:06.942][D][main:706]: Received frame dest 0x1f cmd 0xe001: 0x0502
[22:26:08.899][D][main:706]: Received frame dest 0x0f cmd 0xe000: 0x05
[22:26:08.909][D][bshdbus:090]: Missed ACK for dest 0x0f of preceding frame
[22:26:08.930][D][bshdbus:061]: Discarding 1 bytes of unparsed data after timeout of 23 ms: 0x0a
[22:26:08.950][D][main:706]: Received frame dest 0x1f cmd 0xe001: 0x0502
[22:26:10.933][D][main:706]: Received frame dest 0x0f cmd 0xe000: 0x05
[22:26:10.960][D][bshdbus:090]: Missed ACK for dest 0x0f of preceding frame
[22:26:10.966][D][bshdbus:061]: Discarding 10 bytes of unparsed data after timeout of 32 ms: 0x0a041fe00105020b6f1a
[22:26:12.915][D][main:706]: Received frame dest 0x0f cmd 0xe000: 0x05
[22:26:12.923][D][bshdbus:090]: Missed ACK for dest 0x0f of preceding frame
[22:26:12.942][D][bshdbus:061]: Discarding 1 bytes of unparsed data after timeout of 26 ms: 0x0a
[22:26:12.951][D][main:706]: Received frame dest 0x1f cmd 0xe001: 0x0502
[22:26:14.910][D][main:706]: Received frame dest 0x0f cmd 0xe000: 0x05
[22:26:14.917][D][bshdbus:090]: Missed ACK for dest 0x0f of preceding frame
[22:26:14.929][D][bshdbus:061]: Discarding 1 bytes of unparsed data after timeout of 21 ms: 0x0a
[22:26:14.935][D][main:706]: Received frame dest 0x1f cmd 0xe001: 0x0502
[22:26:15.587][S][sensor]: 'Uptime s' >> 541 s
[22:26:16.070][S][sensor]: 'Remaining Time (Smoothed)' >> nan min
[22:26:16.583][S][sensor]: 'ESP Internal Temperature' >> 53.3 °C
[22:26:16.919][D][main:706]: Received frame dest 0x0f cmd 0xe000: 0x05
[22:26:16.944][D][bshdbus:090]: Missed ACK for dest 0x0f of preceding frame
[22:26:16.978][D][bshdbus:061]: Discarding 10 bytes of unparsed data after timeout of 32 ms: 0x0a041fe00105020b6f1a
[22:26:17.593][S][text_sensor]: 'Uptime' >> '00d 00h 9m 1s'
[22:26:18.458][S][sensor]: 'WiFi RSSI' >> -78 dBm
[22:26:18.908][D][main:706]: Received frame dest 0x0f cmd 0xe000: 0x05
[22:26:18.915][D][bshdbus:090]: Missed ACK for dest 0x0f of preceding frame
[22:26:18.930][D][bshdbus:061]: Discarding 1 bytes of unparsed data after timeout of 24 ms: 0x0a
[22:26:18.937][D][main:706]: Received frame dest 0x1f cmd 0xe001: 0x0502
[22:26:20.918][D][main:706]: Received frame dest 0x0f cmd 0xe000: 0x05
[22:26:20.926][D][bshdbus:090]: Missed ACK for dest 0x0f of preceding frame
[22:26:20.972][D][bshdbus:061]: Discarding 10 bytes of unparsed data after timeout of 32 ms: 0x0a041fe00105020b6f1a
[22:26:22.929][D][main:706]: Received frame dest 0x0f cmd 0xe000: 0x05
[22:26:22.937][D][bshdbus:090]: Missed ACK for dest 0x0f of preceding frame
[22:26:22.978][D][bshdbus:061]: Discarding 10 bytes of unparsed data after timeout of 32 ms: 0x0a041fe00105020b6f1a
[22:26:24.919][D][main:706]: Received frame dest 0x0f cmd 0xe000: 0x05
[22:26:24.926][D][bshdbus:090]: Missed ACK for dest 0x0f of preceding frame
[22:26:24.964][D][bshdbus:061]: Discarding 10 bytes of unparsed data after timeout of 32 ms: 0x0a041fe00105020b6f1a
[22:26:26.931][D][main:706]: Received frame dest 0x0f cmd 0xe000: 0x05
[22:26:26.940][D][bshdbus:090]: Missed ACK for dest 0x0f of preceding frame
[22:26:26.949][D][bshdbus:061]: Discarding 1 bytes of unparsed data after timeout of 23 ms: 0x0a
[22:26:26.958][D][main:706]: Received frame dest 0x1f cmd 0xe001: 0x0502
[22:26:28.938][D][main:706]: Received frame dest 0x0f cmd 0xe000: 0x05
[22:26:28.945][D][bshdbus:090]: Missed ACK for dest 0x0f of preceding frame
[22:26:28.984][D][bshdbus:061]: Discarding 10 bytes of unparsed data after timeout of 32 ms: 0x0a041fe00105020b6f1a
[22:26:30.928][D][main:706]: Received frame dest 0x0f cmd 0xe000: 0x05
[22:26:30.936][D][bshdbus:090]: Missed ACK for dest 0x0f of preceding frame
[22:26:30.987][D][bshdbus:061]: Discarding 10 bytes of unparsed data after timeout of 33 ms: 0x0a041fe00105020b6f1a
[22:26:32.938][D][main:706]: Received frame dest 0x0f cmd 0xe000: 0x05
[22:26:32.945][D][bshdbus:090]: Missed ACK for dest 0x0f of preceding frame
[22:26:32.959][D][bshdbus:061]: Discarding 1 bytes of unparsed data after timeout of 23 ms: 0x0a
[22:26:32.981][D][main:706]: Received frame dest 0x1f cmd 0xe001: 0x0502
[22:26:34.948][D][main:706]: Received frame dest 0x0f cmd 0xe000: 0x05
[22:26:34.955][D][bshdbus:090]: Missed ACK for dest 0x0f of preceding frame
[22:26:35.003][D][bshdbus:061]: Discarding 10 bytes of unparsed data after timeout of 32 ms: 0x0a041fe00105020b6f1a
[22:26:36.946][D][main:706]: Received frame dest 0x0f cmd 0xe000: 0x05
[22:26:36.953][D][bshdbus:090]: Missed ACK for dest 0x0f of preceding frame
[22:26:36.960][D][bshdbus:061]: Discarding 1 bytes of unparsed data after timeout of 23 ms: 0x0a
[22:26:36.967][D][main:706]: Received frame dest 0x1f cmd 0xe001: 0x0502
[22:26:38.962][D][main:706]: Received frame dest 0x0f cmd 0xe000: 0x05
[22:26:38.969][D][bshdbus:090]: Missed ACK for dest 0x0f of preceding frame
[22:26:39.015][D][bshdbus:061]: Discarding 1 bytes of unparsed data after timeout of 23 ms: 0x0a
[22:26:39.024][D][main:706]: Received frame dest 0x1f cmd 0xe001: 0x0502
[22:26:40.958][D][main:706]: Received frame dest 0x0f cmd 0xe000: 0x05
[22:26:40.965][D][bshdbus:090]: Missed ACK for dest 0x0f of preceding frame
[22:26:41.023][D][bshdbus:061]: Discarding 10 bytes of unparsed data after timeout of 32 ms: 0x0a041fe00105020b6f1a
[22:26:42.950][D][main:706]: Received frame dest 0x0f cmd 0xe000: 0x05
[22:26:42.970][D][bshdbus:090]: Missed ACK for dest 0x0f of preceding frame
[22:26:42.977][D][bshdbus:061]: Discarding 1 bytes of unparsed data after timeout of 24 ms: 0x0a
[22:26:42.992][D][main:706]: Received frame dest 0x1f cmd 0xe001: 0x0502
[22:26:44.963][D][main:706]: Received frame dest 0x0f cmd 0xe000: 0x05
[22:26:44.971][D][bshdbus:090]: Missed ACK for dest 0x0f of preceding frame
[22:26:45.014][D][bshdbus:061]: Discarding 10 bytes of unparsed data after timeout of 32 ms: 0x0a041fe00105020b6f1a
[22:26:46.082][S][sensor]: 'Remaining Time (Smoothed)' >> nan min
[22:26:46.978][D][main:706]: Received frame dest 0x0f cmd 0xe000: 0x05
[22:26:46.992][D][bshdbus:090]: Missed ACK for dest 0x0f of preceding frame
[22:26:47.000][D][bshdbus:061]: Discarding 1 bytes of unparsed data after timeout of 28 ms: 0x0a
[22:26:47.008][D][main:706]: Received frame dest 0x1f cmd 0xe001: 0x0502
[22:26:48.960][D][main:706]: Received frame dest 0x0f cmd 0xe000: 0x05
[22:26:48.967][D][bshdbus:090]: Missed ACK for dest 0x0f of preceding frame
[22:26:48.979][D][bshdbus:061]: Discarding 1 bytes of unparsed data after timeout of 21 ms: 0x0a
[22:26:48.985][D][main:706]: Received frame dest 0x1f cmd 0xe001: 0x0502
[22:26:50.971][D][main:706]: Received frame dest 0x0f cmd 0xe000: 0x05
[22:26:50.994][D][bshdbus:090]: Missed ACK for dest 0x0f of preceding frame
[22:26:51.001][D][bshdbus:061]: Discarding 1 bytes of unparsed data after timeout of 28 ms: 0x0a
[22:26:51.006][D][main:706]: Received frame dest 0x1f cmd 0xe001: 0x0502
[22:26:52.960][D][main:706]: Received frame dest 0x0f cmd 0xe000: 0x05
[22:26:52.968][D][bshdbus:090]: Missed ACK for dest 0x0f of preceding frame
[22:26:53.014][D][bshdbus:061]: Discarding 10 bytes of unparsed data after timeout of 32 ms: 0x0a041fe00105020b6f1a
[22:26:54.969][D][main:706]: Received frame dest 0x0f cmd 0xe000: 0x05
[22:26:54.978][D][bshdbus:090]: Missed ACK for dest 0x0f of preceding frame
[22:26:55.000][D][bshdbus:061]: Discarding 1 bytes of unparsed data after timeout of 29 ms: 0x0a
[22:26:55.006][D][main:706]: Received frame dest 0x1f cmd 0xe001: 0x0502
[22:26:56.980][D][main:706]: Received frame dest 0x0f cmd 0xe000: 0x05
[22:26:56.999][D][bshdbus:090]: Missed ACK for dest 0x0f of preceding frame
[22:26:57.033][D][bshdbus:061]: Discarding 10 bytes of unparsed data after timeout of 33 ms: 0x0a041fe00105020b6f1a
[22:26:58.970][D][main:706]: Received frame dest 0x0f cmd 0xe000: 0x05
[22:26:58.978][D][bshdbus:090]: Missed ACK for dest 0x0f of preceding frame
[22:26:58.997][D][bshdbus:061]: Discarding 1 bytes of unparsed data after timeout of 25 ms: 0x0a
[22:26:59.004][D][main:706]: Received frame dest 0x1f cmd 0xe001: 0x0502
[22:27:01.007][D][main:706]: Received frame dest 0x0f cmd 0xe000: 0x05
[22:27:01.014][D][bshdbus:090]: Missed ACK for dest 0x0f of preceding frame
[22:27:01.020][D][bshdbus:061]: Discarding 1 bytes of unparsed data after timeout of 24 ms: 0x0a
[22:27:01.025][D][main:706]: Received frame dest 0x1f cmd 0xe001: 0x0502
[22:27:02.989][D][main:706]: Received frame dest 0x0f cmd 0xe000: 0x05
[22:27:02.998][D][bshdbus:090]: Missed ACK for dest 0x0f of preceding frame
[22:27:03.044][D][bshdbus:061]: Discarding 10 bytes of unparsed data after timeout of 32 ms: 0x0a041fe00105020b6f1a
[22:27:04.988][D][main:706]: Received frame dest 0x0f cmd 0xe000: 0x05
[22:27:05.001][D][bshdbus:090]: Missed ACK for dest 0x0f of preceding frame
[22:27:05.008][D][bshdbus:061]: Discarding 1 bytes of unparsed data after timeout of 23 ms: 0x0a
[22:27:05.014][D][main:706]: Received frame dest 0x1f cmd 0xe001: 0x0502
[22:27:06.990][D][main:706]: Received frame dest 0x0f cmd 0xe000: 0x05
[22:27:07.012][D][bshdbus:090]: Missed ACK for dest 0x0f of preceding frame
[22:27:07.049][D][bshdbus:061]: Discarding 10 bytes of unparsed data after timeout of 32 ms: 0x0a041fe00105020b6f1a
[22:27:08.999][D][main:706]: Received frame dest 0x0f cmd 0xe000: 0x05
[22:27:09.022][D][bshdbus:090]: Missed ACK for dest 0x0f of preceding frame
[22:27:09.049][D][bshdbus:061]: Discarding 10 bytes of unparsed data after timeout of 32 ms: 0x0a041fe00105020b6f1a
[22:27:10.990][D][main:706]: Received frame dest 0x0f cmd 0xe000: 0x05
[22:27:11.013][D][bshdbus:090]: Missed ACK for dest 0x0f of preceding frame
[22:27:11.065][D][bshdbus:061]: Discarding 1 bytes of unparsed data after timeout of 24 ms: 0x0a
[22:27:11.073][D][main:706]: Received frame dest 0x1f cmd 0xe001: 0x0502
[22:27:13.000][D][main:706]: Received frame dest 0x0f cmd 0xe000: 0x05
[22:27:13.013][D][bshdbus:090]: Missed ACK for dest 0x0f of preceding frame
[22:27:13.050][D][bshdbus:061]: Discarding 10 bytes of unparsed data after timeout of 33 ms: 0x0a041fe00105020b6f1a
[22:27:15.027][D][main:706]: Received frame dest 0x0f cmd 0xe000: 0x05
[22:27:15.035][D][bshdbus:090]: Missed ACK for dest 0x0f of preceding frame
[22:27:15.062][D][bshdbus:061]: Discarding 10 bytes of unparsed data after timeout of 32 ms: 0x0a041fe00105020b6f1a
[22:27:15.576][S][sensor]: 'Uptime s' >> 601 s
[22:27:16.074][S][sensor]: 'Remaining Time (Smoothed)' >> nan min
[22:27:16.578][S][sensor]: 'ESP Internal Temperature' >> 54.3 °C
[22:27:17.000][D][main:706]: Received frame dest 0x0f cmd 0xe000: 0x05
[22:27:17.016][D][bshdbus:090]: Missed ACK for dest 0x0f of preceding frame
[22:27:17.026][D][bshdbus:061]: Discarding 1 bytes of unparsed data after timeout of 25 ms: 0x0a
[22:27:17.033][D][main:706]: Received frame dest 0x1f cmd 0xe001: 0x0502
[22:27:17.346][D][preferences:254]: Writing 1 items: 0 cached, 1 written, 0 failed
[22:27:17.605][S][text_sensor]: 'Uptime' >> '00d 00h 10m 1s'
[22:27:18.455][S][sensor]: 'WiFi RSSI' >> -78 dBm
[22:27:19.013][D][main:706]: Received frame dest 0x0f cmd 0xe000: 0x05
[22:27:19.035][D][bshdbus:090]: Missed ACK for dest 0x0f of preceding frame
[22:27:19.041][D][bshdbus:061]: Discarding 1 bytes of unparsed data after timeout of 29 ms: 0x0a
[22:27:19.049][D][main:706]: Received frame dest 0x1f cmd 0xe001: 0x0502
[22:27:19.429][D][wifi:2485]: Roam scan (-78 dBm, attempt 2/3)
[22:27:21.086][D][main:706]: Received frame dest 0x0f cmd 0xe000: 0x05
[22:27:21.222][D][bshdbus:090]: Missed ACK for dest 0x0f of preceding frame
[22:27:21.231][D][bshdbus:061]: Discarding 10 bytes of unparsed data after timeout of 32 ms: 0x0a041fe00105020b6f1a
[22:27:23.011][D][main:706]: Received frame dest 0x0f cmd 0xe000: 0x05
[22:27:23.022][D][bshdbus:090]: Missed ACK for dest 0x0f of preceding frame
[22:27:23.035][D][bshdbus:061]: Discarding 1 bytes of unparsed data after timeout of 24 ms: 0x0a
[22:27:23.042][D][main:706]: Received frame dest 0x1f cmd 0xe001: 0x0502
[22:27:25.021][D][main:706]: Received frame dest 0x0f cmd 0xe000: 0x05
[22:27:25.031][D][bshdbus:090]: Missed ACK for dest 0x0f of preceding frame
[22:27:25.057][D][bshdbus:061]: Discarding 1 bytes of unparsed data after timeout of 27 ms: 0x0a
[22:27:25.065][D][main:706]: Received frame dest 0x1f cmd 0xe001: 0x0502
[22:27:27.032][D][main:706]: Received frame dest 0x0f cmd 0xe000: 0x05
[22:27:27.039][D][bshdbus:090]: Missed ACK for dest 0x0f of preceding frame
[22:27:27.050][D][bshdbus:061]: Discarding 1 bytes of unparsed data after timeout of 21 ms: 0x0a
[22:27:27.056][D][main:706]: Received frame dest 0x1f cmd 0xe001: 0x0502
[22:27:29.023][D][main:706]: Received frame dest 0x0f cmd 0xe000: 0x05
[22:27:29.036][D][bshdbus:090]: Missed ACK for dest 0x0f of preceding frame
[22:27:29.064][D][bshdbus:061]: Discarding 1 bytes of unparsed data after timeout of 26 ms: 0x0a
[22:27:29.073][D][main:706]: Received frame dest 0x1f cmd 0xe001: 0x0502
[22:27:31.036][D][main:706]: Received frame dest 0x0f cmd 0xe000: 0x05
[22:27:31.047][D][bshdbus:090]: Missed ACK for dest 0x0f of preceding frame
[22:27:31.081][D][bshdbus:061]: Discarding 10 bytes of unparsed data after timeout of 32 ms: 0x0a041fe00105020b6f1a
[22:27:33.025][D][main:706]: Received frame dest 0x0f cmd 0xe000: 0x05
[22:27:33.034][D][bshdbus:090]: Missed ACK for dest 0x0f of preceding frame
[22:27:33.060][D][bshdbus:061]: Discarding 1 bytes of unparsed data after timeout of 27 ms: 0x0a
[22:27:33.067][D][main:706]: Received frame dest 0x1f cmd 0xe001: 0x0502
[22:27:35.031][D][main:706]: Received frame dest 0x0f cmd 0xe000: 0x05
[22:27:35.039][D][bshdbus:090]: Missed ACK for dest 0x0f of preceding frame
[22:27:35.090][D][bshdbus:061]: Discarding 10 bytes of unparsed data after timeout of 32 ms: 0x0a041fe00105020b6f1a
[22:27:37.059][D][main:706]: Received frame dest 0x0f cmd 0xe000: 0x05
[22:27:37.079][D][bshdbus:090]: Missed ACK for dest 0x0f of preceding frame
[22:27:37.086][D][bshdbus:061]: Discarding 1 bytes of unparsed data after timeout of 29 ms: 0x0a
[22:27:37.095][D][main:706]: Received frame dest 0x1f cmd 0xe001: 0x0502
[22:27:39.032][D][main:706]: Received frame dest 0x0f cmd 0xe000: 0x05
[22:27:39.051][D][bshdbus:090]: Missed ACK for dest 0x0f of preceding frame
[22:27:39.162][D][bshdbus:061]: Discarding 10 bytes of unparsed data after timeout of 33 ms: 0x0a041fe00105020b6f1a
[22:27:41.042][D][main:706]: Received frame dest 0x0f cmd 0xe000: 0x05
[22:27:41.079][D][bshdbus:090]: Missed ACK for dest 0x0f of preceding frame
[22:27:41.086][D][bshdbus:061]: Discarding 1 bytes of unparsed data after timeout of 25 ms: 0x0a
[22:27:41.092][D][main:706]: Received frame dest 0x1f cmd 0xe001: 0x0502
[22:27:43.050][D][main:706]: Received frame dest 0x0f cmd 0xe000: 0x05
[22:27:43.059][D][bshdbus:090]: Missed ACK for dest 0x0f of preceding frame
[22:27:43.099][D][bshdbus:061]: Discarding 10 bytes of unparsed data after timeout of 32 ms: 0x0a041fe00105020b6f1a
[22:27:45.046][D][main:706]: Received frame dest 0x0f cmd 0xe000: 0x05
[22:27:45.054][D][bshdbus:090]: Missed ACK for dest 0x0f of preceding frame
[22:27:45.062][D][bshdbus:061]: Discarding 1 bytes of unparsed data after timeout of 21 ms: 0x0a
[22:27:45.071][D][main:706]: Received frame dest 0x1f cmd 0xe001: 0x0502
[22:27:46.061][S][sensor]: 'Remaining Time (Smoothed)' >> nan min
[22:27:47.052][D][main:706]: Received frame dest 0x0f cmd 0xe000: 0x05
[22:27:47.062][D][bshdbus:090]: Missed ACK for dest 0x0f of preceding frame
[22:27:47.104][D][bshdbus:061]: Discarding 10 bytes of unparsed data after timeout of 32 ms: 0x0a041fe00105020b6f1a
[22:27:49.061][D][main:706]: Received frame dest 0x0f cmd 0xe000: 0x05
[22:27:49.070][D][bshdbus:090]: Missed ACK for dest 0x0f of preceding frame
[22:27:49.080][D][bshdbus:061]: Discarding 1 bytes of unparsed data after timeout of 21 ms: 0x0a
[22:27:49.088][D][main:706]: Received frame dest 0x1f cmd 0xe001: 0x0502
[22:27:51.074][D][main:706]: Received frame dest 0x0f cmd 0xe000: 0x05
[22:27:51.100][D][bshdbus:090]: Missed ACK for dest 0x0f of preceding frame
[22:27:51.109][D][bshdbus:061]: Discarding 10 bytes of unparsed data after timeout of 32 ms: 0x0a041fe00105020b6f1a
[22:27:53.062][D][main:706]: Received frame dest 0x0f cmd 0xe000: 0x05
[22:27:53.073][D][bshdbus:090]: Missed ACK for dest 0x0f of preceding frame
[22:27:53.081][D][bshdbus:061]: Discarding 1 bytes of unparsed data after timeout of 21 ms: 0x0a
[22:27:53.088][D][main:706]: Received frame dest 0x1f cmd 0xe001: 0x0502
[22:27:55.072][D][main:706]: Received frame dest 0x0f cmd 0xe000: 0x05
[22:27:55.080][D][bshdbus:090]: Missed ACK for dest 0x0f of preceding frame
[22:27:55.097][D][bshdbus:061]: Discarding 1 bytes of unparsed data after timeout of 27 ms: 0x0a
[22:27:55.105][D][main:706]: Received frame dest 0x1f cmd 0xe001: 0x0502
[22:27:57.063][D][main:706]: Received frame dest 0x0f cmd 0xe000: 0x05
[22:27:57.070][D][bshdbus:090]: Missed ACK for dest 0x0f of preceding frame
[22:27:57.118][D][bshdbus:061]: Discarding 10 bytes of unparsed data after timeout of 32 ms: 0x0a041fe00105020b6f1a
[22:27:59.072][D][main:706]: Received frame dest 0x0f cmd 0xe000: 0x05
[22:27:59.079][D][bshdbus:090]: Missed ACK for dest 0x0f of preceding frame
[22:27:59.164][D][bshdbus:061]: Discarding 10 bytes of unparsed data after timeout of 32 ms: 0x0a041fe00105020b6f1a
[22:28:01.081][D][main:706]: Received frame dest 0x0f cmd 0xe000: 0x05
[22:28:01.091][D][bshdbus:090]: Missed ACK for dest 0x0f of preceding frame
[22:28:01.152][D][bshdbus:061]: Discarding 10 bytes of unparsed data after timeout of 33 ms: 0x0a041fe00105020b6f1a
[22:28:03.073][D][main:706]: Received frame dest 0x0f cmd 0xe000: 0x05
[22:28:03.081][D][bshdbus:090]: Missed ACK for dest 0x0f of preceding frame
[22:28:03.095][D][bshdbus:061]: Discarding 1 bytes of unparsed data after timeout of 24 ms: 0x0a
[22:28:03.102][D][main:706]: Received frame dest 0x1f cmd 0xe001: 0x0502
[22:28:05.096][D][main:706]: Received frame dest 0x0f cmd 0xe000: 0x05
[22:28:05.103][D][bshdbus:090]: Missed ACK for dest 0x0f of preceding frame
[22:28:05.112][D][bshdbus:061]: Discarding 1 bytes of unparsed data after timeout of 26 ms: 0x0a
[22:28:05.121][D][main:706]: Received frame dest 0x1f cmd 0xe001: 0x0502
[22:28:07.092][D][main:706]: Received frame dest 0x0f cmd 0xe000: 0x05
[22:28:07.100][D][bshdbus:090]: Missed ACK for dest 0x0f of preceding frame
[22:28:07.118][D][bshdbus:061]: Discarding 1 bytes of unparsed data after timeout of 29 ms: 0x0a
[22:28:07.125][D][main:706]: Received frame dest 0x1f cmd 0xe001: 0x0502
[22:28:09.094][D][main:706]: Received frame dest 0x0f cmd 0xe000: 0x05
[22:28:09.103][D][bshdbus:090]: Missed ACK for dest 0x0f of preceding frame
[22:28:09.130][D][bshdbus:061]: Discarding 10 bytes of unparsed data after timeout of 32 ms: 0x0a041fe00105020b6f1a
[22:28:11.093][D][main:706]: Received frame dest 0x0f cmd 0xe000: 0x05
[22:28:11.101][D][bshdbus:090]: Missed ACK for dest 0x0f of preceding frame
[22:28:11.144][D][bshdbus:061]: Discarding 10 bytes of unparsed data after timeout of 32 ms: 0x0a041fe00105020b6f1a
[22:28:13.103][D][main:706]: Received frame dest 0x0f cmd 0xe000: 0x05
[22:28:13.110][D][bshdbus:090]: Missed ACK for dest 0x0f of preceding frame
[22:28:13.149][D][bshdbus:061]: Discarding 10 bytes of unparsed data after timeout of 32 ms: 0x0a041fe00105020b6f1a
[22:28:15.093][D][main:706]: Received frame dest 0x0f cmd 0xe000: 0x05
[22:28:15.102][D][bshdbus:090]: Missed ACK for dest 0x0f of preceding frame
[22:28:15.113][D][bshdbus:061]: Discarding 1 bytes of unparsed data after timeout of 21 ms: 0x0a
[22:28:15.123][D][main:706]: Received frame dest 0x1f cmd 0xe001: 0x0502
[22:28:15.592][S][sensor]: 'Uptime s' >> 661 s
[22:28:16.066][S][sensor]: 'Remaining Time (Smoothed)' >> nan min
[22:28:16.579][S][sensor]: 'ESP Internal Temperature' >> 54.3 °C
[22:28:17.119][D][main:706]: Received frame dest 0x0f cmd 0xe000: 0x05
[22:28:17.128][D][bshdbus:090]: Missed ACK for dest 0x0f of preceding frame
[22:28:17.135][D][bshdbus:061]: Discarding 1 bytes of unparsed data after timeout of 27 ms: 0x0a
[22:28:17.141][D][main:706]: Received frame dest 0x1f cmd 0xe001: 0x0502
[22:28:17.605][S][text_sensor]: 'Uptime' >> '00d 00h 11m 1s'
[22:28:18.447][S][sensor]: 'WiFi RSSI' >> -78 dBm
[22:28:19.095][D][main:706]: Received frame dest 0x0f cmd 0xe000: 0x05
[22:28:19.102][D][bshdbus:090]: Missed ACK for dest 0x0f of preceding frame
[22:28:19.125][D][bshdbus:061]: Discarding 1 bytes of unparsed data after timeout of 21 ms: 0x0a
[22:28:19.131][D][main:706]: Received frame dest 0x1f cmd 0xe001: 0x0502
[22:28:21.124][D][main:706]: Received frame dest 0x0f cmd 0xe000: 0x05
[22:28:21.131][D][bshdbus:090]: Missed ACK for dest 0x0f of preceding frame
[22:28:21.137][D][bshdbus:061]: Discarding 1 bytes of unparsed data after timeout of 24 ms: 0x0a
[22:28:21.143][D][main:706]: Received frame dest 0x1f cmd 0xe001: 0x0502
[22:28:23.125][D][main:706]: Received frame dest 0x0f cmd 0xe000: 0x05
[22:28:23.133][D][bshdbus:090]: Missed ACK for dest 0x0f of preceding frame
[22:28:23.139][D][bshdbus:061]: Discarding 1 bytes of unparsed data after timeout of 22 ms: 0x0a
[22:28:23.145][D][main:706]: Received frame dest 0x1f cmd 0xe001: 0x0502
[22:28:25.104][D][main:706]: Received frame dest 0x0f cmd 0xe000: 0x05
[22:28:25.113][D][bshdbus:090]: Missed ACK for dest 0x0f of preceding frame
[22:28:25.166][D][bshdbus:061]: Discarding 10 bytes of unparsed data after timeout of 32 ms: 0x0a041fe00105020b6f1a
[22:28:27.140][D][main:706]: Received frame dest 0x0f cmd 0xe000: 0x05
[22:28:27.167][D][bshdbus:090]: Missed ACK for dest 0x0f of preceding frame
[22:28:27.173][D][bshdbus:061]: Discarding 1 bytes of unparsed data after timeout of 21 ms: 0x0a
[22:28:27.180][D][main:706]: Received frame dest 0x1f cmd 0xe001: 0x0502
[22:28:29.123][D][main:706]: Received frame dest 0x0f cmd 0xe000: 0x05
[22:28:29.131][D][bshdbus:090]: Missed ACK for dest 0x0f of preceding frame
[22:28:29.176][D][bshdbus:061]: Discarding 10 bytes of unparsed data after timeout of 32 ms: 0x0a041fe00105020b6f1a
[22:28:31.128][D][main:706]: Received frame dest 0x0f cmd 0xe000: 0x05
[22:28:31.137][D][bshdbus:090]: Missed ACK for dest 0x0f of preceding frame
[22:28:31.167][D][bshdbus:061]: Discarding 10 bytes of unparsed data after timeout of 32 ms: 0x0a041fe00105020b6f1a
[22:28:33.125][D][main:706]: Received frame dest 0x0f cmd 0xe000: 0x05
[22:28:33.133][D][bshdbus:090]: Missed ACK for dest 0x0f of preceding frame
[22:28:33.154][D][bshdbus:061]: Discarding 1 bytes of unparsed data after timeout of 26 ms: 0x0a
[22:28:33.161][D][main:706]: Received frame dest 0x1f cmd 0xe001: 0x0502
[22:28:35.133][D][main:706]: Received frame dest 0x0f cmd 0xe000: 0x05
[22:28:35.141][D][bshdbus:090]: Missed ACK for dest 0x0f of preceding frame
[22:28:35.157][D][bshdbus:061]: Discarding 1 bytes of unparsed data after timeout of 25 ms: 0x0a
[22:28:35.163][D][main:706]: Received frame dest 0x1f cmd 0xe001: 0x0502
[22:28:37.125][D][main:706]: Received frame dest 0x0f cmd 0xe000: 0x05
[22:28:37.136][D][bshdbus:090]: Missed ACK for dest 0x0f of preceding frame
[22:28:37.161][D][bshdbus:061]: Discarding 1 bytes of unparsed data after timeout of 25 ms: 0x0a
[22:28:37.187][D][main:706]: Received frame dest 0x1f cmd 0xe001: 0x0502
[22:28:39.135][D][main:706]: Received frame dest 0x0f cmd 0xe000: 0x05
[22:28:39.148][D][bshdbus:090]: Missed ACK for dest 0x0f of preceding frame
[22:28:39.194][D][bshdbus:061]: Discarding 10 bytes of unparsed data after timeout of 32 ms: 0x0a041fe00105020b6f1a
[22:28:41.147][D][main:706]: Received frame dest 0x0f cmd 0xe000: 0x05
[22:28:41.169][D][bshdbus:090]: Missed ACK for dest 0x0f of preceding frame
[22:28:41.176][D][bshdbus:061]: Discarding 1 bytes of unparsed data after timeout of 26 ms: 0x0a
[22:28:41.182][D][main:706]: Received frame dest 0x1f cmd 0xe001: 0x0502
[22:28:43.135][D][main:706]: Received frame dest 0x0f cmd 0xe000: 0x05
[22:28:43.144][D][bshdbus:090]: Missed ACK for dest 0x0f of preceding frame
[22:28:43.202][D][bshdbus:061]: Discarding 10 bytes of unparsed data after timeout of 32 ms: 0x0a041fe00105020b6f1a
[22:28:45.144][D][main:706]: Received frame dest 0x0f cmd 0xe000: 0x05
[22:28:45.159][D][bshdbus:090]: Missed ACK for dest 0x0f of preceding frame
[22:28:45.194][D][bshdbus:061]: Discarding 10 bytes of unparsed data after timeout of 32 ms: 0x0a041fe00105020b6f1a
[22:28:46.060][S][sensor]: 'Remaining Time (Smoothed)' >> nan min
[22:28:47.154][D][main:706]: Received frame dest 0x0f cmd 0xe000: 0x05
[22:28:47.161][D][bshdbus:090]: Missed ACK for dest 0x0f of preceding frame
[22:28:47.206][D][bshdbus:061]: Discarding 10 bytes of unparsed data after timeout of 32 ms: 0x0a041fe00105020b6f1a
[22:28:49.149][D][main:706]: Received frame dest 0x0f cmd 0xe000: 0x05
[22:28:49.158][D][bshdbus:090]: Missed ACK for dest 0x0f of preceding frame
[22:28:49.194][D][bshdbus:061]: Discarding 10 bytes of unparsed data after timeout of 32 ms: 0x0a041fe00105020b6f1a
[22:28:51.155][D][main:706]: Received frame dest 0x0f cmd 0xe000: 0x05
[22:28:51.165][D][bshdbus:090]: Missed ACK for dest 0x0f of preceding frame
[22:28:51.183][D][bshdbus:061]: Discarding 1 bytes of unparsed data after timeout of 22 ms: 0x0a
[22:28:51.216][D][main:706]: Received frame dest 0x1f cmd 0xe001: 0x0502
[22:28:53.167][D][main:706]: Received frame dest 0x0f cmd 0xe000: 0x05
[22:28:53.177][D][bshdbus:090]: Missed ACK for dest 0x0f of preceding frame
[22:28:53.190][D][bshdbus:061]: Discarding 1 bytes of unparsed data after timeout of 27 ms: 0x0a
[22:28:53.200][D][main:706]: Received frame dest 0x1f cmd 0xe001: 0x0502
[22:28:55.157][D][main:706]: Received frame dest 0x0f cmd 0xe000: 0x05
[22:28:55.170][D][bshdbus:090]: Missed ACK for dest 0x0f of preceding frame
[22:28:55.205][D][bshdbus:061]: Discarding 10 bytes of unparsed data after timeout of 33 ms: 0x0a041fe00105020b6f1a
[22:28:57.167][D][main:706]: Received frame dest 0x0f cmd 0xe000: 0x05
[22:28:57.180][D][bshdbus:090]: Missed ACK for dest 0x0f of preceding frame
[22:28:57.216][D][bshdbus:061]: Discarding 10 bytes of unparsed data after timeout of 32 ms: 0x0a041fe00105020b6f1a
[22:28:59.176][D][main:706]: Received frame dest 0x0f cmd 0xe000: 0x05
[22:28:59.204][D][bshdbus:090]: Missed ACK for dest 0x0f of preceding frame
[22:28:59.224][D][bshdbus:061]: Discarding 10 bytes of unparsed data after timeout of 32 ms: 0x0a041fe00105020b6f1a
[22:29:01.165][D][main:706]: Received frame dest 0x0f cmd 0xe000: 0x05
[22:29:01.172][D][bshdbus:090]: Missed ACK for dest 0x0f of preceding frame
[22:29:01.192][D][bshdbus:061]: Discarding 1 bytes of unparsed data after timeout of 28 ms: 0x0a
[22:29:01.236][D][main:706]: Received frame dest 0x1f cmd 0xe001: 0x0502
[22:29:03.176][D][main:706]: Received frame dest 0x0f cmd 0xe000: 0x05
[22:29:03.188][D][bshdbus:090]: Missed ACK for dest 0x0f of preceding frame
[22:29:03.229][D][bshdbus:061]: Discarding 10 bytes of unparsed data after timeout of 32 ms: 0x0a041fe00105020b6f1a
[22:29:05.181][D][main:706]: Received frame dest 0x0f cmd 0xe000: 0x05
[22:29:05.193][D][bshdbus:090]: Missed ACK for dest 0x0f of preceding frame
[22:29:05.330][D][bshdbus:061]: Discarding 1 bytes of unparsed data after timeout of 24 ms: 0x0a
[22:29:05.337][D][main:706]: Received frame dest 0x1f cmd 0xe001: 0x0502
[22:29:07.185][D][main:706]: Received frame dest 0x0f cmd 0xe000: 0x05
[22:29:07.202][D][bshdbus:090]: Missed ACK for dest 0x0f of preceding frame
[22:29:07.227][D][bshdbus:061]: Discarding 10 bytes of unparsed data after timeout of 32 ms: 0x0a041fe00105020b6f1a
[22:29:09.199][D][main:706]: Received frame dest 0x0f cmd 0xe000: 0x05
[22:29:09.208][D][bshdbus:090]: Missed ACK for dest 0x0f of preceding frame
[22:29:09.232][D][bshdbus:061]: Discarding 10 bytes of unparsed data after timeout of 32 ms: 0x0a041fe00105020b6f1a
[22:29:11.176][D][main:706]: Received frame dest 0x0f cmd 0xe000: 0x05
[22:29:11.185][D][bshdbus:090]: Missed ACK for dest 0x0f of preceding frame
[22:29:11.205][D][bshdbus:061]: Discarding 1 bytes of unparsed data after timeout of 29 ms: 0x0a
[22:29:11.212][D][main:706]: Received frame dest 0x1f cmd 0xe001: 0x0502
[22:29:13.191][D][main:706]: Received frame dest 0x0f cmd 0xe000: 0x05
[22:29:13.251][D][bshdbus:090]: Missed ACK for dest 0x0f of preceding frame
[22:29:13.257][D][bshdbus:061]: Discarding 10 bytes of unparsed data after timeout of 32 ms: 0x0a041fe00105020b6f1a
[22:29:15.195][D][main:706]: Received frame dest 0x0f cmd 0xe000: 0x05
[22:29:15.216][D][bshdbus:090]: Missed ACK for dest 0x0f of preceding frame
[22:29:15.248][D][bshdbus:061]: Discarding 10 bytes of unparsed data after timeout of 32 ms: 0x0a041fe00105020b6f1a
[22:29:15.587][S][sensor]: 'Uptime s' >> 721 s
[22:29:16.077][S][sensor]: 'Remaining Time (Smoothed)' >> nan min
[22:29:16.590][S][sensor]: 'ESP Internal Temperature' >> 54.3 °C
[22:29:17.192][D][main:706]: Received frame dest 0x0f cmd 0xe000: 0x05
[22:29:17.215][D][bshdbus:090]: Missed ACK for dest 0x0f of preceding frame
[22:29:17.223][D][bshdbus:061]: Discarding 1 bytes of unparsed data after timeout of 23 ms: 0x0a
[22:29:17.232][D][main:706]: Received frame dest 0x1f cmd 0xe001: 0x0502
[22:29:17.596][S][text_sensor]: 'Uptime' >> '00d 00h 12m 1s'
[22:29:18.447][S][sensor]: 'WiFi RSSI' >> -77 dBm
[22:29:19.195][D][main:706]: Received frame dest 0x0f cmd 0xe000: 0x05
[22:29:19.203][D][bshdbus:090]: Missed ACK for dest 0x0f of preceding frame
[22:29:19.222][D][bshdbus:061]: Discarding 1 bytes of unparsed data after timeout of 25 ms: 0x0a
[22:29:19.234][D][main:706]: Received frame dest 0x1f cmd 0xe001: 0x0502
[22:29:21.205][D][main:706]: Received frame dest 0x0f cmd 0xe000: 0x05
[22:29:21.217][D][bshdbus:090]: Missed ACK for dest 0x0f of preceding frame
[22:29:21.255][D][bshdbus:061]: Discarding 10 bytes of unparsed data after timeout of 32 ms: 0x0a041fe00105020b6f1a
[22:29:23.198][D][main:706]: Received frame dest 0x0f cmd 0xe000: 0x05
[22:29:23.207][D][bshdbus:090]: Missed ACK for dest 0x0f of preceding frame
[22:29:23.339][D][bshdbus:061]: Discarding 1 bytes of unparsed data after timeout of 26 ms: 0x0a
[22:29:23.347][D][main:706]: Received frame dest 0x1f cmd 0xe001: 0x0502
[22:29:25.206][D][main:706]: Received frame dest 0x0f cmd 0xe000: 0x05
[22:29:25.221][D][bshdbus:090]: Missed ACK for dest 0x0f of preceding frame
[22:29:25.231][D][bshdbus:061]: Discarding 1 bytes of unparsed data after timeout of 21 ms: 0x0a
[22:29:25.238][D][main:706]: Received frame dest 0x1f cmd 0xe001: 0x0502
[22:29:27.225][D][main:706]: Received frame dest 0x0f cmd 0xe000: 0x05
[22:29:27.244][D][bshdbus:090]: Missed ACK for dest 0x0f of preceding frame
[22:29:27.262][D][bshdbus:061]: Discarding 10 bytes of unparsed data after timeout of 32 ms: 0x0a041fe00105020b6f1a
[22:29:29.207][D][main:706]: Received frame dest 0x0f cmd 0xe000: 0x05
[22:29:29.214][D][bshdbus:090]: Missed ACK for dest 0x0f of preceding frame
[22:29:29.257][D][bshdbus:061]: Discarding 10 bytes of unparsed data after timeout of 32 ms: 0x0a041fe00105020b6f1a
[22:29:31.221][D][main:706]: Received frame dest 0x0f cmd 0xe000: 0x05
[22:29:31.228][D][bshdbus:090]: Missed ACK for dest 0x0f of preceding frame
[22:29:31.269][D][bshdbus:061]: Discarding 10 bytes of unparsed data after timeout of 32 ms: 0x0a041fe00105020b6f1a
[22:29:33.227][D][main:706]: Received frame dest 0x0f cmd 0xe000: 0x05
[22:29:33.236][D][bshdbus:090]: Missed ACK for dest 0x0f of preceding frame
[22:29:33.277][D][bshdbus:061]: Discarding 1 bytes of unparsed data after timeout of 23 ms: 0x0a
[22:29:33.287][D][main:706]: Received frame dest 0x1f cmd 0xe001: 0x0502
[22:29:35.218][D][main:706]: Received frame dest 0x0f cmd 0xe000: 0x05
[22:29:35.229][D][bshdbus:090]: Missed ACK for dest 0x0f of preceding frame
[22:29:35.240][D][bshdbus:061]: Discarding 1 bytes of unparsed data after timeout of 24 ms: 0x0a
[22:29:35.247][D][main:706]: Received frame dest 0x1f cmd 0xe001: 0x0502
[22:29:37.227][D][main:706]: Received frame dest 0x0f cmd 0xe000: 0x05
[22:29:37.236][D][bshdbus:090]: Missed ACK for dest 0x0f of preceding frame
[22:29:37.282][D][bshdbus:061]: Discarding 10 bytes of unparsed data after timeout of 32 ms: 0x0a041fe00105020b6f1a
[22:29:39.236][D][main:706]: Received frame dest 0x0f cmd 0xe000: 0x05
[22:29:39.246][D][bshdbus:090]: Missed ACK for dest 0x0f of preceding frame
[22:29:39.259][D][bshdbus:061]: Discarding 1 bytes of unparsed data after timeout of 24 ms: 0x0a
[22:29:39.267][D][main:706]: Received frame dest 0x1f cmd 0xe001: 0x0502
[22:29:41.228][D][main:706]: Received frame dest 0x0f cmd 0xe000: 0x05
[22:29:41.238][D][bshdbus:090]: Missed ACK for dest 0x0f of preceding frame
[22:29:41.277][D][bshdbus:061]: Discarding 1 bytes of unparsed data after timeout of 27 ms: 0x0a
[22:29:41.283][D][main:706]: Received frame dest 0x1f cmd 0xe001: 0x0502
[22:29:43.237][D][main:706]: Received frame dest 0x0f cmd 0xe000: 0x05
[22:29:43.244][D][bshdbus:090]: Missed ACK for dest 0x0f of preceding frame
[22:29:43.257][D][bshdbus:061]: Discarding 1 bytes of unparsed data after timeout of 22 ms: 0x0a
[22:29:43.265][D][main:706]: Received frame dest 0x1f cmd 0xe001: 0x0502
[22:29:45.246][D][main:706]: Received frame dest 0x0f cmd 0xe000: 0x05
[22:29:45.255][D][bshdbus:090]: Missed ACK for dest 0x0f of preceding frame
[22:29:45.292][D][bshdbus:061]: Discarding 10 bytes of unparsed data after timeout of 32 ms: 0x0a041fe00105020b6f1a
[22:29:46.087][S][sensor]: 'Remaining Time (Smoothed)' >> nan min
[22:29:47.244][D][main:706]: Received frame dest 0x0f cmd 0xe000: 0x05
[22:29:47.252][D][bshdbus:090]: Missed ACK for dest 0x0f of preceding frame
[22:29:47.292][D][bshdbus:061]: Discarding 10 bytes of unparsed data after timeout of 32 ms: 0x0a041fe00105020b6f1a
[22:29:49.247][D][main:706]: Received frame dest 0x0f cmd 0xe000: 0x05
[22:29:49.258][D][bshdbus:090]: Missed ACK for dest 0x0f of preceding frame
[22:29:49.275][D][bshdbus:061]: Discarding 1 bytes of unparsed data after timeout of 29 ms: 0x0a
[22:29:49.283][D][main:706]: Received frame dest 0x1f cmd 0xe001: 0x0502
[22:29:51.238][D][main:706]: Received frame dest 0x0f cmd 0xe000: 0x05
[22:29:51.247][D][bshdbus:090]: Missed ACK for dest 0x0f of preceding frame
[22:29:51.304][D][bshdbus:061]: Discarding 10 bytes of unparsed data after timeout of 32 ms: 0x0a041fe00105020b6f1a
[22:29:53.255][D][main:706]: Received frame dest 0x0f cmd 0xe000: 0x05
[22:29:53.263][D][bshdbus:090]: Missed ACK for dest 0x0f of preceding frame
[22:29:53.290][D][bshdbus:061]: Discarding 1 bytes of unparsed data after timeout of 29 ms: 0x0a
[22:29:53.298][D][main:706]: Received frame dest 0x1f cmd 0xe001: 0x0502
[22:29:55.257][D][main:706]: Received frame dest 0x0f cmd 0xe000: 0x05
[22:29:55.267][D][bshdbus:090]: Missed ACK for dest 0x0f of preceding frame
[22:29:55.309][D][bshdbus:061]: Discarding 10 bytes of unparsed data after timeout of 32 ms: 0x0a041fe00105020b6f1a
[22:29:57.254][D][main:706]: Received frame dest 0x0f cmd 0xe000: 0x05
[22:29:57.263][D][bshdbus:090]: Missed ACK for dest 0x0f of preceding frame
[22:29:57.270][D][bshdbus:061]: Discarding 1 bytes of unparsed data after timeout of 24 ms: 0x0a
[22:29:57.277][D][main:706]: Received frame dest 0x1f cmd 0xe001: 0x0502
[22:29:59.257][D][main:706]: Received frame dest 0x0f cmd 0xe000: 0x05
[22:29:59.280][D][bshdbus:090]: Missed ACK for dest 0x0f of preceding frame
[22:29:59.304][D][bshdbus:061]: Discarding 10 bytes of unparsed data after timeout of 32 ms: 0x0a041fe00105020b6f1a
[22:30:01.267][D][main:706]: Received frame dest 0x0f cmd 0xe000: 0x05
[22:30:01.275][D][bshdbus:090]: Missed ACK for dest 0x0f of preceding frame
[22:30:01.321][D][bshdbus:061]: Discarding 10 bytes of unparsed data after timeout of 32 ms: 0x0a041fe00105020b6f1a
[22:30:03.287][D][main:706]: Received frame dest 0x0f cmd 0xe000: 0x05
[22:30:03.301][D][bshdbus:090]: Missed ACK for dest 0x0f of preceding frame
[22:30:03.309][D][bshdbus:061]: Discarding 1 bytes of unparsed data after timeout of 23 ms: 0x0a
[22:30:03.317][D][main:706]: Received frame dest 0x1f cmd 0xe001: 0x0502
[22:30:05.268][D][main:706]: Received frame dest 0x0f cmd 0xe000: 0x05
[22:30:05.276][D][bshdbus:090]: Missed ACK for dest 0x0f of preceding frame
[22:30:05.291][D][bshdbus:061]: Discarding 1 bytes of unparsed data after timeout of 25 ms: 0x0a
[22:30:05.297][D][main:706]: Received frame dest 0x1f cmd 0xe001: 0x0502
[22:30:07.297][D][main:706]: Received frame dest 0x0f cmd 0xe000: 0x05
[22:30:07.307][D][bshdbus:090]: Missed ACK for dest 0x0f of preceding frame
[22:30:07.334][D][bshdbus:061]: Discarding 10 bytes of unparsed data after timeout of 33 ms: 0x0a041fe00105020b6f1a
[22:30:09.268][D][main:706]: Received frame dest 0x0f cmd 0xe000: 0x05
[22:30:09.279][D][bshdbus:090]: Missed ACK for dest 0x0f of preceding frame
[22:30:09.316][D][bshdbus:061]: Discarding 10 bytes of unparsed data after timeout of 32 ms: 0x0a041fe00105020b6f1a
[22:30:11.277][D][main:706]: Received frame dest 0x0f cmd 0xe000: 0x05
[22:30:11.287][D][bshdbus:090]: Missed ACK for dest 0x0f of preceding frame
[22:30:11.304][D][bshdbus:061]: Discarding 1 bytes of unparsed data after timeout of 27 ms: 0x0a
[22:30:11.310][D][main:706]: Received frame dest 0x1f cmd 0xe001: 0x0502
[22:30:13.287][D][main:706]: Received frame dest 0x0f cmd 0xe000: 0x05
[22:30:13.350][D][bshdbus:090]: Missed ACK for dest 0x0f of preceding frame
[22:30:13.357][D][bshdbus:061]: Discarding 1 bytes of unparsed data after timeout of 21 ms: 0x0a
[22:30:13.364][D][main:706]: Received frame dest 0x1f cmd 0xe001: 0x0502
[22:30:15.278][D][main:706]: Received frame dest 0x0f cmd 0xe000: 0x05
[22:30:15.286][D][bshdbus:090]: Missed ACK for dest 0x0f of preceding frame
[22:30:15.330][D][bshdbus:061]: Discarding 10 bytes of unparsed data after timeout of 32 ms: 0x0a041fe00105020b6f1a
[22:30:15.593][S][sensor]: 'Uptime s' >> 781 s
[22:30:16.082][S][sensor]: 'Remaining Time (Smoothed)' >> nan min
[22:30:16.592][S][sensor]: 'ESP Internal Temperature' >> 54.3 °C
[22:30:17.298][D][main:706]: Received frame dest 0x0f cmd 0xe000: 0x05
[22:30:17.305][D][bshdbus:090]: Missed ACK for dest 0x0f of preceding frame
[22:30:17.341][D][bshdbus:061]: Discarding 10 bytes of unparsed data after timeout of 32 ms: 0x0a041fe00105020b6f1a
[22:30:17.602][S][text_sensor]: 'Uptime' >> '00d 00h 13m 1s'
[22:30:18.448][S][sensor]: 'WiFi RSSI' >> -79 dBm
[22:30:19.298][D][main:706]: Received frame dest 0x0f cmd 0xe000: 0x05
[22:30:19.309][D][bshdbus:090]: Missed ACK for dest 0x0f of preceding frame
[22:30:19.351][D][bshdbus:061]: Discarding 10 bytes of unparsed data after timeout of 32 ms: 0x0a041fe00105020b6f1a
[22:30:21.290][D][main:706]: Received frame dest 0x0f cmd 0xe000: 0x05
[22:30:21.312][D][bshdbus:090]: Missed ACK for dest 0x0f of preceding frame
[22:30:21.318][D][bshdbus:061]: Discarding 1 bytes of unparsed data after timeout of 26 ms: 0x0a
[22:30:21.324][D][main:706]: Received frame dest 0x1f cmd 0xe001: 0x0502
[22:30:23.307][D][main:706]: Received frame dest 0x0f cmd 0xe000: 0x05
[22:30:23.320][D][bshdbus:090]: Missed ACK for dest 0x0f of preceding frame
[22:30:23.351][D][bshdbus:061]: Discarding 10 bytes of unparsed data after timeout of 32 ms: 0x0a041fe00105020b6f1a
[22:30:25.308][D][main:706]: Received frame dest 0x0f cmd 0xe000: 0x05
[22:30:25.315][D][bshdbus:090]: Missed ACK for dest 0x0f of preceding frame
[22:30:25.357][D][bshdbus:061]: Discarding 10 bytes of unparsed data after timeout of 32 ms: 0x0a041fe00105020b6f1a
[22:30:27.299][D][main:706]: Received frame dest 0x0f cmd 0xe000: 0x05
[22:30:27.310][D][bshdbus:090]: Missed ACK for dest 0x0f of preceding frame
[22:30:27.351][D][bshdbus:061]: Discarding 10 bytes of unparsed data after timeout of 32 ms: 0x0a041fe00105020b6f1a
[22:30:29.309][D][main:706]: Received frame dest 0x0f cmd 0xe000: 0x05
[22:30:29.317][D][bshdbus:090]: Missed ACK for dest 0x0f of preceding frame
[22:30:29.333][D][bshdbus:061]: Discarding 1 bytes of unparsed data after timeout of 26 ms: 0x0a
[22:30:29.341][D][main:706]: Received frame dest 0x1f cmd 0xe001: 0x0502
[22:30:31.324][D][main:706]: Received frame dest 0x0f cmd 0xe000: 0x05
[22:30:31.352][D][bshdbus:090]: Missed ACK for dest 0x0f of preceding frame
[22:30:31.364][D][bshdbus:061]: Discarding 10 bytes of unparsed data after timeout of 32 ms: 0x0a041fe00105020b6f1a
[22:30:33.318][D][main:706]: Received frame dest 0x0f cmd 0xe000: 0x05
[22:30:33.361][D][bshdbus:090]: Missed ACK for dest 0x0f of preceding frame
[22:30:33.368][D][bshdbus:061]: Discarding 1 bytes of unparsed data after timeout of 27 ms: 0x0a
[22:30:33.373][D][main:706]: Received frame dest 0x1f cmd 0xe001: 0x0502
[22:30:35.320][D][main:706]: Received frame dest 0x0f cmd 0xe000: 0x05
[22:30:35.328][D][bshdbus:090]: Missed ACK for dest 0x0f of preceding frame
[22:30:35.339][D][bshdbus:061]: Discarding 1 bytes of unparsed data after timeout of 21 ms: 0x0a
[22:30:35.345][D][main:706]: Received frame dest 0x1f cmd 0xe001: 0x0502
[22:30:37.329][D][main:706]: Received frame dest 0x0f cmd 0xe000: 0x05
[22:30:37.337][D][bshdbus:090]: Missed ACK for dest 0x0f of preceding frame
[22:30:37.354][D][bshdbus:061]: Discarding 1 bytes of unparsed data after timeout of 25 ms: 0x0a
[22:30:37.378][D][main:706]: Received frame dest 0x1f cmd 0xe001: 0x0502
[22:30:39.319][D][main:706]: Received frame dest 0x0f cmd 0xe000: 0x05
[22:30:39.331][D][bshdbus:090]: Missed ACK for dest 0x0f of preceding frame
[22:30:39.373][D][bshdbus:061]: Discarding 10 bytes of unparsed data after timeout of 32 ms: 0x0a041fe00105020b6f1a
[22:30:41.330][D][main:706]: Received frame dest 0x0f cmd 0xe000: 0x05
[22:30:41.337][D][bshdbus:090]: Missed ACK for dest 0x0f of preceding frame
[22:30:41.360][D][bshdbus:061]: Discarding 1 bytes of unparsed data after timeout of 25 ms: 0x0a
[22:30:41.366][D][main:706]: Received frame dest 0x1f cmd 0xe001: 0x0502
[22:30:43.319][D][main:706]: Received frame dest 0x0f cmd 0xe000: 0x05
[22:30:43.360][D][bshdbus:090]: Missed ACK for dest 0x0f of preceding frame
[22:30:43.367][D][bshdbus:061]: Discarding 10 bytes of unparsed data after timeout of 32 ms: 0x0a041fe00105020b6f1a
[22:30:45.372][D][main:706]: Received frame dest 0x0f cmd 0xe000: 0x05
[22:30:45.437][D][bshdbus:090]: Missed ACK for dest 0x0f of preceding frame
[22:30:45.447][D][bshdbus:061]: Discarding 1 bytes of unparsed data after timeout of 23 ms: 0x0a
[22:30:45.454][D][main:706]: Received frame dest 0x1f cmd 0xe001: 0x0502
[22:30:46.093][S][sensor]: 'Remaining Time (Smoothed)' >> nan min
[22:30:47.339][D][main:706]: Received frame dest 0x0f cmd 0xe000: 0x05
[22:30:47.347][D][bshdbus:090]: Missed ACK for dest 0x0f of preceding frame
[22:30:47.407][D][bshdbus:061]: Discarding 10 bytes of unparsed data after timeout of 32 ms: 0x0a041fe00105020b6f1a
[22:30:49.330][D][main:706]: Received frame dest 0x0f cmd 0xe000: 0x05
[22:30:49.349][D][bshdbus:090]: Missed ACK for dest 0x0f of preceding frame
[22:30:49.359][D][bshdbus:061]: Discarding 1 bytes of unparsed data after timeout of 29 ms: 0x0a
[22:30:49.366][D][main:706]: Received frame dest 0x1f cmd 0xe001: 0x0502
[22:30:51.345][D][main:706]: Received frame dest 0x0f cmd 0xe000: 0x05
[22:30:51.356][D][bshdbus:090]: Missed ACK for dest 0x0f of preceding frame
[22:30:51.380][D][bshdbus:061]: Discarding 1 bytes of unparsed data after timeout of 25 ms: 0x0a
[22:30:51.389][D][main:706]: Received frame dest 0x1f cmd 0xe001: 0x0502
[22:30:53.354][D][main:706]: Received frame dest 0x0f cmd 0xe000: 0x05
[22:30:53.394][D][bshdbus:090]: Missed ACK for dest 0x0f of preceding frame
[22:30:53.400][D][bshdbus:061]: Discarding 1 bytes of unparsed data after timeout of 22 ms: 0x0a
[22:30:53.405][D][main:706]: Received frame dest 0x1f cmd 0xe001: 0x0502
[22:30:55.341][D][main:706]: Received frame dest 0x0f cmd 0xe000: 0x05
[22:30:55.346][D][bshdbus:090]: Missed ACK for dest 0x0f of preceding frame
[22:30:55.361][D][bshdbus:061]: Discarding 1 bytes of unparsed data after timeout of 22 ms: 0x0a
[22:30:55.366][D][main:706]: Received frame dest 0x1f cmd 0xe001: 0x0502
[22:30:57.351][D][main:706]: Received frame dest 0x0f cmd 0xe000: 0x05
[22:30:57.357][D][bshdbus:090]: Missed ACK for dest 0x0f of preceding frame
[22:30:57.406][D][bshdbus:061]: Discarding 10 bytes of unparsed data after timeout of 32 ms: 0x0a041fe00105020b6f1a
[22:30:59.359][D][main:706]: Received frame dest 0x0f cmd 0xe000: 0x05
[22:30:59.365][D][bshdbus:090]: Missed ACK for dest 0x0f of preceding frame
[22:30:59.386][D][bshdbus:061]: Discarding 1 bytes of unparsed data after timeout of 28 ms: 0x0a
[22:30:59.401][D][main:706]: Received frame dest 0x1f cmd 0xe001: 0x0502
[22:31:01.351][D][main:706]: Received frame dest 0x0f cmd 0xe000: 0x05
[22:31:01.358][D][bshdbus:090]: Missed ACK for dest 0x0f of preceding frame
[22:31:01.379][D][bshdbus:061]: Discarding 1 bytes of unparsed data after timeout of 28 ms: 0x0a
[22:31:01.386][D][main:706]: Received frame dest 0x1f cmd 0xe001: 0x0502
[22:31:03.364][D][main:706]: Received frame dest 0x0f cmd 0xe000: 0x05
[22:31:03.372][D][bshdbus:090]: Missed ACK for dest 0x0f of preceding frame
[22:31:03.411][D][bshdbus:061]: Discarding 10 bytes of unparsed data after timeout of 32 ms: 0x0a041fe00105020b6f1a
[22:31:05.389][D][main:706]: Received frame dest 0x0f cmd 0xe000: 0x05
[22:31:05.396][D][bshdbus:090]: Missed ACK for dest 0x0f of preceding frame
[22:31:05.402][D][bshdbus:061]: Discarding 1 bytes of unparsed data after timeout of 27 ms: 0x0a
[22:31:05.408][D][main:706]: Received frame dest 0x1f cmd 0xe001: 0x0502
[22:31:07.370][D][main:706]: Received frame dest 0x0f cmd 0xe000: 0x05
[22:31:07.377][D][bshdbus:090]: Missed ACK for dest 0x0f of preceding frame
[22:31:07.387][D][bshdbus:061]: Discarding 1 bytes of unparsed data after timeout of 23 ms: 0x0a
[22:31:07.408][D][main:706]: Received frame dest 0x1f cmd 0xe001: 0x0502
[22:31:09.371][D][main:706]: Received frame dest 0x0f cmd 0xe000: 0x05
[22:31:09.378][D][bshdbus:090]: Missed ACK for dest 0x0f of preceding frame
[22:31:09.394][D][bshdbus:061]: Discarding 1 bytes of unparsed data after timeout of 24 ms: 0x0a
[22:31:09.422][D][main:706]: Received frame dest 0x1f cmd 0xe001: 0x0502
[22:31:11.380][D][main:706]: Received frame dest 0x0f cmd 0xe000: 0x05
[22:31:11.387][D][bshdbus:090]: Missed ACK for dest 0x0f of preceding frame
[22:31:11.403][D][bshdbus:061]: Discarding 1 bytes of unparsed data after timeout of 24 ms: 0x0a
[22:31:11.409][D][main:706]: Received frame dest 0x1f cmd 0xe001: 0x0502
[22:31:13.371][D][main:706]: Received frame dest 0x0f cmd 0xe000: 0x05
[22:31:13.378][D][bshdbus:090]: Missed ACK for dest 0x0f of preceding frame
[22:31:13.413][D][bshdbus:061]: Discarding 1 bytes of unparsed data after timeout of 29 ms: 0x0a
[22:31:13.419][D][main:706]: Received frame dest 0x1f cmd 0xe001: 0x0502
[22:31:15.380][D][main:706]: Received frame dest 0x0f cmd 0xe000: 0x05
[22:31:15.387][D][bshdbus:090]: Missed ACK for dest 0x0f of preceding frame
[22:31:15.409][D][bshdbus:061]: Discarding 1 bytes of unparsed data after timeout of 28 ms: 0x0a
[22:31:15.415][D][main:706]: Received frame dest 0x1f cmd 0xe001: 0x0502
[22:31:15.588][S][sensor]: 'Uptime s' >> 841 s
[22:31:16.119][S][sensor]: 'Remaining Time (Smoothed)' >> nan min
[22:31:16.588][S][sensor]: 'ESP Internal Temperature' >> 54.3 °C
[22:31:17.394][D][main:706]: Received frame dest 0x0f cmd 0xe000: 0x05
[22:31:17.423][D][bshdbus:090]: Missed ACK for dest 0x0f of preceding frame
[22:31:17.430][D][bshdbus:061]: Discarding 1 bytes of unparsed data after timeout of 26 ms: 0x0a
[22:31:17.436][D][main:706]: Received frame dest 0x1f cmd 0xe001: 0x0502
[22:31:17.595][S][text_sensor]: 'Uptime' >> '00d 00h 14m 1s'
[22:31:18.446][S][sensor]: 'WiFi RSSI' >> -78 dBm
[22:31:19.381][D][main:706]: Received frame dest 0x0f cmd 0xe000: 0x05
[22:31:19.386][D][bshdbus:090]: Missed ACK for dest 0x0f of preceding frame
[22:31:19.432][D][bshdbus:061]: Discarding 10 bytes of unparsed data after timeout of 32 ms: 0x0a041fe00105020b6f1a
[22:31:21.402][D][main:706]: Received frame dest 0x0f cmd 0xe000: 0x05
[22:31:21.417][D][bshdbus:090]: Missed ACK for dest 0x0f of preceding frame
[22:31:21.423][D][bshdbus:061]: Discarding 1 bytes of unparsed data after timeout of 30 ms: 0x0a
[22:31:21.428][D][main:706]: Received frame dest 0x1f cmd 0xe001: 0x0502
[22:31:23.382][D][main:706]: Received frame dest 0x0f cmd 0xe000: 0x05
[22:31:23.388][D][bshdbus:090]: Missed ACK for dest 0x0f of preceding frame
[22:31:23.447][D][bshdbus:061]: Discarding 10 bytes of unparsed data after timeout of 32 ms: 0x0a041fe00105020b6f1a
[22:31:25.394][D][main:706]: Received frame dest 0x0f cmd 0xe000: 0x05
[22:31:25.401][D][bshdbus:090]: Missed ACK for dest 0x0f of preceding frame
[22:31:25.440][D][bshdbus:061]: Discarding 10 bytes of unparsed data after timeout of 32 ms: 0x0a041fe00105020b6f1a
[22:31:27.401][D][main:706]: Received frame dest 0x0f cmd 0xe000: 0x05
[22:31:27.408][D][bshdbus:090]: Missed ACK for dest 0x0f of preceding frame
[22:31:27.453][D][bshdbus:061]: Discarding 10 bytes of unparsed data after timeout of 32 ms: 0x0a041fe00105020b6f1a
[22:31:29.426][D][main:706]: Received frame dest 0x0f cmd 0xe000: 0x05
[22:31:29.433][D][bshdbus:090]: Missed ACK for dest 0x0f of preceding frame
[22:31:29.446][D][bshdbus:061]: Discarding 10 bytes of unparsed data after timeout of 32 ms: 0x0a041fe00105020b6f1a
[22:31:31.411][D][main:706]: Received frame dest 0x0f cmd 0xe000: 0x05
[22:31:31.457][D][bshdbus:090]: Missed ACK for dest 0x0f of preceding frame
[22:31:31.464][D][bshdbus:061]: Discarding 10 bytes of unparsed data after timeout of 33 ms: 0x0a041fe00105020b6f1a
[22:31:33.411][D][main:706]: Received frame dest 0x0f cmd 0xe000: 0x05
[22:31:33.429][D][bshdbus:090]: Missed ACK for dest 0x0f of preceding frame
[22:31:33.467][D][bshdbus:061]: Discarding 10 bytes of unparsed data after timeout of 33 ms: 0x0a041fe00105020b6f1a
[22:31:35.403][D][main:706]: Received frame dest 0x0f cmd 0xe000: 0x05
[22:31:35.409][D][bshdbus:090]: Missed ACK for dest 0x0f of preceding frame
[22:31:35.446][D][bshdbus:061]: Discarding 1 bytes of unparsed data after timeout of 22 ms: 0x0a
[22:31:35.480][D][main:706]: Received frame dest 0x1f cmd 0xe001: 0x0502
[22:31:37.412][D][main:706]: Received frame dest 0x0f cmd 0xe000: 0x05
[22:31:37.418][D][bshdbus:090]: Missed ACK for dest 0x0f of preceding frame
[22:31:37.462][D][bshdbus:061]: Discarding 10 bytes of unparsed data after timeout of 32 ms: 0x0a041fe00105020b6f1a
[22:31:39.424][D][main:706]: Received frame dest 0x0f cmd 0xe000: 0x05
[22:31:39.441][D][bshdbus:090]: Missed ACK for dest 0x0f of preceding frame
[22:31:39.473][D][bshdbus:061]: Discarding 10 bytes of unparsed data after timeout of 32 ms: 0x0a041fe00105020b6f1a
[22:31:41.412][D][main:706]: Received frame dest 0x0f cmd 0xe000: 0x05
[22:31:41.420][D][bshdbus:090]: Missed ACK for dest 0x0f of preceding frame
[22:31:41.439][D][bshdbus:061]: Discarding 1 bytes of unparsed data after timeout of 28 ms: 0x0a
[22:31:41.446][D][main:706]: Received frame dest 0x1f cmd 0xe001: 0x0502
[22:31:43.422][D][main:706]: Received frame dest 0x0f cmd 0xe000: 0x05
[22:31:43.436][D][bshdbus:090]: Missed ACK for dest 0x0f of preceding frame
[22:31:43.475][D][bshdbus:061]: Discarding 10 bytes of unparsed data after timeout of 33 ms: 0x0a041fe00105020b6f1a
[22:31:45.432][D][main:706]: Received frame dest 0x0f cmd 0xe000: 0x05
[22:31:45.439][D][bshdbus:090]: Missed ACK for dest 0x0f of preceding frame
[22:31:45.483][D][bshdbus:061]: Discarding 10 bytes of unparsed data after timeout of 32 ms: 0x0a041fe00105020b6f1a
[22:31:46.090][S][sensor]: 'Remaining Time (Smoothed)' >> nan min
[22:31:47.423][D][main:706]: Received frame dest 0x0f cmd 0xe000: 0x05
[22:31:47.439][D][bshdbus:090]: Missed ACK for dest 0x0f of preceding frame
[22:31:47.475][D][bshdbus:061]: Discarding 10 bytes of unparsed data after timeout of 32 ms: 0x0a041fe00105020b6f1a
[22:31:49.432][D][main:706]: Received frame dest 0x0f cmd 0xe000: 0x05
[22:31:49.442][D][bshdbus:090]: Missed ACK for dest 0x0f of preceding frame
[22:31:49.485][D][bshdbus:061]: Discarding 10 bytes of unparsed data after timeout of 32 ms: 0x0a041fe00105020b6f1a
[22:31:51.441][D][main:706]: Received frame dest 0x0f cmd 0xe000: 0x05
[22:31:51.449][D][bshdbus:090]: Missed ACK for dest 0x0f of preceding frame
[22:31:51.461][D][bshdbus:061]: Discarding 1 bytes of unparsed data after timeout of 22 ms: 0x0a
[22:31:51.467][D][main:706]: Received frame dest 0x1f cmd 0xe001: 0x0502
[22:31:53.433][D][main:706]: Received frame dest 0x0f cmd 0xe000: 0x05
[22:31:53.442][D][bshdbus:090]: Missed ACK for dest 0x0f of preceding frame
[22:31:53.466][D][bshdbus:061]: Discarding 1 bytes of unparsed data after timeout of 27 ms: 0x0a
[22:31:53.471][D][main:706]: Received frame dest 0x1f cmd 0xe001: 0x0502
[22:31:55.446][D][main:706]: Received frame dest 0x0f cmd 0xe000: 0x05
[22:31:55.455][D][bshdbus:090]: Missed ACK for dest 0x0f of preceding frame
[22:31:55.500][D][bshdbus:061]: Discarding 10 bytes of unparsed data after timeout of 32 ms: 0x0a041fe00105020b6f1a
[22:31:57.452][D][main:706]: Received frame dest 0x0f cmd 0xe000: 0x05
[22:31:57.463][D][bshdbus:090]: Missed ACK for dest 0x0f of preceding frame
[22:31:57.503][D][bshdbus:061]: Discarding 10 bytes of unparsed data after timeout of 32 ms: 0x0a041fe00105020b6f1a
[22:31:59.443][D][main:706]: Received frame dest 0x0f cmd 0xe000: 0x05
[22:31:59.451][D][bshdbus:090]: Missed ACK for dest 0x0f of preceding frame
[22:31:59.472][D][bshdbus:061]: Discarding 1 bytes of unparsed data after timeout of 30 ms: 0x0a
[22:31:59.481][D][main:706]: Received frame dest 0x1f cmd 0xe001: 0x0502
[22:32:01.455][D][main:706]: Received frame dest 0x0f cmd 0xe000: 0x05
[22:32:01.463][D][bshdbus:090]: Missed ACK for dest 0x0f of preceding frame
[22:32:01.558][D][bshdbus:061]: Discarding 1 bytes of unparsed data after timeout of 27 ms: 0x0a
[22:32:01.565][D][main:706]: Received frame dest 0x1f cmd 0xe001: 0x0502
[22:32:03.462][D][main:706]: Received frame dest 0x0f cmd 0xe000: 0x05
[22:32:03.477][D][bshdbus:090]: Missed ACK for dest 0x0f of preceding frame
[22:32:03.490][D][bshdbus:061]: Discarding 1 bytes of unparsed data after timeout of 27 ms: 0x0a
[22:32:03.496][D][main:706]: Received frame dest 0x1f cmd 0xe001: 0x0502
[22:32:05.453][D][main:706]: Received frame dest 0x0f cmd 0xe000: 0x05
[22:32:05.460][D][bshdbus:090]: Missed ACK for dest 0x0f of preceding frame
[22:32:05.505][D][bshdbus:061]: Discarding 10 bytes of unparsed data after timeout of 32 ms: 0x0a041fe00105020b6f1a
[22:32:07.462][D][main:706]: Received frame dest 0x0f cmd 0xe000: 0x05
[22:32:07.484][D][bshdbus:090]: Missed ACK for dest 0x0f of preceding frame
[22:32:07.503][D][bshdbus:061]: Discarding 1 bytes of unparsed data after timeout of 26 ms: 0x0a
[22:32:07.510][D][main:706]: Received frame dest 0x1f cmd 0xe001: 0x0502
[22:32:09.472][D][main:706]: Received frame dest 0x0f cmd 0xe000: 0x05
[22:32:09.480][D][bshdbus:090]: Missed ACK for dest 0x0f of preceding frame
[22:32:09.497][D][bshdbus:061]: Discarding 1 bytes of unparsed data after timeout of 24 ms: 0x0a
[22:32:09.504][D][main:706]: Received frame dest 0x1f cmd 0xe001: 0x0502
[22:32:11.463][D][main:706]: Received frame dest 0x0f cmd 0xe000: 0x05
[22:32:11.494][D][bshdbus:090]: Missed ACK for dest 0x0f of preceding frame
[22:32:11.506][D][bshdbus:061]: Discarding 1 bytes of unparsed data after timeout of 33 ms: 0x0a
[22:32:11.512][D][main:706]: Received frame dest 0x1f cmd 0xe001: 0x0502
[22:32:13.476][D][main:706]: Received frame dest 0x0f cmd 0xe000: 0x05
[22:32:13.490][D][bshdbus:090]: Missed ACK for dest 0x0f of preceding frame
[22:32:13.498][D][bshdbus:061]: Discarding 1 bytes of unparsed data after timeout of 27 ms: 0x0a
[22:32:13.505][D][main:706]: Received frame dest 0x1f cmd 0xe001: 0x0502
[22:32:15.468][D][main:706]: Received frame dest 0x0f cmd 0xe000: 0x05
[22:32:15.475][D][bshdbus:090]: Missed ACK for dest 0x0f of preceding frame
[22:32:15.514][D][bshdbus:061]: Discarding 10 bytes of unparsed data after timeout of 32 ms: 0x0a041fe00105020b6f1a
[22:32:15.584][S][sensor]: 'Uptime s' >> 901 s
[22:32:16.062][S][sensor]: 'Remaining Time (Smoothed)' >> nan min
[22:32:16.576][S][sensor]: 'ESP Internal Temperature' >> 53.3 °C
[22:32:17.474][D][main:706]: Received frame dest 0x0f cmd 0xe000: 0x05
[22:32:17.480][D][bshdbus:090]: Missed ACK for dest 0x0f of preceding frame
[22:32:17.499][D][bshdbus:061]: Discarding 1 bytes of unparsed data after timeout of 26 ms: 0x0a
[22:32:17.508][D][main:706]: Received frame dest 0x1f cmd 0xe001: 0x0502
[22:32:17.600][S][text_sensor]: 'Uptime' >> '00d 00h 15m 1s'
[22:32:18.451][S][sensor]: 'WiFi RSSI' >> -78 dBm
[22:32:19.429][D][wifi:2485]: Roam scan (-78 dBm, attempt 3/3)
[22:32:19.770][D][main:706]: Received frame dest 0x0f cmd 0xe000: 0x05
[22:32:19.777][D][bshdbus:090]: Missed ACK for dest 0x0f of preceding frame
[22:32:19.782][D][bshdbus:061]: Discarding 1 bytes of unparsed data after timeout of 30 ms: 0x0a
[22:32:19.788][D][main:706]: Received frame dest 0x1f cmd 0xe001: 0x0502
[22:32:19.915][D][sntp:099]: Synchronized time: 2026-09-18 22:32:45
[22:32:21.752][D][main:706]: Received frame dest 0x0f cmd 0xe000: 0x05
[22:32:21.759][D][bshdbus:090]: Missed ACK for dest 0x0f of preceding frame
[22:32:21.764][D][bshdbus:061]: Discarding 1 bytes of unparsed data after timeout of 29 ms: 0x0a
[22:32:21.770][D][main:706]: Received frame dest 0x1f cmd 0xe001: 0x0502
[22:32:23.484][D][main:706]: Received frame dest 0x0f cmd 0xe000: 0x05
[22:32:23.490][D][bshdbus:090]: Missed ACK for dest 0x0f of preceding frame
[22:32:23.534][D][bshdbus:061]: Discarding 10 bytes of unparsed data after timeout of 32 ms: 0x0a041fe00105020b6f1a
[22:32:25.505][D][main:706]: Received frame dest 0x0f cmd 0xe000: 0x05
[22:32:25.522][D][bshdbus:090]: Missed ACK for dest 0x0f of preceding frame
[22:32:25.545][D][bshdbus:061]: Discarding 10 bytes of unparsed data after timeout of 32 ms: 0x0a041fe00105020b6f1a
[22:32:27.484][D][main:706]: Received frame dest 0x0f cmd 0xe000: 0x05
[22:32:27.490][D][bshdbus:090]: Missed ACK for dest 0x0f of preceding frame
[22:32:27.561][D][bshdbus:061]: Discarding 10 bytes of unparsed data after timeout of 32 ms: 0x0a041fe00105020b6f1a
[22:32:29.498][D][main:706]: Received frame dest 0x0f cmd 0xe000: 0x05
[22:32:29.522][D][bshdbus:090]: Missed ACK for dest 0x0f of preceding frame
[22:32:29.540][D][bshdbus:061]: Discarding 10 bytes of unparsed data after timeout of 32 ms: 0x0a041fe00105020b6f1a
[22:32:31.503][D][main:706]: Received frame dest 0x0f cmd 0xe000: 0x05
[22:32:31.510][D][bshdbus:090]: Missed ACK for dest 0x0f of preceding frame
[22:32:31.528][D][bshdbus:061]: Discarding 1 bytes of unparsed data after timeout of 26 ms: 0x0a
[22:32:31.538][D][main:706]: Received frame dest 0x1f cmd 0xe001: 0x0502
[22:32:33.494][D][main:706]: Received frame dest 0x0f cmd 0xe000: 0x05
[22:32:33.508][D][bshdbus:090]: Missed ACK for dest 0x0f of preceding frame
[22:32:33.516][D][bshdbus:061]: Discarding 1 bytes of unparsed data after timeout of 23 ms: 0x0a
[22:32:33.523][D][main:706]: Received frame dest 0x1f cmd 0xe001: 0x0502
[22:32:35.506][D][main:706]: Received frame dest 0x0f cmd 0xe000: 0x05
[22:32:35.513][D][bshdbus:090]: Missed ACK for dest 0x0f of preceding frame
[22:32:35.562][D][bshdbus:061]: Discarding 10 bytes of unparsed data after timeout of 32 ms: 0x0a041fe00105020b6f1a
[22:32:37.514][D][main:706]: Received frame dest 0x0f cmd 0xe000: 0x05
[22:32:37.523][D][bshdbus:090]: Missed ACK for dest 0x0f of preceding frame
[22:32:37.563][D][bshdbus:061]: Discarding 10 bytes of unparsed data after timeout of 32 ms: 0x0a041fe00105020b6f1a
[22:32:39.505][D][main:706]: Received frame dest 0x0f cmd 0xe000: 0x05
[22:32:39.511][D][bshdbus:090]: Missed ACK for dest 0x0f of preceding frame
[22:32:39.556][D][bshdbus:061]: Discarding 10 bytes of unparsed data after timeout of 32 ms: 0x0a041fe00105020b6f1a
[22:32:41.514][D][main:706]: Received frame dest 0x0f cmd 0xe000: 0x05
[22:32:41.521][D][bshdbus:090]: Missed ACK for dest 0x0f of preceding frame
[22:32:41.564][D][bshdbus:061]: Discarding 10 bytes of unparsed data after timeout of 32 ms: 0x0a041fe00105020b6f1a
[22:32:43.526][D][main:706]: Received frame dest 0x0f cmd 0xe000: 0x05
[22:32:43.536][D][bshdbus:090]: Missed ACK for dest 0x0f of preceding frame
[22:32:43.574][D][bshdbus:061]: Discarding 1 bytes of unparsed data after timeout of 30 ms: 0x0a
[22:32:43.580][D][main:706]: Received frame dest 0x1f cmd 0xe001: 0x0502
[22:32:45.515][D][main:706]: Received frame dest 0x0f cmd 0xe000: 0x05
[22:32:45.530][D][bshdbus:090]: Missed ACK for dest 0x0f of preceding frame
[22:32:45.544][D][bshdbus:061]: Discarding 1 bytes of unparsed data after timeout of 25 ms: 0x0a
[22:32:45.552][D][main:706]: Received frame dest 0x1f cmd 0xe001: 0x0502
[22:32:46.071][S][sensor]: 'Remaining Time (Smoothed)' >> nan min
[22:32:47.525][D][main:706]: Received frame dest 0x0f cmd 0xe000: 0x05
[22:32:47.536][D][bshdbus:090]: Missed ACK for dest 0x0f of preceding frame
[22:32:47.548][D][bshdbus:061]: Discarding 1 bytes of unparsed data after timeout of 24 ms: 0x0a
[22:32:47.556][D][main:706]: Received frame dest 0x1f cmd 0xe001: 0x0502
[22:32:49.535][D][main:706]: Received frame dest 0x0f cmd 0xe000: 0x05
[22:32:49.542][D][bshdbus:090]: Missed ACK for dest 0x0f of preceding frame
[22:32:49.588][D][bshdbus:061]: Discarding 10 bytes of unparsed data after timeout of 32 ms: 0x0a041fe00105020b6f1a
[22:32:51.526][D][main:706]: Received frame dest 0x0f cmd 0xe000: 0x05
[22:32:51.534][D][bshdbus:090]: Missed ACK for dest 0x0f of preceding frame
[22:32:51.555][D][bshdbus:061]: Discarding 1 bytes of unparsed data after timeout of 29 ms: 0x0a
[22:32:51.561][D][main:706]: Received frame dest 0x1f cmd 0xe001: 0x0502
[22:32:53.534][D][main:706]: Received frame dest 0x0f cmd 0xe000: 0x05
[22:32:53.541][D][bshdbus:090]: Missed ACK for dest 0x0f of preceding frame
[22:32:53.587][D][bshdbus:061]: Discarding 10 bytes of unparsed data after timeout of 32 ms: 0x0a041fe00105020b6f1a
[22:32:55.544][D][main:706]: Received frame dest 0x0f cmd 0xe000: 0x05
[22:32:55.553][D][bshdbus:090]: Missed ACK for dest 0x0f of preceding frame
[22:32:55.566][D][bshdbus:061]: Discarding 1 bytes of unparsed data after timeout of 24 ms: 0x0a
[22:32:55.575][D][main:706]: Received frame dest 0x1f cmd 0xe001: 0x0502
[22:32:57.535][D][main:706]: Received frame dest 0x0f cmd 0xe000: 0x05
[22:32:57.543][D][bshdbus:090]: Missed ACK for dest 0x0f of preceding frame
[22:32:57.586][D][bshdbus:061]: Discarding 10 bytes of unparsed data after timeout of 32 ms: 0x0a041fe00105020b6f1a
[22:32:59.544][D][main:706]: Received frame dest 0x0f cmd 0xe000: 0x05
[22:32:59.552][D][bshdbus:090]: Missed ACK for dest 0x0f of preceding frame
[22:32:59.603][D][bshdbus:061]: Discarding 10 bytes of unparsed data after timeout of 32 ms: 0x0a041fe00105020b6f1a
[22:33:01.614][D][main:706]: Received frame dest 0x0f cmd 0xe000: 0x05
[22:33:01.620][D][bshdbus:090]: Missed ACK for dest 0x0f of preceding frame
[22:33:01.626][D][bshdbus:061]: Discarding 1 bytes of unparsed data after timeout of 21 ms: 0x0a
[22:33:01.632][D][main:706]: Received frame dest 0x1f cmd 0xe001: 0x0502
[22:33:03.545][D][main:706]: Received frame dest 0x0f cmd 0xe000: 0x05
[22:33:03.552][D][bshdbus:090]: Missed ACK for dest 0x0f of preceding frame
[22:33:03.569][D][bshdbus:061]: Discarding 1 bytes of unparsed data after timeout of 26 ms: 0x0a
[22:33:03.575][D][main:706]: Received frame dest 0x1f cmd 0xe001: 0x0502
[22:33:05.555][D][main:706]: Received frame dest 0x0f cmd 0xe000: 0x05
[22:33:05.564][D][bshdbus:090]: Missed ACK for dest 0x0f of preceding frame
[22:33:05.593][D][bshdbus:061]: Discarding 1 bytes of unparsed data after timeout of 22 ms: 0x0a
[22:33:05.600][D][main:706]: Received frame dest 0x1f cmd 0xe001: 0x0502
[22:33:07.564][D][main:706]: Received frame dest 0x0f cmd 0xe000: 0x05
[22:33:07.571][D][bshdbus:090]: Missed ACK for dest 0x0f of preceding frame
[22:33:07.616][D][bshdbus:061]: Discarding 10 bytes of unparsed data after timeout of 32 ms: 0x0a041fe00105020b6f1a
[22:33:09.554][D][main:706]: Received frame dest 0x0f cmd 0xe000: 0x05
[22:33:09.560][D][bshdbus:090]: Missed ACK for dest 0x0f of preceding frame
[22:33:09.584][D][bshdbus:061]: Discarding 1 bytes of unparsed data after timeout of 29 ms: 0x0a
[22:33:09.590][D][main:706]: Received frame dest 0x1f cmd 0xe001: 0x0502
[22:33:11.564][D][main:706]: Received frame dest 0x0f cmd 0xe000: 0x05
[22:33:11.574][D][bshdbus:090]: Missed ACK for dest 0x0f of preceding frame
[22:33:11.588][D][bshdbus:061]: Discarding 1 bytes of unparsed data after timeout of 23 ms: 0x0a
[22:33:11.600][D][main:706]: Received frame dest 0x1f cmd 0xe001: 0x0502
[22:33:13.556][D][main:706]: Received frame dest 0x0f cmd 0xe000: 0x05
[22:33:13.564][D][bshdbus:090]: Missed ACK for dest 0x0f of preceding frame
[22:33:13.577][D][bshdbus:061]: Discarding 1 bytes of unparsed data after timeout of 22 ms: 0x0a
[22:33:13.583][D][main:706]: Received frame dest 0x1f cmd 0xe001: 0x0502
[22:33:15.566][D][main:706]: Received frame dest 0x0f cmd 0xe000: 0x05
[22:33:15.592][D][bshdbus:090]: Missed ACK for dest 0x0f of preceding frame
[22:33:15.598][S][sensor]: 'Uptime s' >> 961 s
[22:33:15.609][D][bshdbus:061]: Discarding 1 bytes of unparsed data after timeout of 22 ms: 0x0a
[22:33:15.615][D][main:706]: Received frame dest 0x1f cmd 0xe001: 0x0502
[22:33:16.078][S][sensor]: 'Remaining Time (Smoothed)' >> nan min
[22:33:16.582][S][sensor]: 'ESP Internal Temperature' >> 53.3 °C
[22:33:17.575][D][main:706]: Received frame dest 0x0f cmd 0xe000: 0x05
[22:33:17.583][D][bshdbus:090]: Missed ACK for dest 0x0f of preceding frame
[22:33:17.591][S][text_sensor]: 'Uptime' >> '00d 00h 16m 1s'
[22:33:17.648][D][bshdbus:061]: Discarding 10 bytes of unparsed data after timeout of 32 ms: 0x0a041fe00105020b6f1a
[22:33:18.448][S][sensor]: 'WiFi RSSI' >> -79 dBm
[22:33:19.574][D][main:706]: Received frame dest 0x0f cmd 0xe000: 0x05
[22:33:19.587][D][bshdbus:090]: Missed ACK for dest 0x0f of preceding frame
[22:33:19.615][D][bshdbus:061]: Discarding 10 bytes of unparsed data after timeout of 32 ms: 0x0a041fe00105020b6f1a
[22:33:21.576][D][main:706]: Received frame dest 0x0f cmd 0xe000: 0x05
[22:33:21.582][D][bshdbus:090]: Missed ACK for dest 0x0f of preceding frame
[22:33:21.635][D][bshdbus:061]: Discarding 10 bytes of unparsed data after timeout of 32 ms: 0x0a041fe00105020b6f1a
[22:33:23.586][D][main:706]: Received frame dest 0x0f cmd 0xe000: 0x05
[22:33:23.593][D][bshdbus:090]: Missed ACK for dest 0x0f of preceding frame
[22:33:23.609][D][bshdbus:061]: Discarding 1 bytes of unparsed data after timeout of 26 ms: 0x0a
[22:33:23.622][D][main:706]: Received frame dest 0x1f cmd 0xe001: 0x0502
[22:33:25.577][D][main:706]: Received frame dest 0x0f cmd 0xe000: 0x05
[22:33:25.583][D][bshdbus:090]: Missed ACK for dest 0x0f of preceding frame
[22:33:25.598][D][bshdbus:061]: Discarding 1 bytes of unparsed data after timeout of 24 ms: 0x0a
[22:33:25.638][D][main:706]: Received frame dest 0x1f cmd 0xe001: 0x0502
[22:33:27.588][D][main:706]: Received frame dest 0x0f cmd 0xe000: 0x05
[22:33:27.594][D][bshdbus:090]: Missed ACK for dest 0x0f of preceding frame
[22:33:27.635][D][bshdbus:061]: Discarding 10 bytes of unparsed data after timeout of 32 ms: 0x0a041fe00105020b6f1a
[22:33:29.607][D][main:706]: Received frame dest 0x0f cmd 0xe000: 0x05
[22:33:29.614][D][bshdbus:090]: Missed ACK for dest 0x0f of preceding frame
[22:33:29.624][D][bshdbus:061]: Discarding 1 bytes of unparsed data after timeout of 29 ms: 0x0a
[22:33:29.631][D][main:706]: Received frame dest 0x1f cmd 0xe001: 0x0502
[22:33:31.586][D][main:706]: Received frame dest 0x0f cmd 0xe000: 0x05
[22:33:31.594][D][bshdbus:090]: Missed ACK for dest 0x0f of preceding frame
[22:33:31.612][D][bshdbus:061]: Discarding 1 bytes of unparsed data after timeout of 27 ms: 0x0a
[22:33:31.626][D][main:706]: Received frame dest 0x1f cmd 0xe001: 0x0502
[22:33:33.601][D][main:706]: Received frame dest 0x0f cmd 0xe000: 0x05
[22:33:33.609][D][bshdbus:090]: Missed ACK for dest 0x0f of preceding frame
[22:33:33.625][D][bshdbus:061]: Discarding 1 bytes of unparsed data after timeout of 29 ms: 0x0a
[22:33:33.632][D][main:706]: Received frame dest 0x1f cmd 0xe001: 0x0502
[22:33:35.605][D][main:706]: Received frame dest 0x0f cmd 0xe000: 0x05
[22:33:35.612][D][bshdbus:090]: Missed ACK for dest 0x0f of preceding frame
[22:33:35.625][D][bshdbus:061]: Discarding 1 bytes of unparsed data after timeout of 21 ms: 0x0a
[22:33:35.631][D][main:706]: Received frame dest 0x1f cmd 0xe001: 0x0502
[22:33:37.596][D][main:706]: Received frame dest 0x0f cmd 0xe000: 0x05
[22:33:37.602][D][bshdbus:090]: Missed ACK for dest 0x0f of preceding frame
[22:33:37.616][D][bshdbus:061]: Discarding 1 bytes of unparsed data after timeout of 21 ms: 0x0a
[22:33:37.630][D][main:706]: Received frame dest 0x1f cmd 0xe001: 0x0502
[22:33:39.607][D][main:706]: Received frame dest 0x0f cmd 0xe000: 0x05
[22:33:39.615][D][bshdbus:090]: Missed ACK for dest 0x0f of preceding frame
[22:33:39.643][D][bshdbus:061]: Discarding 1 bytes of unparsed data after timeout of 28 ms: 0x0a
[22:33:39.653][D][main:706]: Received frame dest 0x1f cmd 0xe001: 0x0502
[22:33:41.615][D][main:706]: Received frame dest 0x0f cmd 0xe000: 0x05
[22:33:41.622][D][bshdbus:090]: Missed ACK for dest 0x0f of preceding frame
[22:33:41.669][D][bshdbus:061]: Discarding 10 bytes of unparsed data after timeout of 32 ms: 0x0a041fe00105020b6f1a
[22:33:43.606][D][main:706]: Received frame dest 0x0f cmd 0xe000: 0x05
[22:33:43.619][D][bshdbus:090]: Missed ACK for dest 0x0f of preceding frame
[22:33:43.638][D][bshdbus:061]: Discarding 1 bytes of unparsed data after timeout of 23 ms: 0x0a
[22:33:43.654][D][main:706]: Received frame dest 0x1f cmd 0xe001: 0x0502
[22:33:45.618][D][main:706]: Received frame dest 0x0f cmd 0xe000: 0x05
[22:33:45.637][D][bshdbus:090]: Missed ACK for dest 0x0f of preceding frame
[22:33:45.645][D][bshdbus:061]: Discarding 1 bytes of unparsed data after timeout of 24 ms: 0x0a
[22:33:45.653][D][main:706]: Received frame dest 0x1f cmd 0xe001: 0x0502
[22:33:46.061][S][sensor]: 'Remaining Time (Smoothed)' >> nan min
[22:33:47.640][D][main:706]: Received frame dest 0x0f cmd 0xe000: 0x05
[22:33:47.648][D][bshdbus:090]: Missed ACK for dest 0x0f of preceding frame
[22:33:47.653][D][bshdbus:061]: Discarding 1 bytes of unparsed data after timeout of 21 ms: 0x0a
[22:33:47.658][D][main:706]: Received frame dest 0x1f cmd 0xe001: 0x0502
[22:33:49.616][D][main:706]: Received frame dest 0x0f cmd 0xe000: 0x05
[22:33:49.626][D][bshdbus:090]: Missed ACK for dest 0x0f of preceding frame
[22:33:49.680][D][bshdbus:061]: Discarding 10 bytes of unparsed data after timeout of 32 ms: 0x0a041fe00105020b6f1a
[22:33:51.627][D][main:706]: Received frame dest 0x0f cmd 0xe000: 0x05
[22:33:51.642][D][bshdbus:090]: Missed ACK for dest 0x0f of preceding frame
[22:33:51.676][D][bshdbus:061]: Discarding 10 bytes of unparsed data after timeout of 32 ms: 0x0a041fe00105020b6f1a
[22:33:53.638][D][main:706]: Received frame dest 0x0f cmd 0xe000: 0x05
[22:33:53.645][D][bshdbus:090]: Missed ACK for dest 0x0f of preceding frame
[22:33:53.680][D][bshdbus:061]: Discarding 1 bytes of unparsed data after timeout of 29 ms: 0x0a
[22:33:53.712][D][main:706]: Received frame dest 0x1f cmd 0xe001: 0x0502
[22:33:55.627][D][main:706]: Received frame dest 0x0f cmd 0xe000: 0x05
[22:33:55.633][D][bshdbus:090]: Missed ACK for dest 0x0f of preceding frame
[22:33:55.676][D][bshdbus:061]: Discarding 1 bytes of unparsed data after timeout of 24 ms: 0x0a
[22:33:55.702][D][main:706]: Received frame dest 0x1f cmd 0xe001: 0x0502
